course_title,skills,rating,review_count,level,duration,skills_list,skills_text,filtered_skills,algorithms,business analysis,cloud computing,communication,computer programming,critical thinking,data analysis,data management,decision making,finance,human learning,leadership and management,machine learning,machine learning algorithms,marketing,planning,probability & statistics,problem solving,project management,python programming,risk management,sql,strategy,strategy and operations,writing
Google Cybersecurity,"{"" Network Security"","" Python Programming"","" Linux"","" Cloud Computing"","" Algorithms"","" Audit"","" Computer Programming"","" Computer Security Incident Management"","" Cryptography"","" Databases"","" Leadership and Management"","" Network Architecture"","" Risk Management"","" SQL""}",4.8,16400.0,Beginner , 3 - 6 Months,"['Network Security', 'Python Programming', 'Linux', 'Cloud Computing', 'Algorithms', 'Audit', 'Computer Programming', 'Computer Security Incident Management', 'Cryptography', 'Databases', 'Leadership and Management', 'Network Architecture', 'Risk Management', 'SQL']",network security | python programming | linux | cloud computing | algorithms | audit | computer programming | computer security incident management | cryptography | databases | leadership and management | network architecture | risk management | sql,"['python programming', 'cloud computing', 'algorithms', 'computer programming', 'leadership and management', 'risk management', 'sql']",1,0,1,0,1,0,0,0,0,0,0,1,0,0,0,0,0,0,0,1,1,1,0,0,0
Google Data Analytics,"{"" Data Analysis"","" R Programming"","" SQL"","" Business Communication"","" Spreadsheet Software"","" Business Analysis"","" Data Visualization"","" Data Management"","" General Statistics"","" Big Data"","" Communication"","" Computer Programming"","" Data Science"","" Data Visualization Software"","" Databases"","" Exploratory Data Analysis"","" Extract"","" Transform"","" Load"","" Leadership and Management"","" Microsoft Excel"","" Problem Solving"","" Small Data"","" Statistical Programming"","" Tableau Software""}",4.8,133400.0,Beginner , 3 - 6 Months,"['Data Analysis', 'R Programming', 'SQL', 'Business Communication', 'Spreadsheet Software', 'Business Analysis', 'Data Visualization', 'Data Management', 'General Statistics', 'Big Data', 'Communication', 'Computer Programming', 'Data Science', 'Data Visualization Software', 'Databases', 'Exploratory Data Analysis', 'Extract', 'Transform', 'Load', 'Leadership and Management', 'Microsoft Excel', 'Problem Solving', 'Small Data', 'Statistical Programming', 'Tableau Software']",data analysis | r programming | sql | business communication | spreadsheet software | business analysis | data visualization | data management | general statistics | big data | communication | computer programming | data science | data visualization software | databases | exploratory data analysis | extract | transform | load | leadership and management | microsoft excel | problem solving | small data | statistical programming | tableau software,"['data analysis', 'sql', 'business analysis', 'data management', 'communication', 'computer programming', 'leadership and management', 'problem solving']",0,1,0,1,1,0,1,1,0,0,0,1,0,0,0,0,0,1,0,0,0,1,0,0,0
Google Project Management:,"{"" Project Management"","" Strategy and Operations"","" Leadership and Management"","" Communication"","" Business Communication"","" Collaboration"","" Agile Software Development"","" Software Engineering"","" Entrepreneurship"","" Scrum (Software Development)"","" Planning"","" Supply Chain and Logistics"","" Change Management"","" Finance"","" Organizational Development"","" Product Management"","" Risk Management"","" Budget Management"","" Influencing"","" Culture"","" Emotional Intelligence"","" People Management"","" Problem Solving"","" Procurement""}",4.8,97300.0,Beginner , 3 - 6 Months,"['Project Management', 'Strategy and Operations', 'Leadership and Management', 'Communication', 'Business Communication', 'Collaboration', 'Agile Software Development', 'Software Engineering', 'Entrepreneurship', 'Scrum (Software Development)', 'Planning', 'Supply Chain and Logistics', 'Change Management', 'Finance', 'Organizational Development', 'Product Management', 'Risk Management', 'Budget Management', 'Influencing', 'Culture', 'Emotional Intelligence', 'People Management', 'Problem Solving', 'Procurement']",project management | strategy and operations | leadership and management | communication | business communication | collaboration | agile software development | software engineering | entrepreneurship | scrum (software development) | planning | supply chain and logistics | change management | finance | organizational development | product management | risk management | budget management | influencing | culture | emotional intelligence | people management | problem solving | procurement,"['project management', 'strategy and operations', 'leadership and management', 'communication', 'planning', 'finance', 'risk management', 'problem solving']",0,0,0,1,0,0,0,0,0,1,0,1,0,0,0,1,0,1,1,0,1,0,0,1,0
Google Digital Marketing & E-commerce,"{"" Digital Marketing"","" Marketing"","" Marketing Management"","" Media Strategy & Planning"","" Sales"","" E-Commerce"","" Data Analysis"","" Social Media"","" Search Engine Optimization"","" Advertising"","" Communication"","" Persona Research"","" Strategy"","" Web Design"","" Web Development"","" Web Development Tools"","" Writing"","" Data Management"","" Market Analysis""}",4.8,21400.0,Beginner , 3 - 6 Months,"['Digital Marketing', 'Marketing', 'Marketing Management', 'Media Strategy & Planning', 'Sales', 'E-Commerce', 'Data Analysis', 'Social Media', 'Search Engine Optimization', 'Advertising', 'Communication', 'Persona Research', 'Strategy', 'Web Design', 'Web Development', 'Web Development Tools', 'Writing', 'Data Management', 'Market Analysis']",digital marketing | marketing | marketing management | media strategy & planning | sales | e-commerce | data analysis | social media | search engine optimization | advertising | communication | persona research | strategy | web design | web development | web development tools | writing | data management | market analysis,"['marketing', 'data analysis', 'communication', 'strategy', 'writing', 'data management']",0,0,0,1,0,0,1,1,0,0,0,0,0,0,1,0,0,0,0,0,0,0,1,0,1
Google IT Support,"{"" Computer Networking"","" Network Architecture"","" Network Model"","" Networking Hardware"","" Network Analysis"","" Computer Architecture"","" Critical Thinking"","" Problem Solving"","" Communication"","" Human Computer Interaction"","" Network Security"","" Linux"","" System Security"","" Cloud Computing"","" Computer Programming"","" Customer Support"","" Cryptography"","" Leadership and Management"","" Operating Systems""}",4.8,181400.0,Beginner , 3 - 6 Months,"['Computer Networking', 'Network Architecture', 'Network Model', 'Networking Hardware', 'Network Analysis', 'Computer Architecture', 'Critical Thinking', 'Problem Solving', 'Communication', 'Human Computer Interaction', 'Network Security', 'Linux', 'System Security', 'Cloud Computing', 'Computer Programming', 'Customer Support', 'Cryptography', 'Leadership and Management', 'Operating Systems']",computer networking | network architecture | network model | networking hardware | network analysis | computer architecture | critical thinking | problem solving | communication | human computer interaction | network security | linux | system security | cloud computing | computer programming | customer support | cryptography | leadership and management | operating systems,"['critical thinking', 'problem solving', 'communication', 'cloud computing', 'computer programming', 'leadership and management']",0,0,1,1,1,1,0,0,0,0,0,1,0,0,0,0,0,1,0,0,0,0,0,0,0
IBM Data Science,"{"" Python Programming"","" Data Science"","" Machine Learning"","" Data Analysis"","" Data Visualization"","" Algorithms"","" Human Learning"","" Statistical Programming"","" Decision Making"","" Machine Learning Algorithms"","" Statistical Machine Learning"","" Statistical Visualization"","" Computational Thinking"","" Computer Programming"","" Data Management"","" Data Mining"","" Database Design"","" Exploratory Data Analysis"","" Plot (Graphics)"","" Applied Machine Learning"","" Customer Analysis"","" R Programming"","" Data Model"","" Database Application"","" Database Theory"","" Databases"","" Deep Learning"","" SQL"","" General Statistics"","" Probability & Statistics"","" Regression"","" Reinforcement Learning"","" Big Data"","" Cloud Computing"","" IBM Cloud"","" Writing""}",4.6,118900.0,Beginner , 3 - 6 Months,"['Python Programming', 'Data Science', 'Machine Learning', 'Data Analysis', 'Data Visualization', 'Algorithms', 'Human Learning', 'Statistical Programming', 'Decision Making', 'Machine Learning Algorithms', 'Statistical Machine Learning', 'Statistical Visualization', 'Computational Thinking', 'Computer Programming', 'Data Management', 'Data Mining', 'Database Design', 'Exploratory Data Analysis', 'Plot (Graphics)', 'Applied Machine Learning', 'Customer Analysis', 'R Programming', 'Data Model', 'Database Application', 'Database Theory', 'Databases', 'Deep Learning', 'SQL', 'General Statistics', 'Probability & Statistics', 'Regression', 'Reinforcement Learning', 'Big Data', 'Cloud Computing', 'IBM Cloud', 'Writing']",python programming | data science | machine learning | data analysis | data visualization | algorithms | human learning | statistical programming | decision making | machine learning algorithms | statistical machine learning | statistical visualization | computational thinking | computer programming | data management | data mining | database design | exploratory data analysis | plot (graphics) | applied machine learning | customer analysis | r programming | data model | database application | database theory | databases | deep learning | sql | general statistics | probability & statistics | regression | reinforcement learning | big data | cloud computing | ibm cloud | writing,"['python programming', 'machine learning', 'data analysis', 'algorithms', 'human learning', 'decision making', 'machine learning algorithms', 'computer programming', 'data management', 'sql', 'probability & statistics', 'cloud computing', 'writing']",1,0,1,0,1,0,1,1,1,0,1,0,1,1,0,0,1,0,0,1,0,1,0,0,1
Google UX Design,"{"" User Experience"","" User Experience Design"","" User Research"","" Audit"","" Collaboration"","" Human Computer Interaction"","" Planning"","" Product Design"","" Product Development"","" Social Media"","" Web Design"","" Web Development Tools""}",4.8,73700.0,Beginner , 3 - 6 Months,"['User Experience', 'User Experience Design', 'User Research', 'Audit', 'Collaboration', 'Human Computer Interaction', 'Planning', 'Product Design', 'Product Development', 'Social Media', 'Web Design', 'Web Development Tools']",user experience | user experience design | user research | audit | collaboration | human computer interaction | planning | product design | product development | social media | web design | web development tools,['planning'],0,0,0,0,0,0,0,0,0,0,0,0,0,0,0,1,0,0,0,0,0,0,0,0,0
IBM Data Analyst,"{"" Python Programming"","" Data Visualization"","" Microsoft Excel"","" Spreadsheet Software"","" Data Analysis"","" Statistical Visualization"","" Plot (Graphics)"","" Statistical Programming"","" Databases"","" SQL"","" Data Management"","" Exploratory Data Analysis"","" Machine Learning"","" Business Analysis"","" Computational Thinking"","" Computer Programming"","" Database Application"","" Database Design"","" Database Theory"","" Data Mining"","" Data Science"","" General Statistics"","" NoSQL"","" R Programming"","" Cloud Computing"","" Data Visualization Software"","" IBM Cloud"","" Interactive Data Visualization"","" Machine Learning Algorithms"","" Probability & Statistics"","" Regression""}",4.6,71500.0,Beginner , 3 - 6 Months,"['Python Programming', 'Data Visualization', 'Microsoft Excel', 'Spreadsheet Software', 'Data Analysis', 'Statistical Visualization', 'Plot (Graphics)', 'Statistical Programming', 'Databases', 'SQL', 'Data Management', 'Exploratory Data Analysis', 'Machine Learning', 'Business Analysis', 'Computational Thinking', 'Computer Programming', 'Database Application', 'Database Design', 'Database Theory', 'Data Mining', 'Data Science', 'General Statistics', 'NoSQL', 'R Programming', 'Cloud Computing', 'Data Visualization Software', 'IBM Cloud', 'Interactive Data Visualization', 'Machine Learning Algorithms', 'Probability & Statistics', 'Regression']",python programming | data visualization | microsoft excel | spreadsheet software | data analysis | statistical visualization | plot (graphics) | statistical programming | databases | sql | data management | exploratory data analysis | machine learning | business analysis | computational thinking | computer programming | database application | database design | database theory | data mining | data science | general statistics | nosql | r programming | cloud computing | data visualization software | ibm cloud | interactive data visualization | machine learning algorithms | probability & statistics | regression,"['python programming', 'data analysis', 'sql', 'data management', 'machine learning', 'business analysis', 'computer programming', 'cloud computing', 'machine learning algorithms', 'probability & statistics']",0,1,1,0,1,0,1,1,0,0,0,0,1,1,0,0,1,0,0,1,0,1,0,0,0
Machine Learning,"{"" Machine Learning"","" Machine Learning Algorithms"","" Applied Machine Learning"","" Algorithms"","" Deep Learning"","" Machine Learning Software"","" Artificial Neural Networks"","" Human Learning"","" Statistical Machine Learning"","" Python Programming"","" Regression"","" Mathematics"","" Tensorflow"","" Critical Thinking"","" Network Model"","" Reinforcement Learning""}",4.9,17700.0,Beginner , 1 - 3 Months,"['Machine Learning', 'Machine Learning Algorithms', 'Applied Machine Learning', 'Algorithms', 'Deep Learning', 'Machine Learning Software', 'Artificial Neural Networks', 'Human Learning', 'Statistical Machine Learning', 'Python Programming', 'Regression', 'Mathematics', 'Tensorflow', 'Critical Thinking', 'Network Model', 'Reinforcement Learning']",machine learning | machine learning algorithms | applied machine learning | algorithms | deep learning | machine learning software | artificial neural networks | human learning | statistical machine learning | python programming | regression | mathematics | tensorflow | critical thinking | network model | reinforcement learning,"['machine learning', 'machine learning algorithms', 'algorithms', 'human learning', 'python programming', 'critical thinking']",1,0,0,0,0,1,0,0,0,0,1,0,1,1,0,0,0,0,0,1,0,0,0,0,0
Introduction to Data Science,"{"" Data Science"","" Python Programming"","" Data Analysis"","" Data Management"","" R Programming"","" Computational Thinking"","" Computer Programming"","" Data Mining"","" Database Application"","" Database Design"","" Database Theory"","" Databases"","" SQL"","" Data Model"","" Machine Learning"","" Statistical Machine Learning"","" Big Data"","" Cloud Computing"","" Deep Learning"","" IBM Cloud"","" Regression"","" Writing""}",4.6,85000.0,Beginner , 3 - 6 Months,"['Data Science', 'Python Programming', 'Data Analysis', 'Data Management', 'R Programming', 'Computational Thinking', 'Computer Programming', 'Data Mining', 'Database Application', 'Database Design', 'Database Theory', 'Databases', 'SQL', 'Data Model', 'Machine Learning', 'Statistical Machine Learning', 'Big Data', 'Cloud Computing', 'Deep Learning', 'IBM Cloud', 'Regression', 'Writing']",data science | python programming | data analysis | data management | r programming | computational thinking | computer programming | data mining | database application | database design | database theory | databases | sql | data model | machine learning | statistical machine learning | big data | cloud computing | deep learning | ibm cloud | regression | writing,"['python programming', 'data analysis', 'data management', 'computer programming', 'sql', 'machine learning', 'cloud computing', 'writing']",0,0,1,0,1,0,1,1,0,0,0,0,1,0,0,0,0,0,0,1,0,1,0,0,1
Generative AI for Everyone,"{"" Strategy"","" Writing""}",4.9,188.0,Beginner , 1 - 4 Weeks,"['Strategy', 'Writing']",strategy | writing,"['strategy', 'writing']",0,0,0,0,0,0,0,0,0,0,0,0,0,0,0,0,0,0,0,0,0,0,1,0,1
IBM DevOps and Software Engineering,"{"" DevOps"","" Software Engineering"","" Cloud Computing"","" Computer Programming"","" Application Development"","" Python Programming"","" Software Architecture"","" Cloud Applications"","" Continuous Delivery"","" Continuous Integration"","" Software Engineering Tools"","" Agile Software Development"","" Programming Principles"","" Security Engineering"","" Software Testing"","" Cloud Infrastructure"","" Kubernetes"","" Cloud-Based Integration"","" Microarchitecture"","" Cloud Platforms"","" Communication"","" IBM Cloud"","" Scrum (Software Development)"","" Software Security"","" Cloud Storage"","" Docker (Software)"","" Linux"","" Product Management"","" Software-Defined Networking"","" Collaboration"","" Leadership and Management"","" Data Analysis"","" Mergers & Acquisitions""}",4.6,43200.0,Beginner , 3 - 6 Months,"['DevOps', 'Software Engineering', 'Cloud Computing', 'Computer Programming', 'Application Development', 'Python Programming', 'Software Architecture', 'Cloud Applications', 'Continuous Delivery', 'Continuous Integration', 'Software Engineering Tools', 'Agile Software Development', 'Programming Principles', 'Security Engineering', 'Software Testing', 'Cloud Infrastructure', 'Kubernetes', 'Cloud-Based Integration', 'Microarchitecture', 'Cloud Platforms', 'Communication', 'IBM Cloud', 'Scrum (Software Development)', 'Software Security', 'Cloud Storage', 'Docker (Software)', 'Linux', 'Product Management', 'Software-Defined Networking', 'Collaboration', 'Leadership and Management', 'Data Analysis', 'Mergers & Acquisitions']",devops | software engineering | cloud computing | computer programming | application development | python programming | software architecture | cloud applications | continuous delivery | continuous integration | software engineering tools | agile software development | programming principles | security engineering | software testing | cloud infrastructure | kubernetes | cloud-based integration | microarchitecture | cloud platforms | communication | ibm cloud | scrum (software development) | software security | cloud storage | docker (software) | linux | product management | software-defined networking | collaboration | leadership and management | data analysis | mergers & acquisitions,"['cloud computing', 'computer programming', 'python programming', 'communication', 'leadership and management', 'data analysis']",0,0,1,1,1,0,1,0,0,0,0,1,0,0,0,0,0,0,0,1,0,0,0,0,0
IBM Full Stack Software Developer,"{"" Cloud Computing"","" Python Programming"","" Cloud Applications"","" Computer Programming"","" IBM Cloud"","" Application Development"","" Cloud Infrastructure"","" DevOps"","" Web Development"","" Cloud Management"","" Cloud Platforms"","" Javascript"","" Software Architecture"","" Cloud API"","" Cloud Storage"","" Cloud-Based Integration"","" Full-Stack Web Development"","" Software Engineering"","" Continuous Delivery"","" Continuous Integration"","" Docker (Software)"","" Software As A Service"","" Web Development Tools"","" Microarchitecture"","" Django (Web Framework)"","" Database Application"","" Databases"","" Kubernetes"","" SQL"","" Software Engineering Tools"","" Data Management"","" NoSQL"","" Collaboration"","" Computer Science"","" Data Analysis"","" Leadership and Management"","" Mergers & Acquisitions"","" React (web framework)""}",4.6,41200.0,Beginner , 3 - 6 Months,"['Cloud Computing', 'Python Programming', 'Cloud Applications', 'Computer Programming', 'IBM Cloud', 'Application Development', 'Cloud Infrastructure', 'DevOps', 'Web Development', 'Cloud Management', 'Cloud Platforms', 'Javascript', 'Software Architecture', 'Cloud API', 'Cloud Storage', 'Cloud-Based Integration', 'Full-Stack Web Development', 'Software Engineering', 'Continuous Delivery', 'Continuous Integration', 'Docker (Software)', 'Software As A Service', 'Web Development Tools', 'Microarchitecture', 'Django (Web Framework)', 'Database Application', 'Databases', 'Kubernetes', 'SQL', 'Software Engineering Tools', 'Data Management', 'NoSQL', 'Collaboration', 'Computer Science', 'Data Analysis', 'Leadership and Management', 'Mergers & Acquisitions', 'React (web framework)']",cloud computing | python programming | cloud applications | computer programming | ibm cloud | application development | cloud infrastructure | devops | web development | cloud management | cloud platforms | javascript | software architecture | cloud api | cloud storage | cloud-based integration | full-stack web development | software engineering | continuous delivery | continuous integration | docker (software) | software as a service | web development tools | microarchitecture | django (web framework) | database application | databases | kubernetes | sql | software engineering tools | data management | nosql | collaboration | computer science | data analysis | leadership and management | mergers & acquisitions | react (web framework),"['cloud computing', 'python programming', 'computer programming', 'sql', 'data management', 'data analysis', 'leadership and management']",0,0,1,0,1,0,1,1,0,0,0,1,0,0,0,0,0,0,0,1,0,1,0,0,0
Key Technologies for Business,"{"" Algorithms"","" Applied Machine Learning"","" Artificial Neural Networks"","" Computer Vision"","" Deep Learning"","" Human Learning"","" Machine Learning"","" Machine Learning Algorithms"","" Machine Learning Software"","" Cloud Computing"","" Data Science"","" Data Analysis"","" Big Data"","" Data Mining"","" Cloud Applications"","" Cloud Infrastructure"","" Cloud Platforms"","" Cloud Storage"","" DevOps"","" IBM Cloud"","" Regression"","" Writing""}",4.7,81500.0,Beginner , 1 - 3 Months,"['Algorithms', 'Applied Machine Learning', 'Artificial Neural Networks', 'Computer Vision', 'Deep Learning', 'Human Learning', 'Machine Learning', 'Machine Learning Algorithms', 'Machine Learning Software', 'Cloud Computing', 'Data Science', 'Data Analysis', 'Big Data', 'Data Mining', 'Cloud Applications', 'Cloud Infrastructure', 'Cloud Platforms', 'Cloud Storage', 'DevOps', 'IBM Cloud', 'Regression', 'Writing']",algorithms | applied machine learning | artificial neural networks | computer vision | deep learning | human learning | machine learning | machine learning algorithms | machine learning software | cloud computing | data science | data analysis | big data | data mining | cloud applications | cloud infrastructure | cloud platforms | cloud storage | devops | ibm cloud | regression | writing,"['algorithms', 'human learning', 'machine learning', 'machine learning algorithms', 'cloud computing', 'data analysis', 'writing']",1,0,1,0,0,0,1,0,0,0,1,0,1,1,0,0,0,0,0,0,0,0,0,0,1
Data Science Fundamentals with Python and SQL,"{"" Python Programming"","" Data Analysis"","" General Statistics"","" Probability & Statistics"","" Basic Descriptive Statistics"","" Statistical Analysis"","" Statistical Tests"","" Mathematical Theory & Analysis"","" Statistical Programming"","" Computer Programming"","" Data Science"","" Plot (Graphics)"","" R Programming"","" Computational Thinking"","" Data Management"","" Database Application"","" Database Design"","" Database Theory"","" Databases"","" SQL"","" Cloud Computing"","" IBM Cloud""}",4.6,59200.0,Beginner , 3 - 6 Months,"['Python Programming', 'Data Analysis', 'General Statistics', 'Probability & Statistics', 'Basic Descriptive Statistics', 'Statistical Analysis', 'Statistical Tests', 'Mathematical Theory & Analysis', 'Statistical Programming', 'Computer Programming', 'Data Science', 'Plot (Graphics)', 'R Programming', 'Computational Thinking', 'Data Management', 'Database Application', 'Database Design', 'Database Theory', 'Databases', 'SQL', 'Cloud Computing', 'IBM Cloud']",python programming | data analysis | general statistics | probability & statistics | basic descriptive statistics | statistical analysis | statistical tests | mathematical theory & analysis | statistical programming | computer programming | data science | plot (graphics) | r programming | computational thinking | data management | database application | database design | database theory | databases | sql | cloud computing | ibm cloud,"['python programming', 'data analysis', 'probability & statistics', 'computer programming', 'data management', 'sql', 'cloud computing']",0,0,1,0,1,0,1,1,0,0,0,0,0,0,0,0,1,0,0,1,0,1,0,0,0
IBM & Darden Digital Strategy,"{"" Business Analysis"","" Business Transformation"","" Strategy"","" Cloud Computing"","" Data Analysis"","" Strategy and Operations"","" Applied Machine Learning"","" Entrepreneurship"","" Leadership and Management"","" Algorithms"","" Artificial Neural Networks"","" Computer Vision"","" Deep Learning"","" Human Learning"","" Innovation"","" Machine Learning"","" Machine Learning Algorithms"","" Machine Learning Software"","" Marketing"","" Sales"","" Data Visualization"","" Research and Design"","" Business Design"","" Business Development"","" Customer Analysis"","" Product Strategy"","" Market Analysis"","" Data Management"","" Data Mining"","" Databases"","" Python Programming"","" SQL"","" Cloud Applications"","" Cloud Infrastructure"","" Cloud Platforms"","" Cloud Storage"","" Data Science"","" DevOps"","" IBM Cloud"","" NoSQL"","" R Programming"","" Microsoft Excel""}",4.7,29700.0,Beginner , 3 - 6 Months,"['Business Analysis', 'Business Transformation', 'Strategy', 'Cloud Computing', 'Data Analysis', 'Strategy and Operations', 'Applied Machine Learning', 'Entrepreneurship', 'Leadership and Management', 'Algorithms', 'Artificial Neural Networks', 'Computer Vision', 'Deep Learning', 'Human Learning', 'Innovation', 'Machine Learning', 'Machine Learning Algorithms', 'Machine Learning Software', 'Marketing', 'Sales', 'Data Visualization', 'Research and Design', 'Business Design', 'Business Development', 'Customer Analysis', 'Product Strategy', 'Market Analysis', 'Data Management', 'Data Mining', 'Databases', 'Python Programming', 'SQL', 'Cloud Applications', 'Cloud Infrastructure', 'Cloud Platforms', 'Cloud Storage', 'Data Science', 'DevOps', 'IBM Cloud', 'NoSQL', 'R Programming', 'Microsoft Excel']",business analysis | business transformation | strategy | cloud computing | data analysis | strategy and operations | applied machine learning | entrepreneurship | leadership and management | algorithms | artificial neural networks | computer vision | deep learning | human learning | innovation | machine learning | machine learning algorithms | machine learning software | marketing | sales | data visualization | research and design | business design | business development | customer analysis | product strategy | market analysis | data management | data mining | databases | python programming | sql | cloud applications | cloud infrastructure | cloud platforms | cloud storage | data science | devops | ibm cloud | nosql | r programming | microsoft excel,"['business analysis', 'strategy', 'cloud computing', 'data analysis', 'strategy and operations', 'leadership and management', 'algorithms', 'human learning', 'machine learning', 'machine learning algorithms', 'marketing', 'data management', 'python programming', 'sql']",1,1,1,0,0,0,1,1,0,0,1,1,1,1,1,0,0,0,0,1,0,1,1,1,0
IBM Data Engineering,"{"" Data Management"","" Databases"","" Database Administration"","" Extract"","" Transform"","" Load"","" Big Data"","" SQL"","" Python Programming"","" Apache"","" Database Design"","" Distributed Computing Architecture"","" Data Architecture"","" Database Application"","" NoSQL"","" Data Structures"","" Data Model"","" Data Warehousing"","" Cloud Computing"","" Database Theory"","" Data Engineering"","" Data Visualization"","" Computer Programming"","" Cloud Storage"","" IBM Cloud"","" Data Mining"","" Machine Learning"","" Cloud Applications"","" Data Analysis"","" Leadership and Management"","" Kubernetes"","" Software Architecture"","" PostgreSQL"","" Computational Thinking"","" Business Intelligence"","" Data Visualization Software"","" Linux"","" Network Security"","" Statistical Programming"","" Data Science""}",4.6,46200.0,Beginner , 3 - 6 Months,"['Data Management', 'Databases', 'Database Administration', 'Extract', 'Transform', 'Load', 'Big Data', 'SQL', 'Python Programming', 'Apache', 'Database Design', 'Distributed Computing Architecture', 'Data Architecture', 'Database Application', 'NoSQL', 'Data Structures', 'Data Model', 'Data Warehousing', 'Cloud Computing', 'Database Theory', 'Data Engineering', 'Data Visualization', 'Computer Programming', 'Cloud Storage', 'IBM Cloud', 'Data Mining', 'Machine Learning', 'Cloud Applications', 'Data Analysis', 'Leadership and Management', 'Kubernetes', 'Software Architecture', 'PostgreSQL', 'Computational Thinking', 'Business Intelligence', 'Data Visualization Software', 'Linux', 'Network Security', 'Statistical Programming', 'Data Science']",data management | databases | database administration | extract | transform | load | big data | sql | python programming | apache | database design | distributed computing architecture | data architecture | database application | nosql | data structures | data model | data warehousing | cloud computing | database theory | data engineering | data visualization | computer programming | cloud storage | ibm cloud | data mining | machine learning | cloud applications | data analysis | leadership and management | kubernetes | software architecture | postgresql | computational thinking | business intelligence | data visualization software | linux | network security | statistical programming | data science,"['data management', 'sql', 'python programming', 'cloud computing', 'computer programming', 'machine learning', 'data analysis', 'leadership and management']",0,0,1,0,1,0,1,1,0,0,0,1,1,0,0,0,0,0,0,1,0,1,0,0,0
IBM Data Analytics with Excel and R,"{"" Data Analysis"","" R Programming"","" Computer Programming"","" Data Visualization"","" Data Management"","" Statistical Programming"","" Databases"","" Plot (Graphics)"","" Exploratory Data Analysis"","" Statistical Visualization"","" Data Analysis Software"","" Data Structures"","" Statistical Analysis"","" Microsoft Excel"","" SQL"","" Basic Descriptive Statistics"","" General Statistics"","" Interactive Data Visualization"","" Database Application"","" Extract"","" Transform"","" Load"","" Spreadsheet Software"","" Visualization (Computer Graphics)"","" Programming Principles"","" Regression"","" Database Administration"","" Database Design"","" Database Theory"","" Computer Programming Tools"","" Correlation And Dependence"","" Data Mining"","" Data Visualization Software"","" Statistical Machine Learning"","" Visual Design"","" Business Analysis"","" Python Programming"","" Data Science"","" NoSQL""}",4.7,19900.0,Beginner , 3 - 6 Months,"['Data Analysis', 'R Programming', 'Computer Programming', 'Data Visualization', 'Data Management', 'Statistical Programming', 'Databases', 'Plot (Graphics)', 'Exploratory Data Analysis', 'Statistical Visualization', 'Data Analysis Software', 'Data Structures', 'Statistical Analysis', 'Microsoft Excel', 'SQL', 'Basic Descriptive Statistics', 'General Statistics', 'Interactive Data Visualization', 'Database Application', 'Extract', 'Transform', 'Load', 'Spreadsheet Software', 'Visualization (Computer Graphics)', 'Programming Principles', 'Regression', 'Database Administration', 'Database Design', 'Database Theory', 'Computer Programming Tools', 'Correlation And Dependence', 'Data Mining', 'Data Visualization Software', 'Statistical Machine Learning', 'Visual Design', 'Business Analysis', 'Python Programming', 'Data Science', 'NoSQL']",data analysis | r programming | computer programming | data visualization | data management | statistical programming | databases | plot (graphics) | exploratory data analysis | statistical visualization | data analysis software | data structures | statistical analysis | microsoft excel | sql | basic descriptive statistics | general statistics | interactive data visualization | database application | extract | transform | load | spreadsheet software | visualization (computer graphics) | programming principles | regression | database administration | database design | database theory | computer programming tools | correlation and dependence | data mining | data visualization software | statistical machine learning | visual design | business analysis | python programming | data science | nosql,"['data analysis', 'computer programming', 'data management', 'sql', 'business analysis', 'python programming']",0,1,0,0,1,0,1,1,0,0,0,0,0,0,0,0,0,0,0,1,0,1,0,0,0
Data Analysis and Visualization Foundations,"{"" Microsoft Excel"","" Spreadsheet Software"","" Data Visualization"","" Data Analysis"","" Plot (Graphics)"","" Databases"","" Python Programming"","" SQL"","" Statistical Visualization"","" Business Analysis"","" Data Management"","" Data Mining"","" Data Science"","" Interactive Data Visualization"","" NoSQL"","" R Programming"","" Data Visualization Software""}",4.7,19300.0,Beginner , 3 - 6 Months,"['Microsoft Excel', 'Spreadsheet Software', 'Data Visualization', 'Data Analysis', 'Plot (Graphics)', 'Databases', 'Python Programming', 'SQL', 'Statistical Visualization', 'Business Analysis', 'Data Management', 'Data Mining', 'Data Science', 'Interactive Data Visualization', 'NoSQL', 'R Programming', 'Data Visualization Software']",microsoft excel | spreadsheet software | data visualization | data analysis | plot (graphics) | databases | python programming | sql | statistical visualization | business analysis | data management | data mining | data science | interactive data visualization | nosql | r programming | data visualization software,"['data analysis', 'python programming', 'sql', 'business analysis', 'data management']",0,1,0,0,0,0,1,1,0,0,0,0,0,0,0,0,0,0,0,1,0,1,0,0,0
Deep Learning,"{"" Machine Learning"","" Deep Learning"","" Artificial Neural Networks"","" Machine Learning Algorithms"","" Applied Machine Learning"","" Python Programming"","" Machine Learning Software"","" Network Model"","" Algorithms"","" Computer Programming"","" Computer Vision"","" Network Architecture"","" Natural Language Processing"","" Tensorflow"","" Human Learning"","" Data Analysis"","" Exploratory Data Analysis"","" Organizational Development"","" Strategy"","" Mathematics"","" Mathematical Theory & Analysis"","" Linear Algebra"","" Regression"","" Calculus""}",4.8,141500.0,Intermediate , 3 - 6 Months,"['Machine Learning', 'Deep Learning', 'Artificial Neural Networks', 'Machine Learning Algorithms', 'Applied Machine Learning', 'Python Programming', 'Machine Learning Software', 'Network Model', 'Algorithms', 'Computer Programming', 'Computer Vision', 'Network Architecture', 'Natural Language Processing', 'Tensorflow', 'Human Learning', 'Data Analysis', 'Exploratory Data Analysis', 'Organizational Development', 'Strategy', 'Mathematics', 'Mathematical Theory & Analysis', 'Linear Algebra', 'Regression', 'Calculus']",machine learning | deep learning | artificial neural networks | machine learning algorithms | applied machine learning | python programming | machine learning software | network model | algorithms | computer programming | computer vision | network architecture | natural language processing | tensorflow | human learning | data analysis | exploratory data analysis | organizational development | strategy | mathematics | mathematical theory & analysis | linear algebra | regression | calculus,"['machine learning', 'machine learning algorithms', 'python programming', 'algorithms', 'computer programming', 'human learning', 'data analysis', 'strategy']",1,0,0,0,1,0,1,0,0,0,1,0,1,1,0,0,0,0,0,1,0,0,1,0,0
IBM AI Foundations for Business,"{"" Machine Learning"","" Data Analysis"","" Applied Machine Learning"","" Data Management"","" Leadership and Management"","" Machine Learning Algorithms"","" Algorithms"","" Artificial Neural Networks"","" Business Process Management"","" Computer Vision"","" Data Architecture"","" Deep Learning"","" Human Learning"","" Machine Learning Software"","" Data Science"","" Strategy and Operations"","" Business Transformation"","" Cloud Computing"","" Strategy"","" Big Data"","" Data Mining"","" Innovation"","" Regression"","" Writing""}",4.7,77200.0,Beginner , 1 - 3 Months,"['Machine Learning', 'Data Analysis', 'Applied Machine Learning', 'Data Management', 'Leadership and Management', 'Machine Learning Algorithms', 'Algorithms', 'Artificial Neural Networks', 'Business Process Management', 'Computer Vision', 'Data Architecture', 'Deep Learning', 'Human Learning', 'Machine Learning Software', 'Data Science', 'Strategy and Operations', 'Business Transformation', 'Cloud Computing', 'Strategy', 'Big Data', 'Data Mining', 'Innovation', 'Regression', 'Writing']",machine learning | data analysis | applied machine learning | data management | leadership and management | machine learning algorithms | algorithms | artificial neural networks | business process management | computer vision | data architecture | deep learning | human learning | machine learning software | data science | strategy and operations | business transformation | cloud computing | strategy | big data | data mining | innovation | regression | writing,"['machine learning', 'data analysis', 'data management', 'leadership and management', 'machine learning algorithms', 'algorithms', 'human learning', 'strategy and operations', 'cloud computing', 'strategy', 'writing']",1,0,1,0,0,0,1,1,0,0,1,1,1,1,0,0,0,0,0,0,0,0,1,1,1
Data Engineering Foundations,"{"" Data Management"","" Python Programming"","" Databases"","" Data Structures"","" Data Engineering"","" Database Application"","" SQL"","" Database Administration"","" Database Design"","" Extract"","" Transform"","" Load"","" Computer Programming"","" Data Architecture"","" Database Theory"","" Data Mining"","" Data Model"","" Data Analysis"","" Leadership and Management"","" Computational Thinking"","" Data Warehousing"","" PostgreSQL"","" Big Data"","" IBM Cloud"","" Network Security"","" NoSQL"","" Cloud Computing"","" Data Science""}",4.6,45100.0,Beginner , 3 - 6 Months,"['Data Management', 'Python Programming', 'Databases', 'Data Structures', 'Data Engineering', 'Database Application', 'SQL', 'Database Administration', 'Database Design', 'Extract', 'Transform', 'Load', 'Computer Programming', 'Data Architecture', 'Database Theory', 'Data Mining', 'Data Model', 'Data Analysis', 'Leadership and Management', 'Computational Thinking', 'Data Warehousing', 'PostgreSQL', 'Big Data', 'IBM Cloud', 'Network Security', 'NoSQL', 'Cloud Computing', 'Data Science']",data management | python programming | databases | data structures | data engineering | database application | sql | database administration | database design | extract | transform | load | computer programming | data architecture | database theory | data mining | data model | data analysis | leadership and management | computational thinking | data warehousing | postgresql | big data | ibm cloud | network security | nosql | cloud computing | data science,"['data management', 'python programming', 'sql', 'computer programming', 'data analysis', 'leadership and management', 'cloud computing']",0,0,1,0,1,0,1,1,0,0,0,1,0,0,0,0,0,0,0,1,0,1,0,0,0
IBM Back-End Development,"{"" Application Development"","" Software Engineering"","" Python Programming"","" Computer Programming"","" Software Architecture"","" DevOps"","" Software Engineering Tools"","" Cloud Applications"","" Cloud Computing"","" Security Engineering"","" Programming Principles"","" Web Development"","" Cloud Infrastructure"","" Cloud-Based Integration"","" Microarchitecture"","" Agile Software Development"","" Communication"","" IBM Cloud"","" Kubernetes"","" Software Security"","" Data Management"","" Database Application"","" Databases"","" Docker (Software)"","" Linux"","" Product Management"","" SQL"","" Software-Defined Networking"","" Collaboration"","" Django (Web Framework)"","" Leadership and Management"","" Data Analysis"","" Mergers & Acquisitions""}",4.6,36700.0,Beginner , 3 - 6 Months,"['Application Development', 'Software Engineering', 'Python Programming', 'Computer Programming', 'Software Architecture', 'DevOps', 'Software Engineering Tools', 'Cloud Applications', 'Cloud Computing', 'Security Engineering', 'Programming Principles', 'Web Development', 'Cloud Infrastructure', 'Cloud-Based Integration', 'Microarchitecture', 'Agile Software Development', 'Communication', 'IBM Cloud', 'Kubernetes', 'Software Security', 'Data Management', 'Database Application', 'Databases', 'Docker (Software)', 'Linux', 'Product Management', 'SQL', 'Software-Defined Networking', 'Collaboration', 'Django (Web Framework)', 'Leadership and Management', 'Data Analysis', 'Mergers & Acquisitions']",application development | software engineering | python programming | computer programming | software architecture | devops | software engineering tools | cloud applications | cloud computing | security engineering | programming principles | web development | cloud infrastructure | cloud-based integration | microarchitecture | agile software development | communication | ibm cloud | kubernetes | software security | data management | database application | databases | docker (software) | linux | product management | sql | software-defined networking | collaboration | django (web framework) | leadership and management | data analysis | mergers & acquisitions,"['python programming', 'computer programming', 'cloud computing', 'communication', 'data management', 'sql', 'leadership and management', 'data analysis']",0,0,1,1,1,0,1,1,0,0,0,1,0,0,0,0,0,0,0,1,0,1,0,0,0
Applied Data Science,"{"" Python Programming"","" Data Visualization"","" Statistical Programming"","" Data Analysis"","" Machine Learning"","" Statistical Visualization"","" Plot (Graphics)"","" Algorithms"","" Computer Programming"","" Data Science"","" Exploratory Data Analysis"","" General Statistics"","" Machine Learning Algorithms"","" Probability & Statistics"","" Regression""}",4.6,48500.0,Beginner , 3 - 6 Months,"['Python Programming', 'Data Visualization', 'Statistical Programming', 'Data Analysis', 'Machine Learning', 'Statistical Visualization', 'Plot (Graphics)', 'Algorithms', 'Computer Programming', 'Data Science', 'Exploratory Data Analysis', 'General Statistics', 'Machine Learning Algorithms', 'Probability & Statistics', 'Regression']",python programming | data visualization | statistical programming | data analysis | machine learning | statistical visualization | plot (graphics) | algorithms | computer programming | data science | exploratory data analysis | general statistics | machine learning algorithms | probability & statistics | regression,"['python programming', 'data analysis', 'machine learning', 'algorithms', 'computer programming', 'machine learning algorithms', 'probability & statistics']",1,0,0,0,1,0,1,0,0,0,0,0,1,1,0,0,1,0,0,1,0,0,0,0,0
IBM Applied AI,"{"" Machine Learning"","" Deep Learning"","" Machine Learning Algorithms"","" Artificial Neural Networks"","" Python Programming"","" Cloud Computing"","" Computer Vision"","" Human Learning"","" IBM Cloud"","" Applied Machine Learning"","" Algorithms"","" Cloud API"","" Machine Learning Software"","" Natural Language Processing"","" Human Computer Interaction"","" Computer Programming"","" Cloud Applications"","" Computer Programming Tools"","" Application Development"","" Visualization (Computer Graphics)"","" Data Analysis"","" Software As A Service"","" User Experience Design"","" Data Science""}",4.6,46200.0,Beginner , 3 - 6 Months,"['Machine Learning', 'Deep Learning', 'Machine Learning Algorithms', 'Artificial Neural Networks', 'Python Programming', 'Cloud Computing', 'Computer Vision', 'Human Learning', 'IBM Cloud', 'Applied Machine Learning', 'Algorithms', 'Cloud API', 'Machine Learning Software', 'Natural Language Processing', 'Human Computer Interaction', 'Computer Programming', 'Cloud Applications', 'Computer Programming Tools', 'Application Development', 'Visualization (Computer Graphics)', 'Data Analysis', 'Software As A Service', 'User Experience Design', 'Data Science']",machine learning | deep learning | machine learning algorithms | artificial neural networks | python programming | cloud computing | computer vision | human learning | ibm cloud | applied machine learning | algorithms | cloud api | machine learning software | natural language processing | human computer interaction | computer programming | cloud applications | computer programming tools | application development | visualization (computer graphics) | data analysis | software as a service | user experience design | data science,"['machine learning', 'machine learning algorithms', 'python programming', 'cloud computing', 'human learning', 'algorithms', 'computer programming', 'data analysis']",1,0,1,0,1,0,1,0,0,0,1,0,1,1,0,0,0,0,0,1,0,0,0,0,0
Excel Skills for Business,"{"" Spreadsheet Software"","" Business Analysis"","" Microsoft Excel"","" Data Analysis"","" Plot (Graphics)"","" Data Visualization"","" Data Model"","" Databases"","" Finance"","" Leadership and Management""}",4.9,59000.0,Beginner , 3 - 6 Months,"['Spreadsheet Software', 'Business Analysis', 'Microsoft Excel', 'Data Analysis', 'Plot (Graphics)', 'Data Visualization', 'Data Model', 'Databases', 'Finance', 'Leadership and Management']",spreadsheet software | business analysis | microsoft excel | data analysis | plot (graphics) | data visualization | data model | databases | finance | leadership and management,"['business analysis', 'data analysis', 'finance', 'leadership and management']",0,1,0,0,0,0,1,0,0,1,0,1,0,0,0,0,0,0,0,0,0,0,0,0,0
Applied Software Engineering Fundamentals,"{"" Python Programming"","" Computer Programming"","" Software Engineering"","" Application Development"","" Programming Principles"","" Software Architecture"","" Software Engineering Tools"","" Agile Software Development"","" Communication"","" Product Management"","" Software-Defined Networking"","" Collaboration"","" Leadership and Management"","" Linux"","" Data Analysis"","" Mergers & Acquisitions""}",4.6,36000.0,Beginner , 3 - 6 Months,"['Python Programming', 'Computer Programming', 'Software Engineering', 'Application Development', 'Programming Principles', 'Software Architecture', 'Software Engineering Tools', 'Agile Software Development', 'Communication', 'Product Management', 'Software-Defined Networking', 'Collaboration', 'Leadership and Management', 'Linux', 'Data Analysis', 'Mergers & Acquisitions']",python programming | computer programming | software engineering | application development | programming principles | software architecture | software engineering tools | agile software development | communication | product management | software-defined networking | collaboration | leadership and management | linux | data analysis | mergers & acquisitions,"['python programming', 'computer programming', 'communication', 'leadership and management', 'data analysis']",0,0,0,1,1,0,1,0,0,0,0,1,0,0,0,0,0,0,0,1,0,0,0,0,0
Generative AI with Large Language Models,"{"" Machine Learning"","" Natural Language Processing"","" Python Programming""}",4.8,1300.0,Intermediate , 1 - 4 Weeks,"['Machine Learning', 'Natural Language Processing', 'Python Programming']",machine learning | natural language processing | python programming,"['machine learning', 'python programming']",0,0,0,0,0,0,0,0,0,0,0,0,1,0,0,0,0,0,0,1,0,0,0,0,0
Google Advanced Data Analytics,"{"" Communication"","" Computer Programming"","" Data Analysis"","" Exploratory Data Analysis"","" General Statistics"","" Machine Learning"","" Planning"","" Probability Distribution"","" Project Management"","" Python Programming"","" Regression"","" Statistical Analysis"","" Tableau Software""}",4.7,2200.0,Advanced , 3 - 6 Months,"['Communication', 'Computer Programming', 'Data Analysis', 'Exploratory Data Analysis', 'General Statistics', 'Machine Learning', 'Planning', 'Probability Distribution', 'Project Management', 'Python Programming', 'Regression', 'Statistical Analysis', 'Tableau Software']",communication | computer programming | data analysis | exploratory data analysis | general statistics | machine learning | planning | probability distribution | project management | python programming | regression | statistical analysis | tableau software,"['communication', 'computer programming', 'data analysis', 'machine learning', 'planning', 'project management', 'python programming']",0,0,0,1,1,0,1,0,0,0,0,0,1,0,0,1,0,0,1,1,0,0,0,0,0
"DevOps, Cloud, and Agile Foundations","{"" DevOps"","" Cloud Computing"","" Software Engineering"","" Agile Software Development"","" Continuous Delivery"","" Continuous Integration"","" Scrum (Software Development)"","" Cloud Applications"","" Cloud Infrastructure"","" Cloud Platforms"","" Cloud Storage"","" IBM Cloud"","" Leadership and Management""}",4.7,7700.0,Beginner , 3 - 6 Months,"['DevOps', 'Cloud Computing', 'Software Engineering', 'Agile Software Development', 'Continuous Delivery', 'Continuous Integration', 'Scrum (Software Development)', 'Cloud Applications', 'Cloud Infrastructure', 'Cloud Platforms', 'Cloud Storage', 'IBM Cloud', 'Leadership and Management']",devops | cloud computing | software engineering | agile software development | continuous delivery | continuous integration | scrum (software development) | cloud applications | cloud infrastructure | cloud platforms | cloud storage | ibm cloud | leadership and management,"['cloud computing', 'leadership and management']",0,0,1,0,0,0,0,0,0,0,0,1,0,0,0,0,0,0,0,0,0,0,0,0,0
Meta Front-End Developer,"{"" HTML and CSS"","" Javascript"","" Front-End Web Development"","" React (web framework)"","" Web Development"","" User Experience"","" Algorithms"","" Computer Science"","" Web Design"","" Application Development"","" Computer Programming"","" Software Engineering"","" Web Development Tools"","" Collaboration"","" Communication"","" Data Structures"","" Human Computer Interaction"","" Interactive Design"","" Linux"","" Problem Solving"","" Product Design"","" Software Engineering Tools"","" Software Testing""}",4.7,14700.0,Beginner , 3 - 6 Months,"['HTML and CSS', 'Javascript', 'Front-End Web Development', 'React (web framework)', 'Web Development', 'User Experience', 'Algorithms', 'Computer Science', 'Web Design', 'Application Development', 'Computer Programming', 'Software Engineering', 'Web Development Tools', 'Collaboration', 'Communication', 'Data Structures', 'Human Computer Interaction', 'Interactive Design', 'Linux', 'Problem Solving', 'Product Design', 'Software Engineering Tools', 'Software Testing']",html and css | javascript | front-end web development | react (web framework) | web development | user experience | algorithms | computer science | web design | application development | computer programming | software engineering | web development tools | collaboration | communication | data structures | human computer interaction | interactive design | linux | problem solving | product design | software engineering tools | software testing,"['algorithms', 'computer programming', 'communication', 'problem solving']",1,0,0,1,1,0,0,0,0,0,0,0,0,0,0,0,0,1,0,0,0,0,0,0,0
Cloud Application Development Foundations,"{"" Cloud Computing"","" Cloud Applications"","" IBM Cloud"","" Javascript"","" Cloud Infrastructure"","" Cloud Platforms"","" DevOps"","" Cloud Management"","" Computer Programming"","" Web Development"","" Cloud API"","" Continuous Integration"","" Cloud Storage"","" Software As A Service"","" Continuous Delivery"","" Web Development Tools"","" NoSQL"","" Computer Science"","" React (web framework)""}",4.6,6100.0,Beginner , 3 - 6 Months,"['Cloud Computing', 'Cloud Applications', 'IBM Cloud', 'Javascript', 'Cloud Infrastructure', 'Cloud Platforms', 'DevOps', 'Cloud Management', 'Computer Programming', 'Web Development', 'Cloud API', 'Continuous Integration', 'Cloud Storage', 'Software As A Service', 'Continuous Delivery', 'Web Development Tools', 'NoSQL', 'Computer Science', 'React (web framework)']",cloud computing | cloud applications | ibm cloud | javascript | cloud infrastructure | cloud platforms | devops | cloud management | computer programming | web development | cloud api | continuous integration | cloud storage | software as a service | continuous delivery | web development tools | nosql | computer science | react (web framework),"['cloud computing', 'computer programming']",0,0,1,0,1,0,0,0,0,0,0,0,0,0,0,0,0,0,0,0,0,0,0,0,0
Foundations of Project Management,"{"" Project Management"","" Strategy and Operations"","" Business Communication"","" Change Management"","" Organizational Development"","" Communication"","" Culture"","" Emotional Intelligence"","" Influencing"","" Leadership and Management"","" People Management"","" Planning""}",4.9,73700.0,Beginner , 1 - 4 Weeks,"['Project Management', 'Strategy and Operations', 'Business Communication', 'Change Management', 'Organizational Development', 'Communication', 'Culture', 'Emotional Intelligence', 'Influencing', 'Leadership and Management', 'People Management', 'Planning']",project management | strategy and operations | business communication | change management | organizational development | communication | culture | emotional intelligence | influencing | leadership and management | people management | planning,"['project management', 'strategy and operations', 'communication', 'leadership and management', 'planning']",0,0,0,1,0,0,0,0,0,0,0,1,0,0,0,1,0,0,1,0,0,0,0,1,0
Foundations of Cybersecurity,"{"" Linux"","" Computer Programming"","" Leadership and Management"","" SQL""}",4.9,11800.0,Beginner , 1 - 4 Weeks,"['Linux', 'Computer Programming', 'Leadership and Management', 'SQL']",linux | computer programming | leadership and management | sql,"['computer programming', 'leadership and management', 'sql']",0,0,0,0,1,0,0,0,0,0,0,1,0,0,0,0,0,0,0,0,0,1,0,0,0
IBM IT Support,"{"" Customer Success"","" Cloud Computing"","" Computer Networking"","" Strategy and Operations"","" Operating Systems"","" Cloud Storage"","" Cloud Applications"","" Leadership and Management"","" System Security"","" Customer Support"","" Communication"","" Computer Programming"","" Cyberattacks"","" Cloud Infrastructure"","" Cloud Platforms"","" Databases"","" DevOps"","" Networking Hardware"","" Cryptography"","" IBM Cloud"","" Information Technology"","" Network Architecture"","" Network Security"","" Security Engineering"","" Software Engineering""}",4.7,6600.0,Beginner , 3 - 6 Months,"['Customer Success', 'Cloud Computing', 'Computer Networking', 'Strategy and Operations', 'Operating Systems', 'Cloud Storage', 'Cloud Applications', 'Leadership and Management', 'System Security', 'Customer Support', 'Communication', 'Computer Programming', 'Cyberattacks', 'Cloud Infrastructure', 'Cloud Platforms', 'Databases', 'DevOps', 'Networking Hardware', 'Cryptography', 'IBM Cloud', 'Information Technology', 'Network Architecture', 'Network Security', 'Security Engineering', 'Software Engineering']",customer success | cloud computing | computer networking | strategy and operations | operating systems | cloud storage | cloud applications | leadership and management | system security | customer support | communication | computer programming | cyberattacks | cloud infrastructure | cloud platforms | databases | devops | networking hardware | cryptography | ibm cloud | information technology | network architecture | network security | security engineering | software engineering,"['cloud computing', 'strategy and operations', 'leadership and management', 'communication', 'computer programming']",0,0,1,1,1,0,0,0,0,0,0,1,0,0,0,0,0,0,0,0,0,0,0,1,0
"Foundations: Data, Data, Everywhere","{"" Data Analysis"","" SQL"","" Data Visualization"","" Business Analysis"","" Spreadsheet Software"","" Data Science"","" Databases"","" Microsoft Excel""}",4.8,93900.0,Beginner , 1 - 3 Months,"['Data Analysis', 'SQL', 'Data Visualization', 'Business Analysis', 'Spreadsheet Software', 'Data Science', 'Databases', 'Microsoft Excel']",data analysis | sql | data visualization | business analysis | spreadsheet software | data science | databases | microsoft excel,"['data analysis', 'sql', 'business analysis']",0,1,0,0,0,0,1,0,0,0,0,0,0,0,0,0,0,0,0,0,0,1,0,0,0
IBM IT Project Manager,"{"" Software Engineering"","" Agile Software Development"","" Computer Programming"","" Software Engineering Tools"","" Application Development"","" Programming Principles"","" Software Architecture"","" Communication"","" Cloud Applications"","" Product Management"","" Scrum (Software Development)"","" Software-Defined Networking"","" Leadership and Management"","" Project Management"","" Cloud Computing"","" IBM Cloud"","" Information Technology"","" Operating Systems"","" Python Programming"","" Risk Management""}",4.8,2400.0,Beginner , 3 - 6 Months,"['Software Engineering', 'Agile Software Development', 'Computer Programming', 'Software Engineering Tools', 'Application Development', 'Programming Principles', 'Software Architecture', 'Communication', 'Cloud Applications', 'Product Management', 'Scrum (Software Development)', 'Software-Defined Networking', 'Leadership and Management', 'Project Management', 'Cloud Computing', 'IBM Cloud', 'Information Technology', 'Operating Systems', 'Python Programming', 'Risk Management']",software engineering | agile software development | computer programming | software engineering tools | application development | programming principles | software architecture | communication | cloud applications | product management | scrum (software development) | software-defined networking | leadership and management | project management | cloud computing | ibm cloud | information technology | operating systems | python programming | risk management,"['computer programming', 'communication', 'leadership and management', 'project management', 'cloud computing', 'python programming', 'risk management']",0,0,1,1,1,0,0,0,0,0,0,1,0,0,0,0,0,0,1,1,1,0,0,0,0
Google IT Automation with Python,"{"" Cloud Computing"","" Cloud Platforms"","" Collaboration"","" Computer Programming"","" Data Structures"","" Google Cloud Platform"","" Leadership and Management"","" Problem Solving"","" Python Programming""}",4.7,42000.0,Beginner , 3 - 6 Months,"['Cloud Computing', 'Cloud Platforms', 'Collaboration', 'Computer Programming', 'Data Structures', 'Google Cloud Platform', 'Leadership and Management', 'Problem Solving', 'Python Programming']",cloud computing | cloud platforms | collaboration | computer programming | data structures | google cloud platform | leadership and management | problem solving | python programming,"['cloud computing', 'computer programming', 'leadership and management', 'problem solving', 'python programming']",0,0,1,0,1,0,0,0,0,0,0,1,0,0,0,0,0,1,0,1,0,0,0,0,0
Information Technology (IT) and Cloud Fundamentals,"{"" Cloud Computing"","" Computer Networking"","" Operating Systems"","" Cloud Storage"","" System Security"","" Cloud Applications"","" Cyberattacks"","" Cloud Infrastructure"","" Cloud Platforms"","" Databases"","" DevOps"","" Networking Hardware"","" Computer Programming"","" Cryptography"","" IBM Cloud"","" Network Architecture"","" Network Security"","" Security Engineering"","" Software Engineering""}",4.7,6100.0,Beginner , 3 - 6 Months,"['Cloud Computing', 'Computer Networking', 'Operating Systems', 'Cloud Storage', 'System Security', 'Cloud Applications', 'Cyberattacks', 'Cloud Infrastructure', 'Cloud Platforms', 'Databases', 'DevOps', 'Networking Hardware', 'Computer Programming', 'Cryptography', 'IBM Cloud', 'Network Architecture', 'Network Security', 'Security Engineering', 'Software Engineering']",cloud computing | computer networking | operating systems | cloud storage | system security | cloud applications | cyberattacks | cloud infrastructure | cloud platforms | databases | devops | networking hardware | computer programming | cryptography | ibm cloud | network architecture | network security | security engineering | software engineering,"['cloud computing', 'computer programming']",0,0,1,0,1,0,0,0,0,0,0,0,0,0,0,0,0,0,0,0,0,0,0,0,0
Prompt Engineering,"{"" Creativity"","" Data Analysis"","" Problem Solving"","" Writing""}",4.8,1800.0,Beginner , 1 - 3 Months,"['Creativity', 'Data Analysis', 'Problem Solving', 'Writing']",creativity | data analysis | problem solving | writing,"['data analysis', 'problem solving', 'writing']",0,0,0,0,0,0,1,0,0,0,0,0,0,0,0,0,0,1,0,0,0,0,0,0,1
Microsoft Power BI Data Analyst,"{"" Data Analysis"","" Data Management"","" Data Mining"","" Data Model"","" Extract"","" Transform"","" Load"","" Microsoft Excel"","" Power BI"","" SQL""}",4.6,907.0,Beginner , 3 - 6 Months,"['Data Analysis', 'Data Management', 'Data Mining', 'Data Model', 'Extract', 'Transform', 'Load', 'Microsoft Excel', 'Power BI', 'SQL']",data analysis | data management | data mining | data model | extract | transform | load | microsoft excel | power bi | sql,"['data analysis', 'data management', 'sql']",0,0,0,0,0,0,1,1,0,0,0,0,0,0,0,0,0,0,0,0,0,1,0,0,0
IBM Data Warehouse Engineer,"{"" Data Management"","" Databases"","" Database Administration"","" SQL"","" Database Application"","" Extract"","" Transform"","" Load"","" Data Warehousing"","" Database Design"","" Data Structures"","" Data Engineering"","" Computer Programming"","" Data Analysis"","" Data Architecture"","" Database Theory"","" Apache"","" Python Programming"","" Leadership and Management"","" Professional Development"","" Big Data"","" Data Model"","" Distributed Computing Architecture"","" Computational Thinking"","" PostgreSQL"","" Software Architecture"","" Cloud Computing"","" Linux"","" IBM Cloud"","" Network Security"","" NoSQL"","" Business Intelligence"","" Data Science""}",4.7,3600.0,Beginner , 3 - 6 Months,"['Data Management', 'Databases', 'Database Administration', 'SQL', 'Database Application', 'Extract', 'Transform', 'Load', 'Data Warehousing', 'Database Design', 'Data Structures', 'Data Engineering', 'Computer Programming', 'Data Analysis', 'Data Architecture', 'Database Theory', 'Apache', 'Python Programming', 'Leadership and Management', 'Professional Development', 'Big Data', 'Data Model', 'Distributed Computing Architecture', 'Computational Thinking', 'PostgreSQL', 'Software Architecture', 'Cloud Computing', 'Linux', 'IBM Cloud', 'Network Security', 'NoSQL', 'Business Intelligence', 'Data Science']",data management | databases | database administration | sql | database application | extract | transform | load | data warehousing | database design | data structures | data engineering | computer programming | data analysis | data architecture | database theory | apache | python programming | leadership and management | professional development | big data | data model | distributed computing architecture | computational thinking | postgresql | software architecture | cloud computing | linux | ibm cloud | network security | nosql | business intelligence | data science,"['data management', 'sql', 'computer programming', 'data analysis', 'python programming', 'leadership and management', 'cloud computing']",0,0,1,0,1,0,1,1,0,0,0,1,0,0,0,0,0,0,0,1,0,1,0,0,0
IBM Cybersecurity Analyst,"{"" Cryptography"","" Python Programming"","" Linux"","" Network Security"","" Security Strategy"","" Software Security"","" System Software"","" Computer Security Incident Management"","" Networking Hardware"","" Security Software"","" Cloud Computing"","" Cyberattacks"","" DevOps"","" Mobile Security"","" Computer Programming"","" Databases"","" Leadership and Management"","" Operating Systems"","" SQL"","" System Security""}",4.6,21700.0,Beginner , 3 - 6 Months,"['Cryptography', 'Python Programming', 'Linux', 'Network Security', 'Security Strategy', 'Software Security', 'System Software', 'Computer Security Incident Management', 'Networking Hardware', 'Security Software', 'Cloud Computing', 'Cyberattacks', 'DevOps', 'Mobile Security', 'Computer Programming', 'Databases', 'Leadership and Management', 'Operating Systems', 'SQL', 'System Security']",cryptography | python programming | linux | network security | security strategy | software security | system software | computer security incident management | networking hardware | security software | cloud computing | cyberattacks | devops | mobile security | computer programming | databases | leadership and management | operating systems | sql | system security,"['python programming', 'cloud computing', 'computer programming', 'leadership and management', 'sql']",0,0,1,0,1,0,0,0,0,0,0,1,0,0,0,0,0,0,0,1,0,1,0,0,0
AI For Everyone,"{"" Data Science"","" Deep Learning"","" Machine Learning"","" Artificial Neural Networks"","" Business Transformation"","" Human Learning"","" Planning"","" Project Management""}",4.8,39400.0,Beginner , 1 - 4 Weeks,"['Data Science', 'Deep Learning', 'Machine Learning', 'Artificial Neural Networks', 'Business Transformation', 'Human Learning', 'Planning', 'Project Management']",data science | deep learning | machine learning | artificial neural networks | business transformation | human learning | planning | project management,"['machine learning', 'human learning', 'planning', 'project management']",0,0,0,0,0,0,0,0,0,0,1,0,1,0,0,1,0,0,1,0,0,0,0,0,0
Supervised Machine Learning: Regression and Classification,"{"" Machine Learning"","" Machine Learning Algorithms"","" Regression"","" Applied Machine Learning"","" Algorithms"","" Statistical Machine Learning"","" Mathematics"","" Critical Thinking"","" Machine Learning Software"","" Python Programming""}",4.9,15000.0,Beginner , 1 - 4 Weeks,"['Machine Learning', 'Machine Learning Algorithms', 'Regression', 'Applied Machine Learning', 'Algorithms', 'Statistical Machine Learning', 'Mathematics', 'Critical Thinking', 'Machine Learning Software', 'Python Programming']",machine learning | machine learning algorithms | regression | applied machine learning | algorithms | statistical machine learning | mathematics | critical thinking | machine learning software | python programming,"['machine learning', 'machine learning algorithms', 'algorithms', 'critical thinking', 'python programming']",1,0,0,0,0,1,0,0,0,0,0,0,1,1,0,0,0,0,0,1,0,0,0,0,0
IBM Front-End Developer,"{"" Software Engineering"","" Cloud Applications"","" Application Development"","" Computer Programming"","" Software Engineering Tools"","" Cloud Computing"","" IBM Cloud"","" Programming Principles"","" Web Development"","" Agile Software Development"","" Cloud API"","" Cloud Infrastructure"","" Cloud Management"","" Cloud Platforms"","" Communication"","" DevOps"","" Software Architecture"","" Continuous Integration"","" Software As A Service"","" Web Development Tools"","" Continuous Delivery"","" Front-End Web Development"","" Leadership and Management"","" Product Management"","" Software-Defined Networking"","" Collaboration"","" Javascript"","" NoSQL"","" Mergers & Acquisitions"","" Python Programming"","" React (web framework)"","" Strategy""}",4.6,1600.0,Beginner , 3 - 6 Months,"['Software Engineering', 'Cloud Applications', 'Application Development', 'Computer Programming', 'Software Engineering Tools', 'Cloud Computing', 'IBM Cloud', 'Programming Principles', 'Web Development', 'Agile Software Development', 'Cloud API', 'Cloud Infrastructure', 'Cloud Management', 'Cloud Platforms', 'Communication', 'DevOps', 'Software Architecture', 'Continuous Integration', 'Software As A Service', 'Web Development Tools', 'Continuous Delivery', 'Front-End Web Development', 'Leadership and Management', 'Product Management', 'Software-Defined Networking', 'Collaboration', 'Javascript', 'NoSQL', 'Mergers & Acquisitions', 'Python Programming', 'React (web framework)', 'Strategy']",software engineering | cloud applications | application development | computer programming | software engineering tools | cloud computing | ibm cloud | programming principles | web development | agile software development | cloud api | cloud infrastructure | cloud management | cloud platforms | communication | devops | software architecture | continuous integration | software as a service | web development tools | continuous delivery | front-end web development | leadership and management | product management | software-defined networking | collaboration | javascript | nosql | mergers & acquisitions | python programming | react (web framework) | strategy,"['computer programming', 'cloud computing', 'communication', 'leadership and management', 'python programming', 'strategy']",0,0,1,1,1,0,0,0,0,0,0,1,0,0,0,0,0,0,0,1,0,0,1,0,0
Technical Support Fundamentals,"{"" Communication"","" Computer Architecture"","" Computer Networking"","" Customer Support"","" Networking Hardware""}",4.8,145600.0,Beginner , 1 - 3 Months,"['Communication', 'Computer Architecture', 'Computer Networking', 'Customer Support', 'Networking Hardware']",communication | computer architecture | computer networking | customer support | networking hardware,['communication'],0,0,0,1,0,0,0,0,0,0,0,0,0,0,0,0,0,0,0,0,0,0,0,0,0
Business Foundations,"{"" Accounting"","" Finance"","" General Accounting"","" Decision Making"","" Financial Accounting"","" Strategy and Operations"","" Account Management"","" Accounts Payable and Receivable"","" Cost Accounting"","" Leadership and Management"","" Strategy"","" Cash Management"","" Communication"","" Financial Analysis"","" Generally Accepted Accounting Principles (GAAP)"","" Marketing"","" Brand Management"","" Budget Management"","" Customer Analysis"","" Market Analysis"","" Marketing Design"","" Product Marketing"","" Product Strategy"","" Entrepreneurship"","" Human Resources"","" People Analysis"","" Performance Management"","" Business Analysis"","" Customer Relationship Management"","" Data Analysis"","" Digital Marketing"","" Mathematical Theory & Analysis"","" Change Management"","" Human Resources Operations"","" Talent Management"","" Operations Management""}",4.7,24100.0,Beginner , 3 - 6 Months,"['Accounting', 'Finance', 'General Accounting', 'Decision Making', 'Financial Accounting', 'Strategy and Operations', 'Account Management', 'Accounts Payable and Receivable', 'Cost Accounting', 'Leadership and Management', 'Strategy', 'Cash Management', 'Communication', 'Financial Analysis', 'Generally Accepted Accounting Principles (GAAP)', 'Marketing', 'Brand Management', 'Budget Management', 'Customer Analysis', 'Market Analysis', 'Marketing Design', 'Product Marketing', 'Product Strategy', 'Entrepreneurship', 'Human Resources', 'People Analysis', 'Performance Management', 'Business Analysis', 'Customer Relationship Management', 'Data Analysis', 'Digital Marketing', 'Mathematical Theory & Analysis', 'Change Management', 'Human Resources Operations', 'Talent Management', 'Operations Management']",accounting | finance | general accounting | decision making | financial accounting | strategy and operations | account management | accounts payable and receivable | cost accounting | leadership and management | strategy | cash management | communication | financial analysis | generally accepted accounting principles (gaap) | marketing | brand management | budget management | customer analysis | market analysis | marketing design | product marketing | product strategy | entrepreneurship | human resources | people analysis | performance management | business analysis | customer relationship management | data analysis | digital marketing | mathematical theory & analysis | change management | human resources operations | talent management | operations management,"['finance', 'decision making', 'strategy and operations', 'leadership and management', 'strategy', 'communication', 'marketing', 'business analysis', 'data analysis']",0,1,0,1,0,0,1,0,1,1,0,1,0,0,1,0,0,0,0,0,0,0,1,1,0
"BI Foundations with SQL, ETL and Data Warehousing","{"" Data Management"","" Extract"","" Transform"","" Load"","" Data Warehousing"","" Database Administration"","" Apache"","" Computer Programming"","" Python Programming"","" Data Analysis"","" Databases"","" Big Data"","" Database Application"","" Distributed Computing Architecture"","" Cloud Computing"","" Computational Thinking"","" Database Design"","" Database Theory"","" Leadership and Management"","" Linux"","" SQL"","" Software Architecture"","" Business Intelligence"","" IBM Cloud""}",4.6,19600.0,Beginner , 3 - 6 Months,"['Data Management', 'Extract', 'Transform', 'Load', 'Data Warehousing', 'Database Administration', 'Apache', 'Computer Programming', 'Python Programming', 'Data Analysis', 'Databases', 'Big Data', 'Database Application', 'Distributed Computing Architecture', 'Cloud Computing', 'Computational Thinking', 'Database Design', 'Database Theory', 'Leadership and Management', 'Linux', 'SQL', 'Software Architecture', 'Business Intelligence', 'IBM Cloud']",data management | extract | transform | load | data warehousing | database administration | apache | computer programming | python programming | data analysis | databases | big data | database application | distributed computing architecture | cloud computing | computational thinking | database design | database theory | leadership and management | linux | sql | software architecture | business intelligence | ibm cloud,"['data management', 'computer programming', 'python programming', 'data analysis', 'cloud computing', 'leadership and management', 'sql']",0,0,1,0,1,0,1,1,0,0,0,1,0,0,0,0,0,0,0,1,0,1,0,0,0
AI Foundations for Everyone,"{"" Human Learning"","" Machine Learning"","" Artificial Neural Networks"","" Deep Learning"","" Machine Learning Algorithms"","" Human Computer Interaction"","" Natural Language Processing"","" Algorithms"","" Applied Machine Learning"","" Cloud Computing"","" Computer Vision"","" IBM Cloud"","" Machine Learning Software"","" Data Analysis"","" Cloud API"","" Computer Programming"","" Data Science""}",4.7,13100.0,Beginner , 3 - 6 Months,"['Human Learning', 'Machine Learning', 'Artificial Neural Networks', 'Deep Learning', 'Machine Learning Algorithms', 'Human Computer Interaction', 'Natural Language Processing', 'Algorithms', 'Applied Machine Learning', 'Cloud Computing', 'Computer Vision', 'IBM Cloud', 'Machine Learning Software', 'Data Analysis', 'Cloud API', 'Computer Programming', 'Data Science']",human learning | machine learning | artificial neural networks | deep learning | machine learning algorithms | human computer interaction | natural language processing | algorithms | applied machine learning | cloud computing | computer vision | ibm cloud | machine learning software | data analysis | cloud api | computer programming | data science,"['human learning', 'machine learning', 'machine learning algorithms', 'algorithms', 'cloud computing', 'data analysis', 'computer programming']",1,0,1,0,1,0,1,0,0,0,1,0,1,1,0,0,0,0,0,0,0,0,0,0,0
IBM IT Scrum Master,"{"" DevOps"","" Software Engineering"","" Computer Programming"","" Agile Software Development"","" Programming Principles"","" Software Engineering Tools"","" Application Development"","" Software Architecture"","" Communication"","" Continuous Delivery"","" Cloud Applications"","" Continuous Integration"","" Product Management"","" Scrum (Software Development)"","" Software-Defined Networking"","" Leadership and Management"","" Project Management"","" Cloud Computing"","" IBM Cloud"","" Information Technology"","" Operating Systems"","" Python Programming""}",4.8,3800.0,Beginner , 3 - 6 Months,"['DevOps', 'Software Engineering', 'Computer Programming', 'Agile Software Development', 'Programming Principles', 'Software Engineering Tools', 'Application Development', 'Software Architecture', 'Communication', 'Continuous Delivery', 'Cloud Applications', 'Continuous Integration', 'Product Management', 'Scrum (Software Development)', 'Software-Defined Networking', 'Leadership and Management', 'Project Management', 'Cloud Computing', 'IBM Cloud', 'Information Technology', 'Operating Systems', 'Python Programming']",devops | software engineering | computer programming | agile software development | programming principles | software engineering tools | application development | software architecture | communication | continuous delivery | cloud applications | continuous integration | product management | scrum (software development) | software-defined networking | leadership and management | project management | cloud computing | ibm cloud | information technology | operating systems | python programming,"['computer programming', 'communication', 'leadership and management', 'project management', 'cloud computing', 'python programming']",0,0,1,1,1,0,0,0,0,0,0,1,0,0,0,0,0,0,1,1,0,0,0,0,0
IBM Project Manager,"{"" Software Engineering"","" Agile Software Development"","" Scrum (Software Development)"","" Business Analysis"","" Communication"","" Leadership and Management"","" Project Management"","" Risk Management""}",4.8,1800.0,Beginner , 3 - 6 Months,"['Software Engineering', 'Agile Software Development', 'Scrum (Software Development)', 'Business Analysis', 'Communication', 'Leadership and Management', 'Project Management', 'Risk Management']",software engineering | agile software development | scrum (software development) | business analysis | communication | leadership and management | project management | risk management,"['business analysis', 'communication', 'leadership and management', 'project management', 'risk management']",0,1,0,1,0,0,0,0,0,0,0,1,0,0,0,0,0,0,1,0,1,0,0,0,0
IBM Applied DevOps Engineering,"{"" DevOps"","" Software Engineering"","" Cloud Computing"","" Continuous Delivery"","" Continuous Integration"","" Application Development"","" Cloud Applications"","" Software Architecture"","" Security Engineering"","" Computer Programming"","" Kubernetes"","" Cloud Infrastructure"","" Cloud-Based Integration"","" Microarchitecture"","" Software Testing"","" Agile Software Development"","" IBM Cloud"","" Docker (Software)"","" Scrum (Software Development)"","" Software Security"","" Leadership and Management""}",4.7,4100.0,Intermediate , 3 - 6 Months,"['DevOps', 'Software Engineering', 'Cloud Computing', 'Continuous Delivery', 'Continuous Integration', 'Application Development', 'Cloud Applications', 'Software Architecture', 'Security Engineering', 'Computer Programming', 'Kubernetes', 'Cloud Infrastructure', 'Cloud-Based Integration', 'Microarchitecture', 'Software Testing', 'Agile Software Development', 'IBM Cloud', 'Docker (Software)', 'Scrum (Software Development)', 'Software Security', 'Leadership and Management']",devops | software engineering | cloud computing | continuous delivery | continuous integration | application development | cloud applications | software architecture | security engineering | computer programming | kubernetes | cloud infrastructure | cloud-based integration | microarchitecture | software testing | agile software development | ibm cloud | docker (software) | scrum (software development) | software security | leadership and management,"['cloud computing', 'computer programming', 'leadership and management']",0,0,1,0,1,0,0,0,0,0,0,1,0,0,0,0,0,0,0,0,0,0,0,0,0
IBM AI Engineering,"{"" Machine Learning"","" Deep Learning"","" Human Learning"","" Artificial Neural Networks"","" Python Programming"","" Machine Learning Algorithms"","" Applied Machine Learning"","" Algorithms"","" Machine Learning Software"","" Regression"","" Statistical Machine Learning"","" Network Model"","" Computer Vision"","" Apache"","" Big Data"","" Data Analysis"","" Mathematical Theory & Analysis"","" Computer Programming"","" Network Architecture"","" Data Visualization"","" Extract"","" Transform"","" Load"","" Plot (Graphics)"","" Tensorflow"","" Visualization (Computer Graphics)"","" Customer Analysis"","" Decision Making"","" Dimensionality Reduction"","" Data Science""}",4.6,17300.0,Intermediate , 3 - 6 Months,"['Machine Learning', 'Deep Learning', 'Human Learning', 'Artificial Neural Networks', 'Python Programming', 'Machine Learning Algorithms', 'Applied Machine Learning', 'Algorithms', 'Machine Learning Software', 'Regression', 'Statistical Machine Learning', 'Network Model', 'Computer Vision', 'Apache', 'Big Data', 'Data Analysis', 'Mathematical Theory & Analysis', 'Computer Programming', 'Network Architecture', 'Data Visualization', 'Extract', 'Transform', 'Load', 'Plot (Graphics)', 'Tensorflow', 'Visualization (Computer Graphics)', 'Customer Analysis', 'Decision Making', 'Dimensionality Reduction', 'Data Science']",machine learning | deep learning | human learning | artificial neural networks | python programming | machine learning algorithms | applied machine learning | algorithms | machine learning software | regression | statistical machine learning | network model | computer vision | apache | big data | data analysis | mathematical theory & analysis | computer programming | network architecture | data visualization | extract | transform | load | plot (graphics) | tensorflow | visualization (computer graphics) | customer analysis | decision making | dimensionality reduction | data science,"['machine learning', 'human learning', 'python programming', 'machine learning algorithms', 'algorithms', 'data analysis', 'computer programming', 'decision making']",1,0,0,0,1,0,1,0,1,0,1,0,1,1,0,0,0,0,0,1,0,0,0,0,0
IT Fundamentals for Cybersecurity,"{"" Cryptography"","" Network Security"","" Linux"","" Networking Hardware"","" Security Software"","" System Software"","" Cloud Computing"","" Cyberattacks"","" Databases"","" Leadership and Management"","" Operating Systems"","" SQL"","" System Security""}",4.6,19600.0,Beginner , 3 - 6 Months,"['Cryptography', 'Network Security', 'Linux', 'Networking Hardware', 'Security Software', 'System Software', 'Cloud Computing', 'Cyberattacks', 'Databases', 'Leadership and Management', 'Operating Systems', 'SQL', 'System Security']",cryptography | network security | linux | networking hardware | security software | system software | cloud computing | cyberattacks | databases | leadership and management | operating systems | sql | system security,"['cloud computing', 'leadership and management', 'sql']",0,0,1,0,0,0,0,0,0,0,0,1,0,0,0,0,0,0,0,0,0,1,0,0,0
Mathematics for Machine Learning and Data Science,"{"" Mathematics"","" Algebra"","" Linear Algebra"","" Machine Learning"","" Machine Learning Algorithms"","" Calculus"","" Differential Equations"","" Regression"","" Artificial Neural Networks"","" Mathematical Theory & Analysis"","" Python Programming"","" Algorithms"","" Critical Thinking"","" Dimensionality Reduction"","" General Statistics"","" Probability & Statistics"","" Statistical Analysis""}",4.6,1300.0,Beginner , 1 - 3 Months,"['Mathematics', 'Algebra', 'Linear Algebra', 'Machine Learning', 'Machine Learning Algorithms', 'Calculus', 'Differential Equations', 'Regression', 'Artificial Neural Networks', 'Mathematical Theory & Analysis', 'Python Programming', 'Algorithms', 'Critical Thinking', 'Dimensionality Reduction', 'General Statistics', 'Probability & Statistics', 'Statistical Analysis']",mathematics | algebra | linear algebra | machine learning | machine learning algorithms | calculus | differential equations | regression | artificial neural networks | mathematical theory & analysis | python programming | algorithms | critical thinking | dimensionality reduction | general statistics | probability & statistics | statistical analysis,"['machine learning', 'machine learning algorithms', 'python programming', 'algorithms', 'critical thinking', 'probability & statistics']",1,0,0,0,0,1,0,0,0,0,0,0,1,1,0,0,1,0,0,1,0,0,0,0,0
Python for Everybody,"{"" Computer Programming"","" Python Programming"","" Computer Programming Tools"","" Programming Principles"","" Data Structures"","" Computational Thinking"","" Computational Logic"","" Software Engineering"","" Algorithms"","" Critical Thinking"","" Problem Solving"","" Data Management"","" Database Application"","" Databases"","" Theoretical Computer Science"","" Database Administration"","" Data Model"","" Data Visualization"","" Database Design"","" Database Theory"","" Web Development"","" Web Development Tools"","" Computer Networking"","" Extract"","" Transform"","" Load"","" SQL"","" HTML and CSS""}",4.8,268600.0,Beginner , 3 - 6 Months,"['Computer Programming', 'Python Programming', 'Computer Programming Tools', 'Programming Principles', 'Data Structures', 'Computational Thinking', 'Computational Logic', 'Software Engineering', 'Algorithms', 'Critical Thinking', 'Problem Solving', 'Data Management', 'Database Application', 'Databases', 'Theoretical Computer Science', 'Database Administration', 'Data Model', 'Data Visualization', 'Database Design', 'Database Theory', 'Web Development', 'Web Development Tools', 'Computer Networking', 'Extract', 'Transform', 'Load', 'SQL', 'HTML and CSS']",computer programming | python programming | computer programming tools | programming principles | data structures | computational thinking | computational logic | software engineering | algorithms | critical thinking | problem solving | data management | database application | databases | theoretical computer science | database administration | data model | data visualization | database design | database theory | web development | web development tools | computer networking | extract | transform | load | sql | html and css,"['computer programming', 'python programming', 'algorithms', 'critical thinking', 'problem solving', 'data management', 'sql']",1,0,0,0,1,1,0,1,0,0,0,0,0,0,0,0,0,1,0,1,0,1,0,0,0
Meta React Native,"{"" React (web framework)"","" Javascript"","" Mobile Development"","" Mobile Development Tools"","" Web Development"","" HTML and CSS"","" Front-End Web Development"","" Web Development Tools"","" Application Development"","" Computer Programming"","" Programming Principles"","" User Experience"","" Web Design"","" Software Engineering Tools"","" SQL"","" Software Engineering"","" Agile Software Development"","" Collaboration"","" Data Management"","" Human Computer Interaction"","" Interactive Design"","" Linux"","" Product Design"","" Product Lifecycle"","" Project Management""}",4.7,6700.0,Beginner , 3 - 6 Months,"['React (web framework)', 'Javascript', 'Mobile Development', 'Mobile Development Tools', 'Web Development', 'HTML and CSS', 'Front-End Web Development', 'Web Development Tools', 'Application Development', 'Computer Programming', 'Programming Principles', 'User Experience', 'Web Design', 'Software Engineering Tools', 'SQL', 'Software Engineering', 'Agile Software Development', 'Collaboration', 'Data Management', 'Human Computer Interaction', 'Interactive Design', 'Linux', 'Product Design', 'Product Lifecycle', 'Project Management']",react (web framework) | javascript | mobile development | mobile development tools | web development | html and css | front-end web development | web development tools | application development | computer programming | programming principles | user experience | web design | software engineering tools | sql | software engineering | agile software development | collaboration | data management | human computer interaction | interactive design | linux | product design | product lifecycle | project management,"['computer programming', 'sql', 'data management', 'project management']",0,0,0,0,1,0,0,1,0,0,0,0,0,0,0,0,0,0,1,0,0,1,0,0,0
Project Execution: Running the Project,"{"" Leadership and Management"","" Communication"","" Project Management"","" Strategy and Operations"","" Business Communication"","" Collaboration"","" Risk Management"","" Planning""}",4.8,7100.0,Beginner , 1 - 3 Months,"['Leadership and Management', 'Communication', 'Project Management', 'Strategy and Operations', 'Business Communication', 'Collaboration', 'Risk Management', 'Planning']",leadership and management | communication | project management | strategy and operations | business communication | collaboration | risk management | planning,"['leadership and management', 'communication', 'project management', 'strategy and operations', 'risk management', 'planning']",0,0,0,1,0,0,0,0,0,0,0,1,0,0,0,1,0,0,1,0,1,0,0,1,0
Meta Social Media Marketing,"{"" Marketing"","" Digital Marketing"","" Social Media"","" Advertising"","" Communication"","" Media Strategy & Planning"","" Marketing Management"","" Customer Analysis"","" Brand Management"","" Business Analysis"","" Marketing Design"","" Sales"","" Strategy and Operations"","" Data Analysis"","" General Statistics"","" Market Analysis"","" Probability & Statistics"","" Leadership and Management"","" Research and Design"","" Creativity"","" Planning"","" Entrepreneurship""}",4.8,17500.0,Beginner , 3 - 6 Months,"['Marketing', 'Digital Marketing', 'Social Media', 'Advertising', 'Communication', 'Media Strategy & Planning', 'Marketing Management', 'Customer Analysis', 'Brand Management', 'Business Analysis', 'Marketing Design', 'Sales', 'Strategy and Operations', 'Data Analysis', 'General Statistics', 'Market Analysis', 'Probability & Statistics', 'Leadership and Management', 'Research and Design', 'Creativity', 'Planning', 'Entrepreneurship']",marketing | digital marketing | social media | advertising | communication | media strategy & planning | marketing management | customer analysis | brand management | business analysis | marketing design | sales | strategy and operations | data analysis | general statistics | market analysis | probability & statistics | leadership and management | research and design | creativity | planning | entrepreneurship,"['marketing', 'communication', 'business analysis', 'strategy and operations', 'data analysis', 'probability & statistics', 'leadership and management', 'planning']",0,1,0,1,0,0,1,0,0,0,0,1,0,0,1,1,1,0,0,0,0,0,0,1,0
Foundations of Digital Marketing and E-commerce,"{"" Digital Marketing"","" Marketing"","" E-Commerce"","" Strategy"","" Data Analysis"","" Social Media""}",4.8,15600.0,Beginner , 1 - 4 Weeks,"['Digital Marketing', 'Marketing', 'E-Commerce', 'Strategy', 'Data Analysis', 'Social Media']",digital marketing | marketing | e-commerce | strategy | data analysis | social media,"['marketing', 'strategy', 'data analysis']",0,0,0,0,0,0,1,0,0,0,0,0,0,0,1,0,0,0,0,0,0,0,1,0,0
Prompt Engineering for ChatGPT,"{"" Creativity"","" Problem Solving"","" Writing""}",4.8,1700.0,Beginner , 1 - 3 Months,"['Creativity', 'Problem Solving', 'Writing']",creativity | problem solving | writing,"['problem solving', 'writing']",0,0,0,0,0,0,0,0,0,0,0,0,0,0,0,0,0,1,0,0,0,0,0,0,1
Finance & Quantitative Modeling for Analysts,"{"" Finance"","" Business Analysis"","" Data Analysis"","" Financial Analysis"","" Accounting"","" Forecasting"","" Financial Management"","" General Accounting"","" General Statistics"","" Statistical Analysis"","" Financial Accounting"","" Mathematical Theory & Analysis"","" Accounts Payable and Receivable"","" Probability & Statistics"","" Basic Descriptive Statistics"","" Correlation And Dependence"","" Data Model"","" Decision Making"","" Regression"","" Generally Accepted Accounting Principles (GAAP)"","" Management Accounting"","" Statistical Tests"","" Strategy and Operations"","" Budget Management"","" Microsoft Excel"","" Spreadsheet Software"","" Entrepreneurship"","" Linear Algebra"","" Computer Programming""}",4.5,15700.0,Beginner , 3 - 6 Months,"['Finance', 'Business Analysis', 'Data Analysis', 'Financial Analysis', 'Accounting', 'Forecasting', 'Financial Management', 'General Accounting', 'General Statistics', 'Statistical Analysis', 'Financial Accounting', 'Mathematical Theory & Analysis', 'Accounts Payable and Receivable', 'Probability & Statistics', 'Basic Descriptive Statistics', 'Correlation And Dependence', 'Data Model', 'Decision Making', 'Regression', 'Generally Accepted Accounting Principles (GAAP)', 'Management Accounting', 'Statistical Tests', 'Strategy and Operations', 'Budget Management', 'Microsoft Excel', 'Spreadsheet Software', 'Entrepreneurship', 'Linear Algebra', 'Computer Programming']",finance | business analysis | data analysis | financial analysis | accounting | forecasting | financial management | general accounting | general statistics | statistical analysis | financial accounting | mathematical theory & analysis | accounts payable and receivable | probability & statistics | basic descriptive statistics | correlation and dependence | data model | decision making | regression | generally accepted accounting principles (gaap) | management accounting | statistical tests | strategy and operations | budget management | microsoft excel | spreadsheet software | entrepreneurship | linear algebra | computer programming,"['finance', 'business analysis', 'data analysis', 'probability & statistics', 'decision making', 'strategy and operations', 'computer programming']",0,1,0,0,1,0,1,0,1,1,0,0,0,0,0,0,1,0,0,0,0,0,0,1,0
Introduction to Finance and Accounting,"{"" Accounting"","" Finance"","" Financial Accounting"","" General Accounting"","" Financial Analysis"","" Generally Accepted Accounting Principles (GAAP)"","" Accounts Payable and Receivable"","" Cost Accounting"","" Account Management"","" Cash Management"","" Decision Making"","" Investment Management"","" Taxes"","" Budget Management"","" Estimation"","" Management Accounting"","" Problem Solving"","" Business Analysis"","" Mathematical Theory & Analysis"","" Mathematics"","" Data Analysis"","" Entrepreneurship"","" Strategy and Operations""}",4.6,12900.0,Beginner , 3 - 6 Months,"['Accounting', 'Finance', 'Financial Accounting', 'General Accounting', 'Financial Analysis', 'Generally Accepted Accounting Principles (GAAP)', 'Accounts Payable and Receivable', 'Cost Accounting', 'Account Management', 'Cash Management', 'Decision Making', 'Investment Management', 'Taxes', 'Budget Management', 'Estimation', 'Management Accounting', 'Problem Solving', 'Business Analysis', 'Mathematical Theory & Analysis', 'Mathematics', 'Data Analysis', 'Entrepreneurship', 'Strategy and Operations']",accounting | finance | financial accounting | general accounting | financial analysis | generally accepted accounting principles (gaap) | accounts payable and receivable | cost accounting | account management | cash management | decision making | investment management | taxes | budget management | estimation | management accounting | problem solving | business analysis | mathematical theory & analysis | mathematics | data analysis | entrepreneurship | strategy and operations,"['finance', 'decision making', 'problem solving', 'business analysis', 'data analysis', 'strategy and operations']",0,1,0,0,0,0,1,0,1,1,0,0,0,0,0,0,0,1,0,0,0,0,0,1,0
AI in Healthcare,"{"" Machine Learning"","" Leadership and Management"","" Data Analysis"","" Data Mining""}",4.7,1300.0,Beginner , 3 - 6 Months,"['Machine Learning', 'Leadership and Management', 'Data Analysis', 'Data Mining']",machine learning | leadership and management | data analysis | data mining,"['machine learning', 'leadership and management', 'data analysis']",0,0,0,0,0,0,1,0,0,0,0,1,1,0,0,0,0,0,0,0,0,0,0,0,0
Machine Learning Engineering for Production (MLOps),"{"" Machine Learning"","" Applied Machine Learning"","" Python Programming"","" Statistical Programming"","" Tensorflow"","" DevOps"","" Devops Tools"","" Exploratory Data Analysis"","" Feature Engineering"","" Machine Learning Software"","" Probability & Statistics"","" Cloud Computing"","" Deep Learning"","" Google Cloud Platform"","" Other Cloud Platforms and Tools"","" Performance Management"","" Kubernetes"","" Leadership and Management""}",4.7,3300.0,Advanced , 3 - 6 Months,"['Machine Learning', 'Applied Machine Learning', 'Python Programming', 'Statistical Programming', 'Tensorflow', 'DevOps', 'Devops Tools', 'Exploratory Data Analysis', 'Feature Engineering', 'Machine Learning Software', 'Probability & Statistics', 'Cloud Computing', 'Deep Learning', 'Google Cloud Platform', 'Other Cloud Platforms and Tools', 'Performance Management', 'Kubernetes', 'Leadership and Management']",machine learning | applied machine learning | python programming | statistical programming | tensorflow | devops | devops tools | exploratory data analysis | feature engineering | machine learning software | probability & statistics | cloud computing | deep learning | google cloud platform | other cloud platforms and tools | performance management | kubernetes | leadership and management,"['machine learning', 'python programming', 'probability & statistics', 'cloud computing', 'leadership and management']",0,0,1,0,0,0,0,0,0,0,0,1,1,0,0,0,1,0,0,1,0,0,0,0,0
Play It Safe: Manage Security Risks,"{"" Audit"","" Leadership and Management"","" Risk Management""}",4.8,3600.0,Beginner , 1 - 4 Weeks,"['Audit', 'Leadership and Management', 'Risk Management']",audit | leadership and management | risk management,"['leadership and management', 'risk management']",0,0,0,0,0,0,0,0,0,0,0,1,0,0,0,0,0,0,0,0,1,0,0,0,0
Python 3 Programming,"{"" Python Programming"","" Computer Programming"","" Problem Solving""}",4.7,21300.0,Beginner , 3 - 6 Months,"['Python Programming', 'Computer Programming', 'Problem Solving']",python programming | computer programming | problem solving,"['python programming', 'computer programming', 'problem solving']",0,0,0,0,1,0,0,0,0,0,0,0,0,0,0,0,0,1,0,1,0,0,0,0,0
Natural Language Processing,"{"" Natural Language Processing"","" Machine Learning"","" Python Programming"","" Statistical Programming"","" Artificial Neural Networks"","" Deep Learning"","" Probability & Statistics"","" Statistical Machine Learning"","" Machine Learning Algorithms"","" Applied Machine Learning"","" Computer Programming"","" Human Learning"","" Mathematics""}",4.6,5500.0,Intermediate , 3 - 6 Months,"['Natural Language Processing', 'Machine Learning', 'Python Programming', 'Statistical Programming', 'Artificial Neural Networks', 'Deep Learning', 'Probability & Statistics', 'Statistical Machine Learning', 'Machine Learning Algorithms', 'Applied Machine Learning', 'Computer Programming', 'Human Learning', 'Mathematics']",natural language processing | machine learning | python programming | statistical programming | artificial neural networks | deep learning | probability & statistics | statistical machine learning | machine learning algorithms | applied machine learning | computer programming | human learning | mathematics,"['machine learning', 'python programming', 'probability & statistics', 'machine learning algorithms', 'computer programming', 'human learning']",0,0,0,0,1,0,0,0,0,0,1,0,1,1,0,0,1,0,0,1,0,0,0,0,0
DeepLearning.AI TensorFlow Developer,"{"" Machine Learning"","" Tensorflow"","" Deep Learning"","" Machine Learning Algorithms"","" Artificial Neural Networks"","" Applied Machine Learning"","" Human Learning"","" Computer Programming"","" Python Programming"","" Machine Learning Software"","" Natural Language Processing"","" Computer Vision"","" Forecasting"","" Algorithms"","" Data Visualization"","" Network Model"","" Statistical Machine Learning"","" Statistical Analysis""}",4.7,24300.0,Intermediate , 3 - 6 Months,"['Machine Learning', 'Tensorflow', 'Deep Learning', 'Machine Learning Algorithms', 'Artificial Neural Networks', 'Applied Machine Learning', 'Human Learning', 'Computer Programming', 'Python Programming', 'Machine Learning Software', 'Natural Language Processing', 'Computer Vision', 'Forecasting', 'Algorithms', 'Data Visualization', 'Network Model', 'Statistical Machine Learning', 'Statistical Analysis']",machine learning | tensorflow | deep learning | machine learning algorithms | artificial neural networks | applied machine learning | human learning | computer programming | python programming | machine learning software | natural language processing | computer vision | forecasting | algorithms | data visualization | network model | statistical machine learning | statistical analysis,"['machine learning', 'machine learning algorithms', 'human learning', 'computer programming', 'python programming', 'algorithms']",1,0,0,0,1,0,0,0,0,0,1,0,1,1,0,0,0,0,0,1,0,0,0,0,0
Meta Back-End Developer,"{"" Python Programming"","" Databases"","" HTML and CSS"","" SQL"","" Database Design"","" Programming Principles"","" Algorithms"","" Computer Science"","" Big Data"","" React (web framework)"","" Software Testing"","" Web Development"","" Application Development"","" Back-End Web Development"","" Cloud API"","" Cloud Computing"","" Cloud Infrastructure"","" Collaboration"","" Communication"","" Computer Programming"","" Data Model"","" Data Structures"","" Data Warehousing"","" Database Administration"","" Database Application"","" Database Theory"","" DevOps"","" Django (Web Framework)"","" Front-End Web Development"","" Full-Stack Web Development"","" Javascript"","" Kubernetes"","" Linux"","" Problem Solving"","" Semantic Web"","" Software Engineering"","" Software Engineering Tools"","" Statistical Programming"","" Tensorflow"","" Web Design"","" Web Development Tools""}",4.7,6100.0,Beginner , 3 - 6 Months,"['Python Programming', 'Databases', 'HTML and CSS', 'SQL', 'Database Design', 'Programming Principles', 'Algorithms', 'Computer Science', 'Big Data', 'React (web framework)', 'Software Testing', 'Web Development', 'Application Development', 'Back-End Web Development', 'Cloud API', 'Cloud Computing', 'Cloud Infrastructure', 'Collaboration', 'Communication', 'Computer Programming', 'Data Model', 'Data Structures', 'Data Warehousing', 'Database Administration', 'Database Application', 'Database Theory', 'DevOps', 'Django (Web Framework)', 'Front-End Web Development', 'Full-Stack Web Development', 'Javascript', 'Kubernetes', 'Linux', 'Problem Solving', 'Semantic Web', 'Software Engineering', 'Software Engineering Tools', 'Statistical Programming', 'Tensorflow', 'Web Design', 'Web Development Tools']",python programming | databases | html and css | sql | database design | programming principles | algorithms | computer science | big data | react (web framework) | software testing | web development | application development | back-end web development | cloud api | cloud computing | cloud infrastructure | collaboration | communication | computer programming | data model | data structures | data warehousing | database administration | database application | database theory | devops | django (web framework) | front-end web development | full-stack web development | javascript | kubernetes | linux | problem solving | semantic web | software engineering | software engineering tools | statistical programming | tensorflow | web design | web development tools,"['python programming', 'sql', 'algorithms', 'cloud computing', 'communication', 'computer programming', 'problem solving']",1,0,1,1,1,0,0,0,0,0,0,0,0,0,0,0,0,1,0,1,0,1,0,0,0
Meta iOS Developer,"{"" Mobile Development"","" Swift Programming"","" iOS Development"","" Computer Programming"","" Mobile Development Tools"","" React (web framework)"","" Application Development"","" Software Engineering"","" Data Structures"","" User Experience"","" User Experience Design"","" Web Development"","" Computer Programming Tools"","" Software Engineering Tools"","" Front-End Web Development"","" Algorithms"","" Computer Science"","" Interactive Design"","" Javascript"","" Collaboration"","" Communication"","" Data Management"","" Django (Web Framework)"","" Human Computer Interaction"","" Linux"","" Problem Solving"","" Product Design"","" Software Architecture"","" Web Design""}",4.7,4900.0,Beginner , 3 - 6 Months,"['Mobile Development', 'Swift Programming', 'iOS Development', 'Computer Programming', 'Mobile Development Tools', 'React (web framework)', 'Application Development', 'Software Engineering', 'Data Structures', 'User Experience', 'User Experience Design', 'Web Development', 'Computer Programming Tools', 'Software Engineering Tools', 'Front-End Web Development', 'Algorithms', 'Computer Science', 'Interactive Design', 'Javascript', 'Collaboration', 'Communication', 'Data Management', 'Django (Web Framework)', 'Human Computer Interaction', 'Linux', 'Problem Solving', 'Product Design', 'Software Architecture', 'Web Design']",mobile development | swift programming | ios development | computer programming | mobile development tools | react (web framework) | application development | software engineering | data structures | user experience | user experience design | web development | computer programming tools | software engineering tools | front-end web development | algorithms | computer science | interactive design | javascript | collaboration | communication | data management | django (web framework) | human computer interaction | linux | problem solving | product design | software architecture | web design,"['computer programming', 'algorithms', 'communication', 'data management', 'problem solving']",1,0,0,1,1,0,0,1,0,0,0,0,0,0,0,0,0,1,0,0,0,0,0,0,0
Foundations of User Experience (UX) Design,"{"" User Experience"","" User Experience Design"","" User Research"","" Product Development""}",4.8,60400.0,Beginner , 1 - 4 Weeks,"['User Experience', 'User Experience Design', 'User Research', 'Product Development']",user experience | user experience design | user research | product development,[],0,0,0,0,0,0,0,0,0,0,0,0,0,0,0,0,0,0,0,0,0,0,0,0,0
Meta Android Developer,"{"" Mobile Development"","" Computer Programming"","" React (web framework)"","" Mobile Development Tools"","" Application Development"","" Software Engineering"","" Android Development"","" Other Programming Languages"","" Web Development"","" User Experience"","" Algorithms"","" Computer Science"","" Front-End Web Development"","" Javascript"","" Programming Principles"","" Cloud API"","" Collaboration"","" Communication"","" Data Management"","" Data Structures"","" Human Computer Interaction"","" Interactive Design"","" Linux"","" Problem Solving"","" Product Design"","" SQL"","" Software Architecture"","" Software Engineering Tools"","" Swift Programming"","" Web Design""}",4.6,5100.0,Beginner , 3 - 6 Months,"['Mobile Development', 'Computer Programming', 'React (web framework)', 'Mobile Development Tools', 'Application Development', 'Software Engineering', 'Android Development', 'Other Programming Languages', 'Web Development', 'User Experience', 'Algorithms', 'Computer Science', 'Front-End Web Development', 'Javascript', 'Programming Principles', 'Cloud API', 'Collaboration', 'Communication', 'Data Management', 'Data Structures', 'Human Computer Interaction', 'Interactive Design', 'Linux', 'Problem Solving', 'Product Design', 'SQL', 'Software Architecture', 'Software Engineering Tools', 'Swift Programming', 'Web Design']",mobile development | computer programming | react (web framework) | mobile development tools | application development | software engineering | android development | other programming languages | web development | user experience | algorithms | computer science | front-end web development | javascript | programming principles | cloud api | collaboration | communication | data management | data structures | human computer interaction | interactive design | linux | problem solving | product design | sql | software architecture | software engineering tools | swift programming | web design,"['computer programming', 'algorithms', 'communication', 'data management', 'problem solving', 'sql']",1,0,0,1,1,0,0,1,0,0,0,0,0,0,0,0,0,1,0,0,0,1,0,0,0
Business and Financial Modeling,"{"" Business Analysis"","" Data Analysis"","" Finance"","" General Statistics"","" Probability & Statistics"","" Financial Analysis"","" Statistical Analysis"","" Forecasting"","" Mathematics"","" Spreadsheet Software"","" Statistical Tests"","" Basic Descriptive Statistics"","" Data Model"","" Mathematical Theory & Analysis"","" Risk Management"","" Correlation And Dependence"","" Probability Distribution"","" Decision Making"","" Investment Management"","" Accounting"","" Leadership and Management"","" Regression"","" Financial Accounting"","" Microsoft Excel"","" Linear Algebra"","" Performance Management"","" Cash Management"","" General Accounting"","" Computer Programming""}",4.5,10600.0,Beginner , 3 - 6 Months,"['Business Analysis', 'Data Analysis', 'Finance', 'General Statistics', 'Probability & Statistics', 'Financial Analysis', 'Statistical Analysis', 'Forecasting', 'Mathematics', 'Spreadsheet Software', 'Statistical Tests', 'Basic Descriptive Statistics', 'Data Model', 'Mathematical Theory & Analysis', 'Risk Management', 'Correlation And Dependence', 'Probability Distribution', 'Decision Making', 'Investment Management', 'Accounting', 'Leadership and Management', 'Regression', 'Financial Accounting', 'Microsoft Excel', 'Linear Algebra', 'Performance Management', 'Cash Management', 'General Accounting', 'Computer Programming']",business analysis | data analysis | finance | general statistics | probability & statistics | financial analysis | statistical analysis | forecasting | mathematics | spreadsheet software | statistical tests | basic descriptive statistics | data model | mathematical theory & analysis | risk management | correlation and dependence | probability distribution | decision making | investment management | accounting | leadership and management | regression | financial accounting | microsoft excel | linear algebra | performance management | cash management | general accounting | computer programming,"['business analysis', 'data analysis', 'finance', 'probability & statistics', 'risk management', 'decision making', 'leadership and management', 'computer programming']",0,1,0,0,1,0,1,0,1,1,0,1,0,0,0,0,1,0,0,0,1,0,0,0,0
AI For Business,"{"" Machine Learning"","" Machine Learning Algorithms"","" Applied Machine Learning"","" Data Analysis"","" Algorithms"","" Human Learning"","" Leadership and Management"","" Business Analysis"","" Decision Making"","" Human Resources"","" People Management"","" People Analysis"","" Artificial Neural Networks"","" Deep Learning"","" Business Transformation"","" Customer Analysis"","" Finance"","" Financial Accounting"","" Marketing"","" Probability & Statistics"","" Regulations and Compliance"","" Statistical Machine Learning"","" Strategy"","" User Experience"","" Big Data""}",4.7,400.0,Beginner , 3 - 6 Months,"['Machine Learning', 'Machine Learning Algorithms', 'Applied Machine Learning', 'Data Analysis', 'Algorithms', 'Human Learning', 'Leadership and Management', 'Business Analysis', 'Decision Making', 'Human Resources', 'People Management', 'People Analysis', 'Artificial Neural Networks', 'Deep Learning', 'Business Transformation', 'Customer Analysis', 'Finance', 'Financial Accounting', 'Marketing', 'Probability & Statistics', 'Regulations and Compliance', 'Statistical Machine Learning', 'Strategy', 'User Experience', 'Big Data']",machine learning | machine learning algorithms | applied machine learning | data analysis | algorithms | human learning | leadership and management | business analysis | decision making | human resources | people management | people analysis | artificial neural networks | deep learning | business transformation | customer analysis | finance | financial accounting | marketing | probability & statistics | regulations and compliance | statistical machine learning | strategy | user experience | big data,"['machine learning', 'machine learning algorithms', 'data analysis', 'algorithms', 'human learning', 'leadership and management', 'business analysis', 'decision making', 'finance', 'marketing', 'probability & statistics', 'strategy']",1,1,0,0,0,0,1,0,1,1,1,1,1,1,1,0,1,0,0,0,0,0,1,0,0
Become a CBRS Certified Professional Installer by Google,"{"" Communication"","" SAS (Software)"","" Regulations and Compliance"","" Systems Design"","" System Security"","" Network Architecture"","" Process Analysis"","" Training"","" Decision Making"","" Operating Systems"","" Leadership and Management""}",4.6,184.0,Mixed , 1 - 3 Months,"['Communication', 'SAS (Software)', 'Regulations and Compliance', 'Systems Design', 'System Security', 'Network Architecture', 'Process Analysis', 'Training', 'Decision Making', 'Operating Systems', 'Leadership and Management']",communication | sas (software) | regulations and compliance | systems design | system security | network architecture | process analysis | training | decision making | operating systems | leadership and management,"['communication', 'decision making', 'leadership and management']",0,0,0,1,0,0,0,0,1,0,0,1,0,0,0,0,0,0,0,0,0,0,0,0,0
Intuit Academy Bookkeeping,"{"" Accounting"","" General Accounting"","" Financial Accounting"","" Business Analysis"","" Data Analysis"","" Financial Analysis"","" Cash Management"","" Finance"","" Financial Management"","" Accounts Payable and Receivable"","" Cost Accounting"","" Inventory Management"","" Accounting Software"","" Taxes""}",4.6,4900.0,Beginner , 3 - 6 Months,"['Accounting', 'General Accounting', 'Financial Accounting', 'Business Analysis', 'Data Analysis', 'Financial Analysis', 'Cash Management', 'Finance', 'Financial Management', 'Accounts Payable and Receivable', 'Cost Accounting', 'Inventory Management', 'Accounting Software', 'Taxes']",accounting | general accounting | financial accounting | business analysis | data analysis | financial analysis | cash management | finance | financial management | accounts payable and receivable | cost accounting | inventory management | accounting software | taxes,"['business analysis', 'data analysis', 'finance']",0,1,0,0,0,0,1,0,0,1,0,0,0,0,0,0,0,0,0,0,0,0,0,0,0
Google Business Intelligence,"{"" Business Intelligence"","" Data Management"","" Data Model"","" Extract"","" Transform"","" Load"","" Leadership and Management"","" Tableau Software""}",4.7,940.0,Advanced , 3 - 6 Months,"['Business Intelligence', 'Data Management', 'Data Model', 'Extract', 'Transform', 'Load', 'Leadership and Management', 'Tableau Software']",business intelligence | data management | data model | extract | transform | load | leadership and management | tableau software,"['data management', 'leadership and management']",0,0,0,0,0,0,0,1,0,0,0,1,0,0,0,0,0,0,0,0,0,0,0,0,0
Project Initiation: Starting a Successful Project,"{"" Project Management"","" Strategy and Operations"","" Collaboration"","" Communication"","" Leadership and Management"","" Planning""}",4.8,17800.0,Beginner , 1 - 4 Weeks,"['Project Management', 'Strategy and Operations', 'Collaboration', 'Communication', 'Leadership and Management', 'Planning']",project management | strategy and operations | collaboration | communication | leadership and management | planning,"['project management', 'strategy and operations', 'communication', 'leadership and management', 'planning']",0,0,0,1,0,0,0,0,0,0,0,1,0,0,0,1,0,0,1,0,0,0,0,1,0
Ask Questions to Make Data-Driven Decisions,"{"" Business Communication"","" Data Analysis"","" Spreadsheet Software"","" Big Data"","" Communication"","" Leadership and Management"","" Problem Solving"","" Small Data""}",4.7,28700.0,Beginner , 1 - 4 Weeks,"['Business Communication', 'Data Analysis', 'Spreadsheet Software', 'Big Data', 'Communication', 'Leadership and Management', 'Problem Solving', 'Small Data']",business communication | data analysis | spreadsheet software | big data | communication | leadership and management | problem solving | small data,"['data analysis', 'communication', 'leadership and management', 'problem solving']",0,0,0,1,0,0,1,0,0,0,0,1,0,0,0,0,0,1,0,0,0,0,0,0,0
Meta Database Engineer,"{"" SQL"","" Databases"","" Statistical Programming"","" Python Programming"","" Database Design"","" Programming Principles"","" Algorithms"","" Computer Science"","" Big Data"","" Software Testing"","" Application Development"","" Collaboration"","" Communication"","" Computer Programming"","" Data Analysis"","" Data Management"","" Data Model"","" Data Structures"","" Data Warehousing"","" Database Administration"","" Database Application"","" Database Theory"","" Django (Web Framework)"","" Javascript"","" Linux"","" Problem Solving"","" Project Management"","" Software Engineering"","" Software Engineering Tools"","" Tableau Software"","" Tensorflow"","" Web Development""}",4.6,4400.0,Beginner , 3 - 6 Months,"['SQL', 'Databases', 'Statistical Programming', 'Python Programming', 'Database Design', 'Programming Principles', 'Algorithms', 'Computer Science', 'Big Data', 'Software Testing', 'Application Development', 'Collaboration', 'Communication', 'Computer Programming', 'Data Analysis', 'Data Management', 'Data Model', 'Data Structures', 'Data Warehousing', 'Database Administration', 'Database Application', 'Database Theory', 'Django (Web Framework)', 'Javascript', 'Linux', 'Problem Solving', 'Project Management', 'Software Engineering', 'Software Engineering Tools', 'Tableau Software', 'Tensorflow', 'Web Development']",sql | databases | statistical programming | python programming | database design | programming principles | algorithms | computer science | big data | software testing | application development | collaboration | communication | computer programming | data analysis | data management | data model | data structures | data warehousing | database administration | database application | database theory | django (web framework) | javascript | linux | problem solving | project management | software engineering | software engineering tools | tableau software | tensorflow | web development,"['sql', 'python programming', 'algorithms', 'communication', 'computer programming', 'data analysis', 'data management', 'problem solving', 'project management']",1,0,0,1,1,0,1,1,0,0,0,0,0,0,0,0,0,1,1,1,0,1,0,0,0
Microsoft Cybersecurity Analyst,"{"" Cloud Computing"","" Computer Architecture"","" Cryptography"","" Data Management"","" Leadership and Management"","" Microsoft Azure"","" Network Security"","" Operating Systems""}",4.8,566.0,Beginner , 3 - 6 Months,"['Cloud Computing', 'Computer Architecture', 'Cryptography', 'Data Management', 'Leadership and Management', 'Microsoft Azure', 'Network Security', 'Operating Systems']",cloud computing | computer architecture | cryptography | data management | leadership and management | microsoft azure | network security | operating systems,"['cloud computing', 'data management', 'leadership and management']",0,0,1,0,0,0,0,1,0,0,0,1,0,0,0,0,0,0,0,0,0,0,0,0,0
Análisis de Datos de Google,"{"" Data Analysis"","" Data Management"","" Databases"","" Exploratory Data Analysis"","" Data Visualization"","" SQL"","" Business Analysis"","" Microsoft Excel"","" Process Analysis"","" Statistical Programming"","" Data Structures"","" Extract"","" Transform"","" Load"","" Spreadsheet Software"","" Communication"","" Computer Programming"","" Problem Solving"","" Strategy"","" Visualization (Computer Graphics)"","" Organizational Development"","" Tableau Software"","" Data Analysis Software"","" Plot (Graphics)"","" Programming Principles"","" R Programming"","" Strategy and Operations"","" Research and Design"","" Business Communication"","" Computer Programming Tools"","" Computer Graphics"","" Data Model"","" Security Engineering"","" System Security""}",4.8,6700.0,Beginner , 3 - 6 Months,"['Data Analysis', 'Data Management', 'Databases', 'Exploratory Data Analysis', 'Data Visualization', 'SQL', 'Business Analysis', 'Microsoft Excel', 'Process Analysis', 'Statistical Programming', 'Data Structures', 'Extract', 'Transform', 'Load', 'Spreadsheet Software', 'Communication', 'Computer Programming', 'Problem Solving', 'Strategy', 'Visualization (Computer Graphics)', 'Organizational Development', 'Tableau Software', 'Data Analysis Software', 'Plot (Graphics)', 'Programming Principles', 'R Programming', 'Strategy and Operations', 'Research and Design', 'Business Communication', 'Computer Programming Tools', 'Computer Graphics', 'Data Model', 'Security Engineering', 'System Security']",data analysis | data management | databases | exploratory data analysis | data visualization | sql | business analysis | microsoft excel | process analysis | statistical programming | data structures | extract | transform | load | spreadsheet software | communication | computer programming | problem solving | strategy | visualization (computer graphics) | organizational development | tableau software | data analysis software | plot (graphics) | programming principles | r programming | strategy and operations | research and design | business communication | computer programming tools | computer graphics | data model | security engineering | system security,"['data analysis', 'data management', 'sql', 'business analysis', 'communication', 'computer programming', 'problem solving', 'strategy', 'strategy and operations']",0,1,0,1,1,0,1,1,0,0,0,0,0,0,0,0,0,1,0,0,0,1,1,1,0
Business Analytics,"{"" Data Analysis"","" Business Analysis"","" Probability & Statistics"","" Statistical Analysis"","" Leadership and Management"","" Basic Descriptive Statistics"","" Exploratory Data Analysis"","" Financial Analysis"","" Forecasting"","" Data Model"","" Mathematics"","" Performance Management"","" Strategy"","" Accounting"","" Customer Analysis"","" Human Resources"","" Human Resources Operations"","" Market Analysis"","" Market Research"","" Marketing"","" Mathematical Theory & Analysis"","" Operations Management"","" Operations Research"","" Organizational Development"","" People Analysis"","" People Management"","" Spreadsheet Software"","" Talent Management"","" Financial Accounting"","" People Development"","" Collaboration"","" Finance"","" Regulations and Compliance""}",4.6,17700.0,Beginner , 3 - 6 Months,"['Data Analysis', 'Business Analysis', 'Probability & Statistics', 'Statistical Analysis', 'Leadership and Management', 'Basic Descriptive Statistics', 'Exploratory Data Analysis', 'Financial Analysis', 'Forecasting', 'Data Model', 'Mathematics', 'Performance Management', 'Strategy', 'Accounting', 'Customer Analysis', 'Human Resources', 'Human Resources Operations', 'Market Analysis', 'Market Research', 'Marketing', 'Mathematical Theory & Analysis', 'Operations Management', 'Operations Research', 'Organizational Development', 'People Analysis', 'People Management', 'Spreadsheet Software', 'Talent Management', 'Financial Accounting', 'People Development', 'Collaboration', 'Finance', 'Regulations and Compliance']",data analysis | business analysis | probability & statistics | statistical analysis | leadership and management | basic descriptive statistics | exploratory data analysis | financial analysis | forecasting | data model | mathematics | performance management | strategy | accounting | customer analysis | human resources | human resources operations | market analysis | market research | marketing | mathematical theory & analysis | operations management | operations research | organizational development | people analysis | people management | spreadsheet software | talent management | financial accounting | people development | collaboration | finance | regulations and compliance,"['data analysis', 'business analysis', 'probability & statistics', 'leadership and management', 'strategy', 'marketing', 'finance']",0,1,0,0,0,0,1,0,0,1,0,1,0,0,1,0,1,0,0,0,0,0,1,0,0
HRCI Human Resource Associate,"{"" Benefits"","" Employee Relations"","" Mergers & Acquisitions"","" Performance Management"","" Recruitment"","" Risk Management"","" Training""}",4.7,327.0,Beginner , 3 - 6 Months,"['Benefits', 'Employee Relations', 'Mergers & Acquisitions', 'Performance Management', 'Recruitment', 'Risk Management', 'Training']",benefits | employee relations | mergers & acquisitions | performance management | recruitment | risk management | training,['risk management'],0,0,0,0,0,0,0,0,0,0,0,0,0,0,0,0,0,0,0,0,1,0,0,0,0
Connect and Protect: Networks and Network Security,"{"" Network Security"","" Cloud Computing"","" Network Architecture""}",4.8,2000.0,Beginner , 1 - 4 Weeks,"['Network Security', 'Cloud Computing', 'Network Architecture']",network security | cloud computing | network architecture,['cloud computing'],0,0,1,0,0,0,0,0,0,0,0,0,0,0,0,0,0,0,0,0,0,0,0,0,0
Financial Markets,"{"" Finance"","" Investment Management"","" Risk Management"","" Banking"","" Behavioral Economics"","" Critical Thinking"","" Decision Making"","" Financial Analysis"","" Innovation"","" Regulations and Compliance"","" Leadership and Management""}",4.8,26100.0,Beginner , 1 - 3 Months,"['Finance', 'Investment Management', 'Risk Management', 'Banking', 'Behavioral Economics', 'Critical Thinking', 'Decision Making', 'Financial Analysis', 'Innovation', 'Regulations and Compliance', 'Leadership and Management']",finance | investment management | risk management | banking | behavioral economics | critical thinking | decision making | financial analysis | innovation | regulations and compliance | leadership and management,"['finance', 'risk management', 'critical thinking', 'decision making', 'leadership and management']",0,0,0,0,0,1,0,0,1,1,0,1,0,0,0,0,0,0,0,0,1,0,0,0,0
Ciberseguridad de Google,"{"" Linux"","" Python Programming"","" SQL""}",4.9,1000.0,Beginner , 3 - 6 Months,"['Linux', 'Python Programming', 'SQL']",linux | python programming | sql,"['python programming', 'sql']",0,0,0,0,0,0,0,0,0,0,0,0,0,0,0,0,0,0,0,1,0,1,0,0,0
Indigenous Canada,"{"" Critical Thinking""}",4.8,21500.0,Mixed , 1 - 3 Months,['Critical Thinking'],critical thinking,['critical thinking'],0,0,0,0,0,1,0,0,0,0,0,0,0,0,0,0,0,0,0,0,0,0,0,0,0
The Bits and Bytes of Computer Networking,"{"" Computer Networking"","" Network Architecture"","" Network Model"","" Networking Hardware"","" Network Analysis"","" Critical Thinking"","" Problem Solving"","" Computer Architecture"","" Human Computer Interaction"","" Network Security"","" Cloud Computing""}",4.7,46400.0,Beginner , 1 - 3 Months,"['Computer Networking', 'Network Architecture', 'Network Model', 'Networking Hardware', 'Network Analysis', 'Critical Thinking', 'Problem Solving', 'Computer Architecture', 'Human Computer Interaction', 'Network Security', 'Cloud Computing']",computer networking | network architecture | network model | networking hardware | network analysis | critical thinking | problem solving | computer architecture | human computer interaction | network security | cloud computing,"['critical thinking', 'problem solving', 'cloud computing']",0,0,1,0,0,1,0,0,0,0,0,0,0,0,0,0,0,1,0,0,0,0,0,0,0
SAP Technology Consultant,"{"" Leadership and Management"","" Strategy and Operations"","" Cloud-Based Integration"","" Business Analysis"","" Business Transformation"","" Business Process Management"","" Cloud Applications"","" Strategy"","" Customer Analysis"","" Planning"","" Product Management"","" Project Management"","" Business Intelligence"","" Software As A Service"","" Supply Chain and Logistics"","" Cloud Standards"","" Cloud Computing"","" Network Architecture"","" Software Architecture"","" System Software"","" Communication""}",4.7,494.0,Beginner , 3 - 6 Months,"['Leadership and Management', 'Strategy and Operations', 'Cloud-Based Integration', 'Business Analysis', 'Business Transformation', 'Business Process Management', 'Cloud Applications', 'Strategy', 'Customer Analysis', 'Planning', 'Product Management', 'Project Management', 'Business Intelligence', 'Software As A Service', 'Supply Chain and Logistics', 'Cloud Standards', 'Cloud Computing', 'Network Architecture', 'Software Architecture', 'System Software', 'Communication']",leadership and management | strategy and operations | cloud-based integration | business analysis | business transformation | business process management | cloud applications | strategy | customer analysis | planning | product management | project management | business intelligence | software as a service | supply chain and logistics | cloud standards | cloud computing | network architecture | software architecture | system software | communication,"['leadership and management', 'strategy and operations', 'business analysis', 'strategy', 'planning', 'project management', 'cloud computing', 'communication']",0,1,1,1,0,0,0,0,0,0,0,1,0,0,0,1,0,0,1,0,0,0,1,1,0
IBM Machine Learning,"{"" Machine Learning"","" Machine Learning Algorithms"","" Human Learning"","" Statistical Machine Learning"","" Data Analysis"","" Algorithms"","" Probability & Statistics"","" Applied Machine Learning"","" Forecasting"","" General Statistics"","" Statistical Analysis"","" Regression"","" Deep Learning"","" Python Programming"","" Machine Learning Software"","" Artificial Neural Networks"","" Exploratory Data Analysis"","" Feature Engineering"","" Dimensionality Reduction"","" Statistical Tests"","" Reinforcement Learning"","" Data Model"","" Data Structures"","" Network Model"","" Tensorflow""}",4.6,1900.0,Intermediate , 3 - 6 Months,"['Machine Learning', 'Machine Learning Algorithms', 'Human Learning', 'Statistical Machine Learning', 'Data Analysis', 'Algorithms', 'Probability & Statistics', 'Applied Machine Learning', 'Forecasting', 'General Statistics', 'Statistical Analysis', 'Regression', 'Deep Learning', 'Python Programming', 'Machine Learning Software', 'Artificial Neural Networks', 'Exploratory Data Analysis', 'Feature Engineering', 'Dimensionality Reduction', 'Statistical Tests', 'Reinforcement Learning', 'Data Model', 'Data Structures', 'Network Model', 'Tensorflow']",machine learning | machine learning algorithms | human learning | statistical machine learning | data analysis | algorithms | probability & statistics | applied machine learning | forecasting | general statistics | statistical analysis | regression | deep learning | python programming | machine learning software | artificial neural networks | exploratory data analysis | feature engineering | dimensionality reduction | statistical tests | reinforcement learning | data model | data structures | network model | tensorflow,"['machine learning', 'machine learning algorithms', 'human learning', 'data analysis', 'algorithms', 'probability & statistics', 'python programming']",1,0,0,0,0,0,1,0,0,0,1,0,1,1,0,0,1,0,0,1,0,0,0,0,0
"TESOL Certificate, Part 1: Teach English Now!","{"" Human Learning"","" Planning"","" Strategy"","" Mergers & Acquisitions""}",4.9,16900.0,Beginner , 3 - 6 Months,"['Human Learning', 'Planning', 'Strategy', 'Mergers & Acquisitions']",human learning | planning | strategy | mergers & acquisitions,"['human learning', 'planning', 'strategy']",0,0,0,0,0,0,0,0,0,0,1,0,0,0,0,1,0,0,0,0,0,0,1,0,0
Preparing for Google Cloud Certification: Cloud Architect,"{"" Google Cloud Platform"","" Cloud Computing"","" Cloud Applications"","" Cloud Engineering"","" Cloud Platforms"","" Cloud Infrastructure"","" Cloud Management"","" Cloud Storage"","" Other Cloud Platforms and Tools"","" Cloud Standards"","" Cloud-Based Integration"","" Computer Networking"","" DevOps"","" Google App Engine"","" Computer Architecture"","" Kubernetes"","" Billing & Invoicing"","" Computer Security Models"","" Critical Thinking"","" Network Architecture"","" Computer Programming"","" Operational Analysis"","" Software Testing"","" Leadership and Management""}",4.7,57900.0,Intermediate , 3 - 6 Months,"['Google Cloud Platform', 'Cloud Computing', 'Cloud Applications', 'Cloud Engineering', 'Cloud Platforms', 'Cloud Infrastructure', 'Cloud Management', 'Cloud Storage', 'Other Cloud Platforms and Tools', 'Cloud Standards', 'Cloud-Based Integration', 'Computer Networking', 'DevOps', 'Google App Engine', 'Computer Architecture', 'Kubernetes', 'Billing & Invoicing', 'Computer Security Models', 'Critical Thinking', 'Network Architecture', 'Computer Programming', 'Operational Analysis', 'Software Testing', 'Leadership and Management']",google cloud platform | cloud computing | cloud applications | cloud engineering | cloud platforms | cloud infrastructure | cloud management | cloud storage | other cloud platforms and tools | cloud standards | cloud-based integration | computer networking | devops | google app engine | computer architecture | kubernetes | billing & invoicing | computer security models | critical thinking | network architecture | computer programming | operational analysis | software testing | leadership and management,"['cloud computing', 'critical thinking', 'computer programming', 'leadership and management']",0,0,1,0,1,1,0,0,0,0,0,1,0,0,0,0,0,0,0,0,0,0,0,0,0
IBM Introduction to Machine Learning,"{"" Machine Learning"","" Machine Learning Algorithms"","" Algorithms"","" Statistical Machine Learning"","" Human Learning"","" Probability & Statistics"","" Applied Machine Learning"","" Data Analysis"","" Regression"","" General Statistics"","" Feature Engineering"","" Machine Learning Software"","" Exploratory Data Analysis"","" Dimensionality Reduction"","" Statistical Analysis"","" Data Model"","" Statistical Tests"","" Data Structures""}",4.6,1800.0,Intermediate , 3 - 6 Months,"['Machine Learning', 'Machine Learning Algorithms', 'Algorithms', 'Statistical Machine Learning', 'Human Learning', 'Probability & Statistics', 'Applied Machine Learning', 'Data Analysis', 'Regression', 'General Statistics', 'Feature Engineering', 'Machine Learning Software', 'Exploratory Data Analysis', 'Dimensionality Reduction', 'Statistical Analysis', 'Data Model', 'Statistical Tests', 'Data Structures']",machine learning | machine learning algorithms | algorithms | statistical machine learning | human learning | probability & statistics | applied machine learning | data analysis | regression | general statistics | feature engineering | machine learning software | exploratory data analysis | dimensionality reduction | statistical analysis | data model | statistical tests | data structures,"['machine learning', 'machine learning algorithms', 'algorithms', 'human learning', 'probability & statistics', 'data analysis']",1,0,0,0,0,0,1,0,0,0,1,0,1,1,0,0,1,0,0,0,0,0,0,0,0
Advanced Learning Algorithms,"{"" Applied Machine Learning"","" Machine Learning"","" Machine Learning Algorithms"","" Algorithms"","" Artificial Neural Networks"","" Deep Learning"","" Network Model"","" Tensorflow"","" Machine Learning Software"","" Python Programming""}",4.9,4000.0,Beginner , 1 - 4 Weeks,"['Applied Machine Learning', 'Machine Learning', 'Machine Learning Algorithms', 'Algorithms', 'Artificial Neural Networks', 'Deep Learning', 'Network Model', 'Tensorflow', 'Machine Learning Software', 'Python Programming']",applied machine learning | machine learning | machine learning algorithms | algorithms | artificial neural networks | deep learning | network model | tensorflow | machine learning software | python programming,"['machine learning', 'machine learning algorithms', 'algorithms', 'python programming']",1,0,0,0,0,0,0,0,0,0,0,0,1,1,0,0,0,0,0,1,0,0,0,0,0
Preparing for Google Cloud Certification: Cloud Engineer,"{"" Cloud Computing"","" Google Cloud Platform"","" Cloud Platforms"","" Cloud Applications"","" Cloud Engineering"","" Cloud Storage"","" Cloud Infrastructure"","" Cloud Management"","" Computer Networking"","" Cloud Standards"","" Cloud-Based Integration"","" Computer Architecture"","" Google App Engine"","" Other Cloud Platforms and Tools"","" DevOps"","" Computer Programming Tools"","" Kubernetes"","" Network Architecture"","" Computer Programming"","" Billing & Invoicing"","" Leadership and Management""}",4.7,57700.0,Intermediate , 3 - 6 Months,"['Cloud Computing', 'Google Cloud Platform', 'Cloud Platforms', 'Cloud Applications', 'Cloud Engineering', 'Cloud Storage', 'Cloud Infrastructure', 'Cloud Management', 'Computer Networking', 'Cloud Standards', 'Cloud-Based Integration', 'Computer Architecture', 'Google App Engine', 'Other Cloud Platforms and Tools', 'DevOps', 'Computer Programming Tools', 'Kubernetes', 'Network Architecture', 'Computer Programming', 'Billing & Invoicing', 'Leadership and Management']",cloud computing | google cloud platform | cloud platforms | cloud applications | cloud engineering | cloud storage | cloud infrastructure | cloud management | computer networking | cloud standards | cloud-based integration | computer architecture | google app engine | other cloud platforms and tools | devops | computer programming tools | kubernetes | network architecture | computer programming | billing & invoicing | leadership and management,"['cloud computing', 'computer programming', 'leadership and management']",0,0,1,0,1,0,0,0,0,0,0,1,0,0,0,0,0,0,0,0,0,0,0,0,0
Architecting with Google Compute Engine,"{"" Cloud Applications"","" Cloud Computing"","" Google Cloud Platform"","" Cloud Infrastructure"","" Cloud Platforms"","" Cloud Management"","" Other Cloud Platforms and Tools"","" Cloud Engineering"","" Cloud Storage"","" Cloud-Based Integration"","" Computer Networking"","" Google App Engine"","" Network Architecture"","" Computer Programming"","" Kubernetes"","" Leadership and Management""}",4.7,56800.0,Intermediate , 3 - 6 Months,"['Cloud Applications', 'Cloud Computing', 'Google Cloud Platform', 'Cloud Infrastructure', 'Cloud Platforms', 'Cloud Management', 'Other Cloud Platforms and Tools', 'Cloud Engineering', 'Cloud Storage', 'Cloud-Based Integration', 'Computer Networking', 'Google App Engine', 'Network Architecture', 'Computer Programming', 'Kubernetes', 'Leadership and Management']",cloud applications | cloud computing | google cloud platform | cloud infrastructure | cloud platforms | cloud management | other cloud platforms and tools | cloud engineering | cloud storage | cloud-based integration | computer networking | google app engine | network architecture | computer programming | kubernetes | leadership and management,"['cloud computing', 'computer programming', 'leadership and management']",0,0,1,0,1,0,0,0,0,0,0,1,0,0,0,0,0,0,0,0,0,0,0,0,0
Prepare Data for Exploration,"{"" Data Management"","" Data Analysis"","" Databases"","" Microsoft Excel"","" SQL"","" Spreadsheet Software""}",4.8,17500.0,Beginner , 1 - 3 Months,"['Data Management', 'Data Analysis', 'Databases', 'Microsoft Excel', 'SQL', 'Spreadsheet Software']",data management | data analysis | databases | microsoft excel | sql | spreadsheet software,"['data management', 'data analysis', 'sql']",0,0,0,0,0,0,1,1,0,0,0,0,0,0,0,0,0,0,0,0,0,1,0,0,0
Neural Networks and Deep Learning,"{"" Artificial Neural Networks"","" Deep Learning"","" Machine Learning"","" Machine Learning Algorithms"","" Python Programming"","" Computer Programming"","" Network Architecture"","" Network Model"","" Calculus"","" Human Learning"","" Regression"","" Mathematics""}",4.9,120100.0,Intermediate , 1 - 4 Weeks,"['Artificial Neural Networks', 'Deep Learning', 'Machine Learning', 'Machine Learning Algorithms', 'Python Programming', 'Computer Programming', 'Network Architecture', 'Network Model', 'Calculus', 'Human Learning', 'Regression', 'Mathematics']",artificial neural networks | deep learning | machine learning | machine learning algorithms | python programming | computer programming | network architecture | network model | calculus | human learning | regression | mathematics,"['machine learning', 'machine learning algorithms', 'python programming', 'computer programming', 'human learning']",0,0,0,0,1,0,0,0,0,0,1,0,1,1,0,0,0,0,0,1,0,0,0,0,0
Microsoft 365 Fundamentals,"{"" Visual Design"","" Communication"","" Microsoft Excel"","" Data Visualization"","" Interactive Data Visualization"","" Spreadsheet Software"","" Computer Graphics"","" Critical Thinking"","" Data Analysis"","" Visualization (Computer Graphics)"","" Business Communication"","" Collaboration"","" Data Model"","" User Experience"","" Computer Graphic Techniques"","" Research and Design"","" Statistical Visualization"","" User Experience Design"","" Writing"","" Data Analysis Software"","" Graphic Design"","" Operational Analysis"","" Databases"","" Marketing Design"","" Software Architecture""}",4.7,2700.0,Beginner , 3 - 6 Months,"['Visual Design', 'Communication', 'Microsoft Excel', 'Data Visualization', 'Interactive Data Visualization', 'Spreadsheet Software', 'Computer Graphics', 'Critical Thinking', 'Data Analysis', 'Visualization (Computer Graphics)', 'Business Communication', 'Collaboration', 'Data Model', 'User Experience', 'Computer Graphic Techniques', 'Research and Design', 'Statistical Visualization', 'User Experience Design', 'Writing', 'Data Analysis Software', 'Graphic Design', 'Operational Analysis', 'Databases', 'Marketing Design', 'Software Architecture']",visual design | communication | microsoft excel | data visualization | interactive data visualization | spreadsheet software | computer graphics | critical thinking | data analysis | visualization (computer graphics) | business communication | collaboration | data model | user experience | computer graphic techniques | research and design | statistical visualization | user experience design | writing | data analysis software | graphic design | operational analysis | databases | marketing design | software architecture,"['communication', 'critical thinking', 'data analysis', 'writing']",0,0,0,1,0,1,1,0,0,0,0,0,0,0,0,0,0,0,0,0,0,0,0,0,1
Leading the Modern Day Business,"{"" Leadership and Management"","" Strategy and Operations"","" Entrepreneurship"","" Marketing"","" Sales"","" Strategy"","" Business Analysis"","" Business Transformation"","" Product Management"","" Business Process Management"","" Creativity"","" Innovation"","" Planning"","" Product Strategy"","" Storytelling""}",4.7,19300.0,Beginner , 3 - 6 Months,"['Leadership and Management', 'Strategy and Operations', 'Entrepreneurship', 'Marketing', 'Sales', 'Strategy', 'Business Analysis', 'Business Transformation', 'Product Management', 'Business Process Management', 'Creativity', 'Innovation', 'Planning', 'Product Strategy', 'Storytelling']",leadership and management | strategy and operations | entrepreneurship | marketing | sales | strategy | business analysis | business transformation | product management | business process management | creativity | innovation | planning | product strategy | storytelling,"['leadership and management', 'strategy and operations', 'marketing', 'strategy', 'business analysis', 'planning']",0,1,0,0,0,0,0,0,0,0,0,1,0,0,1,1,0,0,0,0,0,0,1,1,0
Gestión de Proyectos de Google,"{"" Leadership and Management"","" Project Management"","" Strategy and Operations"","" Organizational Development"","" Planning"","" Strategy"","" Collaboration"","" Communication"","" Adaptability"","" Change Management"","" Critical Thinking"","" Decision Making"","" Media Strategy & Planning"","" Process Analysis"","" Probability & Statistics"","" Risk Management"","" Scrum (Software Development)"","" Agile Software Development"","" Budget Management"","" Natural Language Processing"","" Product Management"","" Search Engine Optimization"","" Business Communication"","" Product Development"","" Software Engineering"","" Supply Chain and Logistics""}",4.9,6000.0,Beginner , 3 - 6 Months,"['Leadership and Management', 'Project Management', 'Strategy and Operations', 'Organizational Development', 'Planning', 'Strategy', 'Collaboration', 'Communication', 'Adaptability', 'Change Management', 'Critical Thinking', 'Decision Making', 'Media Strategy & Planning', 'Process Analysis', 'Probability & Statistics', 'Risk Management', 'Scrum (Software Development)', 'Agile Software Development', 'Budget Management', 'Natural Language Processing', 'Product Management', 'Search Engine Optimization', 'Business Communication', 'Product Development', 'Software Engineering', 'Supply Chain and Logistics']",leadership and management | project management | strategy and operations | organizational development | planning | strategy | collaboration | communication | adaptability | change management | critical thinking | decision making | media strategy & planning | process analysis | probability & statistics | risk management | scrum (software development) | agile software development | budget management | natural language processing | product management | search engine optimization | business communication | product development | software engineering | supply chain and logistics,"['leadership and management', 'project management', 'strategy and operations', 'planning', 'strategy', 'communication', 'critical thinking', 'decision making', 'probability & statistics', 'risk management']",0,0,0,1,0,1,0,0,1,0,0,1,0,0,0,1,1,0,1,0,1,0,1,1,0
Digital Product Management,"{"" Agile Software Development"","" Product Management"","" Leadership and Management"","" Design and Product"","" Software Engineering"","" Product Development"","" Project Management"","" User Experience"","" Customer Analysis"","" Product Design"","" Research and Design"","" Data Analysis"","" Business Analysis"","" Communication"","" Continuous Delivery"","" Planning"","" Probability Distribution"","" Product Strategy"","" Strategy""}",4.7,9100.0,Beginner , 3 - 6 Months,"['Agile Software Development', 'Product Management', 'Leadership and Management', 'Design and Product', 'Software Engineering', 'Product Development', 'Project Management', 'User Experience', 'Customer Analysis', 'Product Design', 'Research and Design', 'Data Analysis', 'Business Analysis', 'Communication', 'Continuous Delivery', 'Planning', 'Probability Distribution', 'Product Strategy', 'Strategy']",agile software development | product management | leadership and management | design and product | software engineering | product development | project management | user experience | customer analysis | product design | research and design | data analysis | business analysis | communication | continuous delivery | planning | probability distribution | product strategy | strategy,"['leadership and management', 'project management', 'data analysis', 'business analysis', 'communication', 'planning', 'strategy']",0,1,0,1,0,0,1,0,0,0,0,1,0,0,0,1,0,0,1,0,0,0,1,0,0
Modern Project Management,"{"" Business Analysis"","" Communication"","" Project Management"","" Risk Management""}",4.6,108.0,Beginner , 3 - 6 Months,"['Business Analysis', 'Communication', 'Project Management', 'Risk Management']",business analysis | communication | project management | risk management,"['business analysis', 'communication', 'project management', 'risk management']",0,1,0,1,0,0,0,0,0,0,0,0,0,0,0,0,0,0,1,0,1,0,0,0,0
Graphic Design,"{"" Graphic Design"","" Design and Product"","" Visual Design"","" Communication"","" Computer Graphic Techniques"","" Computer Graphics"","" Creativity"","" Visualization (Computer Graphics)"","" Geometry"","" Interactive Design""}",4.7,19900.0,Beginner , 3 - 6 Months,"['Graphic Design', 'Design and Product', 'Visual Design', 'Communication', 'Computer Graphic Techniques', 'Computer Graphics', 'Creativity', 'Visualization (Computer Graphics)', 'Geometry', 'Interactive Design']",graphic design | design and product | visual design | communication | computer graphic techniques | computer graphics | creativity | visualization (computer graphics) | geometry | interactive design,['communication'],0,0,0,1,0,0,0,0,0,0,0,0,0,0,0,0,0,0,0,0,0,0,0,0,0
Leadership Skills,"{"" Communication"","" Conflict Management"","" Leadership and Management"","" People Management""}",4.8,850.0,Beginner , 1 - 3 Months,"['Communication', 'Conflict Management', 'Leadership and Management', 'People Management']",communication | conflict management | leadership and management | people management,"['communication', 'leadership and management']",0,0,0,1,0,0,0,0,0,0,0,1,0,0,0,0,0,0,0,0,0,0,0,0,0
Improve Your English Communication Skills,"{"" Communication"","" Writing"","" Business Communication"","" Professional Development""}",4.7,25900.0,Beginner , 3 - 6 Months,"['Communication', 'Writing', 'Business Communication', 'Professional Development']",communication | writing | business communication | professional development,"['communication', 'writing']",0,0,0,1,0,0,0,0,0,0,0,0,0,0,0,0,0,0,0,0,0,0,0,0,1
The Materiality of ESG Factors,"{"" Risk Management"","" Leadership and Management"","" Investment Management"","" Regulations and Compliance"","" Business Analysis"","" Decision Making"","" Strategy and Operations"","" Performance Management"","" Strategy"","" Critical Thinking"","" Financial Analysis"","" Business Research"","" Business Transformation"","" Change Management"","" Finance"","" Conflict Management"","" Data Analysis"","" Organizational Development"","" Supply Chain and Logistics"","" Human Resources"","" Innovation"","" Leadership Development"","" People Development"","" Public Relations"","" Resilience"","" Supplier Relationship Management""}",4.7,870.0,Beginner , 3 - 6 Months,"['Risk Management', 'Leadership and Management', 'Investment Management', 'Regulations and Compliance', 'Business Analysis', 'Decision Making', 'Strategy and Operations', 'Performance Management', 'Strategy', 'Critical Thinking', 'Financial Analysis', 'Business Research', 'Business Transformation', 'Change Management', 'Finance', 'Conflict Management', 'Data Analysis', 'Organizational Development', 'Supply Chain and Logistics', 'Human Resources', 'Innovation', 'Leadership Development', 'People Development', 'Public Relations', 'Resilience', 'Supplier Relationship Management']",risk management | leadership and management | investment management | regulations and compliance | business analysis | decision making | strategy and operations | performance management | strategy | critical thinking | financial analysis | business research | business transformation | change management | finance | conflict management | data analysis | organizational development | supply chain and logistics | human resources | innovation | leadership development | people development | public relations | resilience | supplier relationship management,"['risk management', 'leadership and management', 'business analysis', 'decision making', 'strategy and operations', 'strategy', 'critical thinking', 'finance', 'data analysis']",0,1,0,0,0,1,1,0,1,1,0,1,0,0,0,0,0,0,0,0,1,0,1,1,0
Regulatory Compliance,"{"" Regulations and Compliance"","" Critical Thinking"","" Leadership and Management"","" Organizational Development"","" Risk Management"","" Strategy and Operations"","" Strategy"","" Finance"","" Decision Making"","" Employee Relations"","" Problem Solving"","" Communication"","" Operations Management"","" Brand Management"","" Data Management""}",4.8,2000.0,Intermediate , 3 - 6 Months,"['Regulations and Compliance', 'Critical Thinking', 'Leadership and Management', 'Organizational Development', 'Risk Management', 'Strategy and Operations', 'Strategy', 'Finance', 'Decision Making', 'Employee Relations', 'Problem Solving', 'Communication', 'Operations Management', 'Brand Management', 'Data Management']",regulations and compliance | critical thinking | leadership and management | organizational development | risk management | strategy and operations | strategy | finance | decision making | employee relations | problem solving | communication | operations management | brand management | data management,"['critical thinking', 'leadership and management', 'risk management', 'strategy and operations', 'strategy', 'finance', 'decision making', 'problem solving', 'communication', 'data management']",0,0,0,1,0,1,0,1,1,1,0,1,0,0,0,0,0,1,0,0,1,0,1,1,0
Preparing for Google Cloud Certification: Machine Learning Engineer,"{"" Machine Learning"","" Google Cloud Platform"","" Applied Machine Learning"","" Cloud Computing"","" Human Learning"","" Machine Learning Software"","" Cloud Platforms"","" Machine Learning Algorithms"","" Tensorflow"","" Deep Learning"","" Feature Engineering"","" Artificial Neural Networks"","" Training"","" DevOps"","" Exploratory Data Analysis"","" Python Programming"","" Cloud-Based Integration"","" Data Analysis"","" Data Visualization"","" Big Data"","" Probability & Statistics"","" Regression"","" Statistical Programming"","" Statistical Visualization"","" Algorithms"","" Continuous Integration"","" SQL"","" Cloud API"","" Apache"","" Extract"","" Transform"","" Load"","" Docker (Software)""}",4.6,25500.0,Intermediate , 3 - 6 Months,"['Machine Learning', 'Google Cloud Platform', 'Applied Machine Learning', 'Cloud Computing', 'Human Learning', 'Machine Learning Software', 'Cloud Platforms', 'Machine Learning Algorithms', 'Tensorflow', 'Deep Learning', 'Feature Engineering', 'Artificial Neural Networks', 'Training', 'DevOps', 'Exploratory Data Analysis', 'Python Programming', 'Cloud-Based Integration', 'Data Analysis', 'Data Visualization', 'Big Data', 'Probability & Statistics', 'Regression', 'Statistical Programming', 'Statistical Visualization', 'Algorithms', 'Continuous Integration', 'SQL', 'Cloud API', 'Apache', 'Extract', 'Transform', 'Load', 'Docker (Software)']",machine learning | google cloud platform | applied machine learning | cloud computing | human learning | machine learning software | cloud platforms | machine learning algorithms | tensorflow | deep learning | feature engineering | artificial neural networks | training | devops | exploratory data analysis | python programming | cloud-based integration | data analysis | data visualization | big data | probability & statistics | regression | statistical programming | statistical visualization | algorithms | continuous integration | sql | cloud api | apache | extract | transform | load | docker (software),"['machine learning', 'cloud computing', 'human learning', 'machine learning algorithms', 'python programming', 'data analysis', 'probability & statistics', 'algorithms', 'sql']",1,0,1,0,0,0,1,0,0,0,1,0,1,1,0,0,1,0,0,1,0,1,0,0,0
Tools of the Trade: Linux and SQL,"{"" Linux"","" Databases"","" SQL""}",4.8,1600.0,Beginner , 1 - 4 Weeks,"['Linux', 'Databases', 'SQL']",linux | databases | sql,['sql'],0,0,0,0,0,0,0,0,0,0,0,0,0,0,0,0,0,0,0,0,0,1,0,0,0
Preparing for Google Cloud Certification: Cloud DevOps Engineer,"{"" DevOps"","" Cloud Applications"","" Cloud Computing"","" Google Cloud Platform"","" Communication"","" Leadership and Management"","" Cloud Engineering"","" Cloud Infrastructure"","" Cloud Platforms"","" Other Cloud Platforms and Tools"","" Cloud Management"","" Cloud Storage"","" Collaboration"","" Cloud-Based Integration"","" Design and Product"","" Entrepreneurship"","" Product Development"","" Product Management"","" Strategy and Operations"","" Google App Engine"","" Research and Design"","" Kubernetes"","" Docker (Software)"","" Culture""}",4.7,52800.0,Beginner , 3 - 6 Months,"['DevOps', 'Cloud Applications', 'Cloud Computing', 'Google Cloud Platform', 'Communication', 'Leadership and Management', 'Cloud Engineering', 'Cloud Infrastructure', 'Cloud Platforms', 'Other Cloud Platforms and Tools', 'Cloud Management', 'Cloud Storage', 'Collaboration', 'Cloud-Based Integration', 'Design and Product', 'Entrepreneurship', 'Product Development', 'Product Management', 'Strategy and Operations', 'Google App Engine', 'Research and Design', 'Kubernetes', 'Docker (Software)', 'Culture']",devops | cloud applications | cloud computing | google cloud platform | communication | leadership and management | cloud engineering | cloud infrastructure | cloud platforms | other cloud platforms and tools | cloud management | cloud storage | collaboration | cloud-based integration | design and product | entrepreneurship | product development | product management | strategy and operations | google app engine | research and design | kubernetes | docker (software) | culture,"['cloud computing', 'communication', 'leadership and management', 'strategy and operations']",0,0,1,1,0,0,0,0,0,0,0,1,0,0,0,0,0,0,0,0,0,0,0,1,0
Google Cloud Database Engineer,"{"" Cloud Computing"","" Google Cloud Platform"","" Databases"","" Cloud Platforms"","" Cloud Applications"","" Cloud Engineering"","" Cloud Infrastructure"","" Other Cloud Platforms and Tools"","" Cloud Management"","" Cloud Storage"","" Cloud-Based Integration"","" Data Management"","" Google App Engine"","" Database Administration"","" Database Application"","" Kubernetes"","" SQL"","" Data Analysis"","" PostgreSQL""}",4.7,47600.0,Intermediate , 3 - 6 Months,"['Cloud Computing', 'Google Cloud Platform', 'Databases', 'Cloud Platforms', 'Cloud Applications', 'Cloud Engineering', 'Cloud Infrastructure', 'Other Cloud Platforms and Tools', 'Cloud Management', 'Cloud Storage', 'Cloud-Based Integration', 'Data Management', 'Google App Engine', 'Database Administration', 'Database Application', 'Kubernetes', 'SQL', 'Data Analysis', 'PostgreSQL']",cloud computing | google cloud platform | databases | cloud platforms | cloud applications | cloud engineering | cloud infrastructure | other cloud platforms and tools | cloud management | cloud storage | cloud-based integration | data management | google app engine | database administration | database application | kubernetes | sql | data analysis | postgresql,"['cloud computing', 'data management', 'sql', 'data analysis']",0,0,1,0,0,0,1,1,0,0,0,0,0,0,0,0,0,0,0,0,0,1,0,0,0
Project Planning: Putting It All Together,"{"" Project Management"","" Strategy and Operations"","" Leadership and Management"","" Entrepreneurship"","" Finance"","" Planning"","" Supply Chain and Logistics"","" Budget Management"","" Communication"","" Risk Management"","" Procurement""}",4.8,10600.0,Beginner , 1 - 3 Months,"['Project Management', 'Strategy and Operations', 'Leadership and Management', 'Entrepreneurship', 'Finance', 'Planning', 'Supply Chain and Logistics', 'Budget Management', 'Communication', 'Risk Management', 'Procurement']",project management | strategy and operations | leadership and management | entrepreneurship | finance | planning | supply chain and logistics | budget management | communication | risk management | procurement,"['project management', 'strategy and operations', 'leadership and management', 'finance', 'planning', 'communication', 'risk management']",0,0,0,1,0,0,0,0,0,1,0,1,0,0,0,1,0,0,1,0,1,0,0,1,0
AWS Cloud Technology Consultant,"{"" Amazon Web Services"","" Cloud API"","" Cloud Computing"","" Cloud Infrastructure"","" Cloud Storage"","" Continuous Integration"","" Customer Support"","" Data Analysis"","" Data Architecture"","" DevOps"","" Information Technology"","" Leadership and Management"","" Project Management"","" Python Programming"","" Software Architecture"","" Software Testing"","" Strategy"","" Web Development""}",4.8,4400.0,Beginner , 3 - 6 Months,"['Amazon Web Services', 'Cloud API', 'Cloud Computing', 'Cloud Infrastructure', 'Cloud Storage', 'Continuous Integration', 'Customer Support', 'Data Analysis', 'Data Architecture', 'DevOps', 'Information Technology', 'Leadership and Management', 'Project Management', 'Python Programming', 'Software Architecture', 'Software Testing', 'Strategy', 'Web Development']",amazon web services | cloud api | cloud computing | cloud infrastructure | cloud storage | continuous integration | customer support | data analysis | data architecture | devops | information technology | leadership and management | project management | python programming | software architecture | software testing | strategy | web development,"['cloud computing', 'data analysis', 'leadership and management', 'project management', 'python programming', 'strategy']",0,0,1,0,0,0,1,0,0,0,0,1,0,0,0,0,0,0,1,1,0,0,1,0,0
Architecting with Google Kubernetes Engine,"{"" Cloud Computing"","" Google Cloud Platform"","" Cloud Platforms"","" Kubernetes"","" Cloud Engineering"","" Cloud Infrastructure"","" Cloud Management"","" Cloud Applications"","" Cloud Storage"","" DevOps"","" Other Cloud Platforms and Tools"","" Google App Engine"","" Cloud Standards"","" Cloud-Based Integration"","" Billing & Invoicing"","" Account Management""}",4.7,48800.0,Beginner , 3 - 6 Months,"['Cloud Computing', 'Google Cloud Platform', 'Cloud Platforms', 'Kubernetes', 'Cloud Engineering', 'Cloud Infrastructure', 'Cloud Management', 'Cloud Applications', 'Cloud Storage', 'DevOps', 'Other Cloud Platforms and Tools', 'Google App Engine', 'Cloud Standards', 'Cloud-Based Integration', 'Billing & Invoicing', 'Account Management']",cloud computing | google cloud platform | cloud platforms | kubernetes | cloud engineering | cloud infrastructure | cloud management | cloud applications | cloud storage | devops | other cloud platforms and tools | google app engine | cloud standards | cloud-based integration | billing & invoicing | account management,['cloud computing'],0,0,1,0,0,0,0,0,0,0,0,0,0,0,0,0,0,0,0,0,0,0,0,0,0
Writing in the Sciences,"{"" Writing""}",4.9,8100.0,Beginner , 1 - 3 Months,['Writing'],writing,['writing'],0,0,0,0,0,0,0,0,0,0,0,0,0,0,0,0,0,0,0,0,0,0,0,0,1
Foundations of Positive Psychology,"{"" Resilience""}",4.8,7400.0,Beginner , 3 - 6 Months,['Resilience'],resilience,[],0,0,0,0,0,0,0,0,0,0,0,0,0,0,0,0,0,0,0,0,0,0,0,0,0
"Start the UX Design Process: Empathize, Define, and Ideate","{"" Audit"","" Collaboration"","" Human Computer Interaction"","" User Experience"","" User Experience Design"","" User Research""}",4.8,13500.0,Beginner , 1 - 4 Weeks,"['Audit', 'Collaboration', 'Human Computer Interaction', 'User Experience', 'User Experience Design', 'User Research']",audit | collaboration | human computer interaction | user experience | user experience design | user research,[],0,0,0,0,0,0,0,0,0,0,0,0,0,0,0,0,0,0,0,0,0,0,0,0,0
Preparing for Google Cloud Certification: Cloud Developer,"{"" Cloud Applications"","" Cloud Computing"","" Google Cloud Platform"","" Cloud Infrastructure"","" Cloud Platforms"","" Cloud API"","" Cloud Engineering"","" Other Cloud Platforms and Tools"","" Cloud Management"","" Cloud Storage"","" Cloud Load Balancing"","" Cloud-Based Integration"","" DevOps"","" Application Development"","" Google App Engine"","" Software Architecture"","" Computer Architecture"","" Back-End Web Development"","" Docker (Software)"","" Kubernetes""}",4.7,51200.0,Intermediate , 3 - 6 Months,"['Cloud Applications', 'Cloud Computing', 'Google Cloud Platform', 'Cloud Infrastructure', 'Cloud Platforms', 'Cloud API', 'Cloud Engineering', 'Other Cloud Platforms and Tools', 'Cloud Management', 'Cloud Storage', 'Cloud Load Balancing', 'Cloud-Based Integration', 'DevOps', 'Application Development', 'Google App Engine', 'Software Architecture', 'Computer Architecture', 'Back-End Web Development', 'Docker (Software)', 'Kubernetes']",cloud applications | cloud computing | google cloud platform | cloud infrastructure | cloud platforms | cloud api | cloud engineering | other cloud platforms and tools | cloud management | cloud storage | cloud load balancing | cloud-based integration | devops | application development | google app engine | software architecture | computer architecture | back-end web development | docker (software) | kubernetes,['cloud computing'],0,0,1,0,0,0,0,0,0,0,0,0,0,0,0,0,0,0,0,0,0,0,0,0,0
What is Data Science?,"{"" Data Science"","" Data Mining"","" Big Data"","" Data Analysis"","" Deep Learning"","" Machine Learning"","" Regression"","" Writing""}",4.7,66200.0,Beginner , 1 - 4 Weeks,"['Data Science', 'Data Mining', 'Big Data', 'Data Analysis', 'Deep Learning', 'Machine Learning', 'Regression', 'Writing']",data science | data mining | big data | data analysis | deep learning | machine learning | regression | writing,"['data analysis', 'machine learning', 'writing']",0,0,0,0,0,0,1,0,0,0,0,0,1,0,0,0,0,0,0,0,0,0,0,0,1
Attract and Engage Customers with Digital Marketing,"{"" Digital Marketing"","" Marketing"","" Search Engine Optimization"","" Marketing Management"","" Advertising"","" Media Strategy & Planning"","" Persona Research"","" Web Design"","" Web Development"","" Web Development Tools""}",4.8,4200.0,Beginner , 1 - 4 Weeks,"['Digital Marketing', 'Marketing', 'Search Engine Optimization', 'Marketing Management', 'Advertising', 'Media Strategy & Planning', 'Persona Research', 'Web Design', 'Web Development', 'Web Development Tools']",digital marketing | marketing | search engine optimization | marketing management | advertising | media strategy & planning | persona research | web design | web development | web development tools,['marketing'],0,0,0,0,0,0,0,0,0,0,0,0,0,0,1,0,0,0,0,0,0,0,0,0,0
AWS Cloud Solutions Architect,"{"" Amazon Web Services"","" Cloud Computing"","" Cloud Storage"","" Data Management"","" Big Data"","" Cloud Applications"","" Cloud Engineering"","" Cloud Platforms"","" Data Analysis"","" Data Warehousing"","" Extract"","" Transform"","" Load"","" Cloud Management"","" Data Architecture"","" Cloud Infrastructure"","" Data Visualization"","" Database Design"","" Leadership and Management"","" Machine Learning"","" Software Architecture""}",4.8,4700.0,Intermediate , 3 - 6 Months,"['Amazon Web Services', 'Cloud Computing', 'Cloud Storage', 'Data Management', 'Big Data', 'Cloud Applications', 'Cloud Engineering', 'Cloud Platforms', 'Data Analysis', 'Data Warehousing', 'Extract', 'Transform', 'Load', 'Cloud Management', 'Data Architecture', 'Cloud Infrastructure', 'Data Visualization', 'Database Design', 'Leadership and Management', 'Machine Learning', 'Software Architecture']",amazon web services | cloud computing | cloud storage | data management | big data | cloud applications | cloud engineering | cloud platforms | data analysis | data warehousing | extract | transform | load | cloud management | data architecture | cloud infrastructure | data visualization | database design | leadership and management | machine learning | software architecture,"['cloud computing', 'data management', 'data analysis', 'leadership and management', 'machine learning']",0,0,1,0,0,0,1,1,0,0,0,1,1,0,0,0,0,0,0,0,0,0,0,0,0
Learn SQL Basics for Data Science,"{"" Databases"","" SQL"","" Data Management"","" Data Analysis"","" Big Data"","" Data Model"","" Exploratory Data Analysis"","" Database Administration"","" Problem Solving"","" Database Theory"","" Database Design"","" Business Analysis"","" Database Application"","" Extract"","" Transform"","" Load"","" Critical Thinking"","" Apache"","" Computer Programming Tools"","" Data Architecture"","" Distributed Computing Architecture"","" Statistical Tests"","" Data Science""}",4.6,16600.0,Beginner , 3 - 6 Months,"['Databases', 'SQL', 'Data Management', 'Data Analysis', 'Big Data', 'Data Model', 'Exploratory Data Analysis', 'Database Administration', 'Problem Solving', 'Database Theory', 'Database Design', 'Business Analysis', 'Database Application', 'Extract', 'Transform', 'Load', 'Critical Thinking', 'Apache', 'Computer Programming Tools', 'Data Architecture', 'Distributed Computing Architecture', 'Statistical Tests', 'Data Science']",databases | sql | data management | data analysis | big data | data model | exploratory data analysis | database administration | problem solving | database theory | database design | business analysis | database application | extract | transform | load | critical thinking | apache | computer programming tools | data architecture | distributed computing architecture | statistical tests | data science,"['sql', 'data management', 'data analysis', 'problem solving', 'business analysis', 'critical thinking']",0,1,0,0,0,1,1,1,0,0,0,0,0,0,0,0,0,1,0,0,0,1,0,0,0
Introduction to Psychology,"{"" Critical Thinking""}",4.9,27100.0,Beginner , 1 - 3 Months,['Critical Thinking'],critical thinking,['critical thinking'],0,0,0,0,0,1,0,0,0,0,0,0,0,0,0,0,0,0,0,0,0,0,0,0,0
Construction Management,"{"" Project Management"","" Leadership and Management"","" Strategy and Operations"","" Planning"","" Estimation"","" Operations Management"","" Budget Management"","" Accounting"","" Decision Making"","" Finance"","" Cost Accounting"","" Critical Thinking"","" Mathematical Theory & Analysis"","" Financial Accounting"","" Performance Management"","" Strategy"","" Financial Analysis"","" Investment Management"","" Financial Management"","" Process Analysis"","" Risk Management"","" Computational Logic"","" Network Model"","" Statistical Visualization"","" Collaboration"","" Innovation"","" Change Management"","" Business Transformation"","" Supply Chain and Logistics"","" Market Analysis"","" Entrepreneurship"","" Human Factors (Security)""}",4.7,8000.0,Beginner , 3 - 6 Months,"['Project Management', 'Leadership and Management', 'Strategy and Operations', 'Planning', 'Estimation', 'Operations Management', 'Budget Management', 'Accounting', 'Decision Making', 'Finance', 'Cost Accounting', 'Critical Thinking', 'Mathematical Theory & Analysis', 'Financial Accounting', 'Performance Management', 'Strategy', 'Financial Analysis', 'Investment Management', 'Financial Management', 'Process Analysis', 'Risk Management', 'Computational Logic', 'Network Model', 'Statistical Visualization', 'Collaboration', 'Innovation', 'Change Management', 'Business Transformation', 'Supply Chain and Logistics', 'Market Analysis', 'Entrepreneurship', 'Human Factors (Security)']",project management | leadership and management | strategy and operations | planning | estimation | operations management | budget management | accounting | decision making | finance | cost accounting | critical thinking | mathematical theory & analysis | financial accounting | performance management | strategy | financial analysis | investment management | financial management | process analysis | risk management | computational logic | network model | statistical visualization | collaboration | innovation | change management | business transformation | supply chain and logistics | market analysis | entrepreneurship | human factors (security),"['project management', 'leadership and management', 'strategy and operations', 'planning', 'decision making', 'finance', 'critical thinking', 'strategy', 'risk management']",0,0,0,0,0,1,0,0,1,1,0,1,0,0,0,1,0,0,1,0,1,0,1,1,0
Salesforce Sales Operations,"{"" Sales"","" Salesforce"","" Customer Relationship Management"","" Sales Systems"","" Account Management"","" Leadership and Management"","" Strategy and Operations"","" Business Process Management"","" Customer Success"","" Marketing"","" Operations Management"","" Strategy"","" B2B Sales"","" Data Visualization Software"","" Databases"","" Business Analysis"","" Data Visualization""}",4.6,1100.0,Beginner , 3 - 6 Months,"['Sales', 'Salesforce', 'Customer Relationship Management', 'Sales Systems', 'Account Management', 'Leadership and Management', 'Strategy and Operations', 'Business Process Management', 'Customer Success', 'Marketing', 'Operations Management', 'Strategy', 'B2B Sales', 'Data Visualization Software', 'Databases', 'Business Analysis', 'Data Visualization']",sales | salesforce | customer relationship management | sales systems | account management | leadership and management | strategy and operations | business process management | customer success | marketing | operations management | strategy | b2b sales | data visualization software | databases | business analysis | data visualization,"['leadership and management', 'strategy and operations', 'marketing', 'strategy', 'business analysis']",0,1,0,0,0,0,0,0,0,0,0,1,0,0,1,0,0,0,0,0,0,0,1,1,0
Preparing for Google Cloud Certification: Cloud Security Engineer,"{"" Cloud Computing"","" Google Cloud Platform"","" Cloud Platforms"","" Cloud Engineering"","" Cloud Infrastructure"","" Network Security"","" Computer Networking"","" Computer Security Models"","" Cloud Applications"","" Cloud Management"","" Cloud Storage"","" Network Architecture"","" Software Security"","" System Security"","" Other Cloud Platforms and Tools"","" Security Engineering"","" Security Strategy"","" Cloud-Based Integration"","" Google App Engine"","" Network Model"","" Computer Security Incident Management"","" Software-Defined Networking"","" Security Software"","" Kubernetes"","" Leadership and Management""}",4.7,48800.0,Intermediate , 3 - 6 Months,"['Cloud Computing', 'Google Cloud Platform', 'Cloud Platforms', 'Cloud Engineering', 'Cloud Infrastructure', 'Network Security', 'Computer Networking', 'Computer Security Models', 'Cloud Applications', 'Cloud Management', 'Cloud Storage', 'Network Architecture', 'Software Security', 'System Security', 'Other Cloud Platforms and Tools', 'Security Engineering', 'Security Strategy', 'Cloud-Based Integration', 'Google App Engine', 'Network Model', 'Computer Security Incident Management', 'Software-Defined Networking', 'Security Software', 'Kubernetes', 'Leadership and Management']",cloud computing | google cloud platform | cloud platforms | cloud engineering | cloud infrastructure | network security | computer networking | computer security models | cloud applications | cloud management | cloud storage | network architecture | software security | system security | other cloud platforms and tools | security engineering | security strategy | cloud-based integration | google app engine | network model | computer security incident management | software-defined networking | security software | kubernetes | leadership and management,"['cloud computing', 'leadership and management']",0,0,1,0,0,0,0,0,0,0,0,1,0,0,0,0,0,0,0,0,0,0,0,0,0
AWS Fundamentals,"{"" Amazon Web Services"","" Cloud Computing"","" Cloud Management"","" Cloud Infrastructure"","" Cloud Platforms"","" Cloud Applications"","" Cloud Engineering"","" Cloud Storage"","" Cloud API"","" Cloud-Based Integration"","" Network Security"","" Computer Security Models"","" Security Engineering"","" Security Software"","" Security Strategy"","" System Security"","" Cloud Standards"","" Computer Programming Tools"","" Distributed Computing Architecture"","" Data Management"","" Database Design"","" Databases"","" Software Architecture"","" Data Architecture"","" Continuous Delivery"","" Leadership and Management"","" Data Analysis""}",4.8,4500.0,Beginner , 3 - 6 Months,"['Amazon Web Services', 'Cloud Computing', 'Cloud Management', 'Cloud Infrastructure', 'Cloud Platforms', 'Cloud Applications', 'Cloud Engineering', 'Cloud Storage', 'Cloud API', 'Cloud-Based Integration', 'Network Security', 'Computer Security Models', 'Security Engineering', 'Security Software', 'Security Strategy', 'System Security', 'Cloud Standards', 'Computer Programming Tools', 'Distributed Computing Architecture', 'Data Management', 'Database Design', 'Databases', 'Software Architecture', 'Data Architecture', 'Continuous Delivery', 'Leadership and Management', 'Data Analysis']",amazon web services | cloud computing | cloud management | cloud infrastructure | cloud platforms | cloud applications | cloud engineering | cloud storage | cloud api | cloud-based integration | network security | computer security models | security engineering | security software | security strategy | system security | cloud standards | computer programming tools | distributed computing architecture | data management | database design | databases | software architecture | data architecture | continuous delivery | leadership and management | data analysis,"['cloud computing', 'data management', 'leadership and management', 'data analysis']",0,0,1,0,0,0,1,1,0,0,0,1,0,0,0,0,0,0,0,0,0,0,0,0,0
Data Analysis and Presentation Skills: the PwC Approach,"{"" Data Analysis"","" Business Analysis"","" Data Management"","" Data Visualization"","" Microsoft Excel"","" Data Analysis Software"","" Spreadsheet Software"","" Problem Solving"","" Statistical Analysis"","" Interactive Data Visualization"","" Statistical Visualization"","" Extract"","" Transform"","" Load"","" Data Model"","" Data Visualization Software"","" Exploratory Data Analysis"","" General Statistics"","" Big Data"","" Critical Thinking"","" Professional Development"","" Decision Making"","" Communication"","" Business Communication"","" Storytelling"","" Business Process Management"","" Customer Analysis"","" Forecasting"","" Visual Design"","" Planning""}",4.6,10600.0,Beginner , 3 - 6 Months,"['Data Analysis', 'Business Analysis', 'Data Management', 'Data Visualization', 'Microsoft Excel', 'Data Analysis Software', 'Spreadsheet Software', 'Problem Solving', 'Statistical Analysis', 'Interactive Data Visualization', 'Statistical Visualization', 'Extract', 'Transform', 'Load', 'Data Model', 'Data Visualization Software', 'Exploratory Data Analysis', 'General Statistics', 'Big Data', 'Critical Thinking', 'Professional Development', 'Decision Making', 'Communication', 'Business Communication', 'Storytelling', 'Business Process Management', 'Customer Analysis', 'Forecasting', 'Visual Design', 'Planning']",data analysis | business analysis | data management | data visualization | microsoft excel | data analysis software | spreadsheet software | problem solving | statistical analysis | interactive data visualization | statistical visualization | extract | transform | load | data model | data visualization software | exploratory data analysis | general statistics | big data | critical thinking | professional development | decision making | communication | business communication | storytelling | business process management | customer analysis | forecasting | visual design | planning,"['data analysis', 'business analysis', 'data management', 'problem solving', 'critical thinking', 'decision making', 'communication', 'planning']",0,1,0,1,0,1,1,1,1,0,0,0,0,0,0,1,0,1,0,0,0,0,0,0,0
Developing Applications with Google Cloud,"{"" Cloud Computing"","" Google Cloud Platform"","" Cloud Applications"","" Cloud Platforms"","" Cloud API"","" Cloud Infrastructure"","" Other Cloud Platforms and Tools"","" Cloud Engineering"","" Cloud Management"","" Cloud Storage"","" Cloud-Based Integration"","" Application Development"","" Google App Engine"","" Software Architecture"","" Computer Architecture"","" Back-End Web Development"","" Kubernetes""}",4.7,48300.0,Intermediate , 3 - 6 Months,"['Cloud Computing', 'Google Cloud Platform', 'Cloud Applications', 'Cloud Platforms', 'Cloud API', 'Cloud Infrastructure', 'Other Cloud Platforms and Tools', 'Cloud Engineering', 'Cloud Management', 'Cloud Storage', 'Cloud-Based Integration', 'Application Development', 'Google App Engine', 'Software Architecture', 'Computer Architecture', 'Back-End Web Development', 'Kubernetes']",cloud computing | google cloud platform | cloud applications | cloud platforms | cloud api | cloud infrastructure | other cloud platforms and tools | cloud engineering | cloud management | cloud storage | cloud-based integration | application development | google app engine | software architecture | computer architecture | back-end web development | kubernetes,['cloud computing'],0,0,1,0,0,0,0,0,0,0,0,0,0,0,0,0,0,0,0,0,0,0,0,0,0
Supply Chain Management,"{"" Supply Chain Systems"","" Supply Chain and Logistics"","" Planning"","" Strategy and Operations"","" Business Process Management"","" Inventory Management"","" Leadership and Management"","" Operations Management"","" Continuous Delivery"","" Critical Thinking"","" Data Analysis"","" Estimation"","" Forecasting"","" Microsoft Excel"","" Spreadsheet Software"","" Statistical Analysis"","" Strategy"","" Supplier Relationship Management"","" Warehouse Management"","" Probability & Statistics"","" Transportation Operations Management"","" Material Handling"","" Shipping and Receiving"","" Performance Management""}",4.7,13800.0,Beginner , 3 - 6 Months,"['Supply Chain Systems', 'Supply Chain and Logistics', 'Planning', 'Strategy and Operations', 'Business Process Management', 'Inventory Management', 'Leadership and Management', 'Operations Management', 'Continuous Delivery', 'Critical Thinking', 'Data Analysis', 'Estimation', 'Forecasting', 'Microsoft Excel', 'Spreadsheet Software', 'Statistical Analysis', 'Strategy', 'Supplier Relationship Management', 'Warehouse Management', 'Probability & Statistics', 'Transportation Operations Management', 'Material Handling', 'Shipping and Receiving', 'Performance Management']",supply chain systems | supply chain and logistics | planning | strategy and operations | business process management | inventory management | leadership and management | operations management | continuous delivery | critical thinking | data analysis | estimation | forecasting | microsoft excel | spreadsheet software | statistical analysis | strategy | supplier relationship management | warehouse management | probability & statistics | transportation operations management | material handling | shipping and receiving | performance management,"['planning', 'strategy and operations', 'leadership and management', 'critical thinking', 'data analysis', 'strategy', 'probability & statistics']",0,0,0,0,0,1,1,0,0,0,0,1,0,0,0,1,1,0,0,0,0,0,1,1,0
Google Marketing Digital e E-Commerce,"{"" E-Commerce"","" Marketing"","" Search Engine Optimization"","" Strategy""}",4.9,715.0,Beginner , 3 - 6 Months,"['E-Commerce', 'Marketing', 'Search Engine Optimization', 'Strategy']",e-commerce | marketing | search engine optimization | strategy,"['marketing', 'strategy']",0,0,0,0,0,0,0,0,0,0,0,0,0,0,1,0,0,0,0,0,0,0,1,0,0
Preparing for Google Cloud Certification: Cloud Data Engineer,"{"" Cloud Computing"","" Google Cloud Platform"","" Cloud Platforms"","" Big Data"","" Data Management"","" Data Analysis"","" Data Analysis Software"","" Databases"","" Computer Networking"","" Applied Machine Learning"","" Data Warehousing"","" Machine Learning"","" SQL"","" Communication"","" Cloud Storage"","" Data Architecture"","" Human Learning"","" Machine Learning Algorithms"","" Machine Learning Software"","" Algorithms"","" Cloud Applications"","" Cloud Infrastructure"","" Distributed Computing Architecture"","" Other Cloud Platforms and Tools"","" Leadership and Management"","" Network Security"","" Problem Solving"","" Apache"","" Python Programming"","" Feature Engineering"","" Statistical Programming"","" Tensorflow""}",4.6,18200.0,Intermediate , 3 - 6 Months,"['Cloud Computing', 'Google Cloud Platform', 'Cloud Platforms', 'Big Data', 'Data Management', 'Data Analysis', 'Data Analysis Software', 'Databases', 'Computer Networking', 'Applied Machine Learning', 'Data Warehousing', 'Machine Learning', 'SQL', 'Communication', 'Cloud Storage', 'Data Architecture', 'Human Learning', 'Machine Learning Algorithms', 'Machine Learning Software', 'Algorithms', 'Cloud Applications', 'Cloud Infrastructure', 'Distributed Computing Architecture', 'Other Cloud Platforms and Tools', 'Leadership and Management', 'Network Security', 'Problem Solving', 'Apache', 'Python Programming', 'Feature Engineering', 'Statistical Programming', 'Tensorflow']",cloud computing | google cloud platform | cloud platforms | big data | data management | data analysis | data analysis software | databases | computer networking | applied machine learning | data warehousing | machine learning | sql | communication | cloud storage | data architecture | human learning | machine learning algorithms | machine learning software | algorithms | cloud applications | cloud infrastructure | distributed computing architecture | other cloud platforms and tools | leadership and management | network security | problem solving | apache | python programming | feature engineering | statistical programming | tensorflow,"['cloud computing', 'data management', 'data analysis', 'machine learning', 'sql', 'communication', 'human learning', 'machine learning algorithms', 'algorithms', 'leadership and management', 'problem solving', 'python programming']",1,0,1,1,0,0,1,1,0,0,1,1,1,1,0,0,0,1,0,1,0,1,0,0,0
Diseño de Experiencia del Usuario (UX) de Google,"{"" User Experience"","" User Experience Design"","" Research and Design"","" Visual Design"","" Communication"","" Design and Product"","" Persona Research"","" Product Design"","" User Research"","" Adaptability"","" Graphic Design"","" Collaboration"","" Leadership and Management"","" Mobile Development"","" Planning"","" Web Design"","" Audit""}",4.9,3200.0,Beginner , 3 - 6 Months,"['User Experience', 'User Experience Design', 'Research and Design', 'Visual Design', 'Communication', 'Design and Product', 'Persona Research', 'Product Design', 'User Research', 'Adaptability', 'Graphic Design', 'Collaboration', 'Leadership and Management', 'Mobile Development', 'Planning', 'Web Design', 'Audit']",user experience | user experience design | research and design | visual design | communication | design and product | persona research | product design | user research | adaptability | graphic design | collaboration | leadership and management | mobile development | planning | web design | audit,"['communication', 'leadership and management', 'planning']",0,0,0,1,0,0,0,0,0,0,0,1,0,0,0,1,0,0,0,0,0,0,0,0,0
Preparing for Google Cloud Certification: Cloud Network Engineer,"{"" Cloud Computing"","" Google Cloud Platform"","" Cloud Platforms"","" Cloud Engineering"","" Cloud Infrastructure"","" Computer Networking"","" Cloud Applications"","" Other Cloud Platforms and Tools"","" Cloud Management"","" Cloud Storage"","" Cloud-Based Integration"","" Network Architecture"","" Network Model"","" Network Security"","" Software-Defined Networking"","" Google App Engine"","" Security Strategy"","" Kubernetes"","" Leadership and Management""}",4.7,48200.0,Intermediate , 3 - 6 Months,"['Cloud Computing', 'Google Cloud Platform', 'Cloud Platforms', 'Cloud Engineering', 'Cloud Infrastructure', 'Computer Networking', 'Cloud Applications', 'Other Cloud Platforms and Tools', 'Cloud Management', 'Cloud Storage', 'Cloud-Based Integration', 'Network Architecture', 'Network Model', 'Network Security', 'Software-Defined Networking', 'Google App Engine', 'Security Strategy', 'Kubernetes', 'Leadership and Management']",cloud computing | google cloud platform | cloud platforms | cloud engineering | cloud infrastructure | computer networking | cloud applications | other cloud platforms and tools | cloud management | cloud storage | cloud-based integration | network architecture | network model | network security | software-defined networking | google app engine | security strategy | kubernetes | leadership and management,"['cloud computing', 'leadership and management']",0,0,1,0,0,0,0,0,0,0,0,1,0,0,0,0,0,0,0,0,0,0,0,0,0
Security in Google Cloud,"{"" Google Cloud Platform"","" Cloud Computing"","" Cloud Platforms"","" Cloud Infrastructure"","" Cloud Management"","" Security Engineering"","" System Security"","" Cloud Applications"","" Cloud Engineering"","" Computer Security Models"","" Other Cloud Platforms and Tools"","" Cloud Storage"","" Network Security"","" Security Software"","" Security Strategy"","" Software Security"","" Cloud-Based Integration"","" Google App Engine"","" Kubernetes""}",4.7,48000.0,Intermediate , 3 - 6 Months,"['Google Cloud Platform', 'Cloud Computing', 'Cloud Platforms', 'Cloud Infrastructure', 'Cloud Management', 'Security Engineering', 'System Security', 'Cloud Applications', 'Cloud Engineering', 'Computer Security Models', 'Other Cloud Platforms and Tools', 'Cloud Storage', 'Network Security', 'Security Software', 'Security Strategy', 'Software Security', 'Cloud-Based Integration', 'Google App Engine', 'Kubernetes']",google cloud platform | cloud computing | cloud platforms | cloud infrastructure | cloud management | security engineering | system security | cloud applications | cloud engineering | computer security models | other cloud platforms and tools | cloud storage | network security | security software | security strategy | software security | cloud-based integration | google app engine | kubernetes,['cloud computing'],0,0,1,0,0,0,0,0,0,0,0,0,0,0,0,0,0,0,0,0,0,0,0,0,0
Networking in Google Cloud,"{"" Cloud Computing"","" Google Cloud Platform"","" Cloud Platforms"","" Cloud Engineering"","" Cloud Infrastructure"","" Computer Networking"","" Cloud Applications"","" Other Cloud Platforms and Tools"","" Cloud Management"","" Cloud Storage"","" Cloud-Based Integration"","" Network Architecture"","" Network Model"","" Network Security"","" Software-Defined Networking"","" Google App Engine"","" Security Strategy"","" Kubernetes"","" Leadership and Management""}",4.7,48200.0,Intermediate , 3 - 6 Months,"['Cloud Computing', 'Google Cloud Platform', 'Cloud Platforms', 'Cloud Engineering', 'Cloud Infrastructure', 'Computer Networking', 'Cloud Applications', 'Other Cloud Platforms and Tools', 'Cloud Management', 'Cloud Storage', 'Cloud-Based Integration', 'Network Architecture', 'Network Model', 'Network Security', 'Software-Defined Networking', 'Google App Engine', 'Security Strategy', 'Kubernetes', 'Leadership and Management']",cloud computing | google cloud platform | cloud platforms | cloud engineering | cloud infrastructure | computer networking | cloud applications | other cloud platforms and tools | cloud management | cloud storage | cloud-based integration | network architecture | network model | network security | software-defined networking | google app engine | security strategy | kubernetes | leadership and management,"['cloud computing', 'leadership and management']",0,0,1,0,0,0,0,0,0,0,0,1,0,0,0,0,0,0,0,0,0,0,0,0,0
Security Analyst Fundamentals,"{"" Security Strategy"","" Computer Security Incident Management"","" Python Programming"","" Cyberattacks"","" DevOps"","" Mobile Security"","" Software Security"","" System Software"","" Computer Programming"","" Leadership and Management""}",4.7,3600.0,Beginner , 3 - 6 Months,"['Security Strategy', 'Computer Security Incident Management', 'Python Programming', 'Cyberattacks', 'DevOps', 'Mobile Security', 'Software Security', 'System Software', 'Computer Programming', 'Leadership and Management']",security strategy | computer security incident management | python programming | cyberattacks | devops | mobile security | software security | system software | computer programming | leadership and management,"['python programming', 'computer programming', 'leadership and management']",0,0,0,0,1,0,0,0,0,0,0,1,0,0,0,0,0,0,0,1,0,0,0,0,0
Introduction to Statistics,"{"" General Statistics"","" Probability & Statistics"","" Statistical Analysis"","" Critical Thinking"","" Basic Descriptive Statistics"","" Data Analysis"","" Statistical Tests"","" Mathematics"","" Problem Solving"","" Statistical Visualization""}",4.6,2600.0,Beginner , 1 - 3 Months,"['General Statistics', 'Probability & Statistics', 'Statistical Analysis', 'Critical Thinking', 'Basic Descriptive Statistics', 'Data Analysis', 'Statistical Tests', 'Mathematics', 'Problem Solving', 'Statistical Visualization']",general statistics | probability & statistics | statistical analysis | critical thinking | basic descriptive statistics | data analysis | statistical tests | mathematics | problem solving | statistical visualization,"['probability & statistics', 'critical thinking', 'data analysis', 'problem solving']",0,0,0,0,0,1,1,0,0,0,0,0,0,0,0,0,1,1,0,0,0,0,0,0,0
Introduction to Data Analytics,"{"" Data Analysis"","" Databases"","" Python Programming"","" SQL"","" Data Management"","" Data Mining"","" Data Science"","" NoSQL"","" R Programming"","" Microsoft Excel""}",4.8,13500.0,Beginner , 1 - 3 Months,"['Data Analysis', 'Databases', 'Python Programming', 'SQL', 'Data Management', 'Data Mining', 'Data Science', 'NoSQL', 'R Programming', 'Microsoft Excel']",data analysis | databases | python programming | sql | data management | data mining | data science | nosql | r programming | microsoft excel,"['data analysis', 'python programming', 'sql', 'data management']",0,0,0,0,0,0,1,1,0,0,0,0,0,0,0,0,0,0,0,1,0,1,0,0,0
Introduction to Generative AI,"{"" Artificial Neural Networks"","" Deep Learning"","" Machine Learning""}",4.6,1900.0,Beginner , 1 - 4 Weeks,"['Artificial Neural Networks', 'Deep Learning', 'Machine Learning']",artificial neural networks | deep learning | machine learning,['machine learning'],0,0,0,0,0,0,0,0,0,0,0,0,1,0,0,0,0,0,0,0,0,0,0,0,0
"Data Engineering, Big Data, and Machine Learning on GCP","{"" Google Cloud Platform"","" Cloud Computing"","" Cloud Platforms"","" Big Data"","" Data Analysis"","" Data Management"","" Applied Machine Learning"","" Data Warehousing"","" Machine Learning"","" SQL"","" Cloud Storage"","" Data Architecture"","" Human Learning"","" Machine Learning Algorithms"","" Machine Learning Software"","" Algorithms"","" Cloud Applications"","" Cloud Infrastructure"","" Databases"","" Distributed Computing Architecture"","" Other Cloud Platforms and Tools"","" Apache"","" Python Programming"","" Feature Engineering"","" Statistical Programming"","" Tensorflow""}",4.6,17900.0,Intermediate , 3 - 6 Months,"['Google Cloud Platform', 'Cloud Computing', 'Cloud Platforms', 'Big Data', 'Data Analysis', 'Data Management', 'Applied Machine Learning', 'Data Warehousing', 'Machine Learning', 'SQL', 'Cloud Storage', 'Data Architecture', 'Human Learning', 'Machine Learning Algorithms', 'Machine Learning Software', 'Algorithms', 'Cloud Applications', 'Cloud Infrastructure', 'Databases', 'Distributed Computing Architecture', 'Other Cloud Platforms and Tools', 'Apache', 'Python Programming', 'Feature Engineering', 'Statistical Programming', 'Tensorflow']",google cloud platform | cloud computing | cloud platforms | big data | data analysis | data management | applied machine learning | data warehousing | machine learning | sql | cloud storage | data architecture | human learning | machine learning algorithms | machine learning software | algorithms | cloud applications | cloud infrastructure | databases | distributed computing architecture | other cloud platforms and tools | apache | python programming | feature engineering | statistical programming | tensorflow,"['cloud computing', 'data analysis', 'data management', 'machine learning', 'sql', 'human learning', 'machine learning algorithms', 'algorithms', 'python programming']",1,0,1,0,0,0,1,1,0,0,1,0,1,1,0,0,0,0,0,1,0,1,0,0,0
Arizona State University TESOL,"{"" Human Learning"","" Strategy"","" Planning"","" Writing"","" Mergers & Acquisitions""}",4.9,18100.0,Beginner , 3 - 6 Months,"['Human Learning', 'Strategy', 'Planning', 'Writing', 'Mergers & Acquisitions']",human learning | strategy | planning | writing | mergers & acquisitions,"['human learning', 'strategy', 'planning', 'writing']",0,0,0,0,0,0,0,0,0,0,1,0,0,0,0,1,0,0,0,0,0,0,1,0,1
DevOps on AWS,"{"" Amazon Web Services"","" Cloud Computing"","" Continuous Integration"","" DevOps"","" Devops Tools"","" Continuous Delivery"","" Cloud Applications"","" Cloud Infrastructure"","" Cloud Management"","" Cloud Platforms"","" Cloud Standards"","" Software Testing"","" Software Engineering"","" Leadership and Management"","" Cloud Storage""}",4.8,4600.0,Intermediate , 1 - 3 Months,"['Amazon Web Services', 'Cloud Computing', 'Continuous Integration', 'DevOps', 'Devops Tools', 'Continuous Delivery', 'Cloud Applications', 'Cloud Infrastructure', 'Cloud Management', 'Cloud Platforms', 'Cloud Standards', 'Software Testing', 'Software Engineering', 'Leadership and Management', 'Cloud Storage']",amazon web services | cloud computing | continuous integration | devops | devops tools | continuous delivery | cloud applications | cloud infrastructure | cloud management | cloud platforms | cloud standards | software testing | software engineering | leadership and management | cloud storage,"['cloud computing', 'leadership and management']",0,0,1,0,0,0,0,0,0,0,0,1,0,0,0,0,0,0,0,0,0,0,0,0,0
Process Data from Dirty to Clean,"{"" Data Analysis"","" SQL"","" Spreadsheet Software"","" General Statistics"","" Databases"","" Extract"","" Transform"","" Load"","" Microsoft Excel""}",4.8,13300.0,Beginner , 1 - 3 Months,"['Data Analysis', 'SQL', 'Spreadsheet Software', 'General Statistics', 'Databases', 'Extract', 'Transform', 'Load', 'Microsoft Excel']",data analysis | sql | spreadsheet software | general statistics | databases | extract | transform | load | microsoft excel,"['data analysis', 'sql']",0,0,0,0,0,0,1,0,0,0,0,0,0,0,0,0,0,0,0,0,0,1,0,0,0
Agile Project Management,"{"" Agile Software Development"","" Software Engineering"","" Project Management"","" Scrum (Software Development)"","" Strategy and Operations"","" Collaboration"","" Leadership and Management"","" Communication"","" Entrepreneurship"","" Product Management"","" Influencing"","" Problem Solving""}",4.8,10400.0,Beginner , 1 - 4 Weeks,"['Agile Software Development', 'Software Engineering', 'Project Management', 'Scrum (Software Development)', 'Strategy and Operations', 'Collaboration', 'Leadership and Management', 'Communication', 'Entrepreneurship', 'Product Management', 'Influencing', 'Problem Solving']",agile software development | software engineering | project management | scrum (software development) | strategy and operations | collaboration | leadership and management | communication | entrepreneurship | product management | influencing | problem solving,"['project management', 'strategy and operations', 'leadership and management', 'communication', 'problem solving']",0,0,0,1,0,0,0,0,0,0,0,1,0,0,0,0,0,1,1,0,0,0,0,1,0
Microsoft Azure Data Engineering Associate (DP-203),"{"" Data Management"","" Microsoft Azure"","" Extract"","" Transform"","" Load"","" Cloud Computing"","" Big Data"","" Data Warehousing"","" Cloud-Based Integration"","" Cloud Storage"","" Data Architecture"","" Cloud Engineering"","" Cloud Platforms"","" Databases"","" SQL"","" Data Analysis"","" Cloud Applications"","" Data Structures"","" Distributed Computing Architecture"","" Cloud Management"","" Warehouse Management"","" Leadership and Management"","" NoSQL"","" Apache"","" Continuous Integration"","" Operational Analysis"","" Python Programming""}",4.4,785.0,Intermediate , 3 - 6 Months,"['Data Management', 'Microsoft Azure', 'Extract', 'Transform', 'Load', 'Cloud Computing', 'Big Data', 'Data Warehousing', 'Cloud-Based Integration', 'Cloud Storage', 'Data Architecture', 'Cloud Engineering', 'Cloud Platforms', 'Databases', 'SQL', 'Data Analysis', 'Cloud Applications', 'Data Structures', 'Distributed Computing Architecture', 'Cloud Management', 'Warehouse Management', 'Leadership and Management', 'NoSQL', 'Apache', 'Continuous Integration', 'Operational Analysis', 'Python Programming']",data management | microsoft azure | extract | transform | load | cloud computing | big data | data warehousing | cloud-based integration | cloud storage | data architecture | cloud engineering | cloud platforms | databases | sql | data analysis | cloud applications | data structures | distributed computing architecture | cloud management | warehouse management | leadership and management | nosql | apache | continuous integration | operational analysis | python programming,"['data management', 'cloud computing', 'sql', 'data analysis', 'leadership and management', 'python programming']",0,0,1,0,0,0,1,1,0,0,0,1,0,0,0,0,0,0,0,1,0,1,0,0,0
Operating Systems and You: Becoming a Power User,"{"" Linux"","" Leadership and Management"","" Operating Systems""}",4.7,26500.0,Beginner , 1 - 3 Months,"['Linux', 'Leadership and Management', 'Operating Systems']",linux | leadership and management | operating systems,['leadership and management'],0,0,0,0,0,0,0,0,0,0,0,1,0,0,0,0,0,0,0,0,0,0,0,0,0
Linear Algebra for Machine Learning and Data Science,"{"" Algebra"","" Linear Algebra"","" Mathematics"","" Python Programming"","" Critical Thinking"","" Dimensionality Reduction"","" Machine Learning Algorithms"","" Mathematical Theory & Analysis"","" Machine Learning""}",4.5,940.0,Beginner , 1 - 4 Weeks,"['Algebra', 'Linear Algebra', 'Mathematics', 'Python Programming', 'Critical Thinking', 'Dimensionality Reduction', 'Machine Learning Algorithms', 'Mathematical Theory & Analysis', 'Machine Learning']",algebra | linear algebra | mathematics | python programming | critical thinking | dimensionality reduction | machine learning algorithms | mathematical theory & analysis | machine learning,"['python programming', 'critical thinking', 'machine learning algorithms', 'machine learning']",0,0,0,0,0,1,0,0,0,0,0,0,1,1,0,0,0,0,0,1,0,0,0,0,0
Generative AI Fundamentals,"{"" Machine Learning""}",4.6,12.0,Beginner , 1 - 3 Months,['Machine Learning'],machine learning,['machine learning'],0,0,0,0,0,0,0,0,0,0,0,0,1,0,0,0,0,0,0,0,0,0,0,0,0
ChatGPT Advanced Data Analysis,"{"" Data Analysis""}",4.9,93.0,Beginner , 1 - 3 Months,['Data Analysis'],data analysis,['data analysis'],0,0,0,0,0,0,1,0,0,0,0,0,0,0,0,0,0,0,0,0,0,0,0,0,0
Business Strategy,"{"" Strategy"","" Strategy and Operations"","" Leadership and Management"","" Entrepreneurship"","" Marketing"","" Sales"","" Market Analysis"","" Business Development"","" Business Analysis"","" Business Transformation"","" Finance"","" Investment Management"","" Planning"","" Product Strategy"","" Business Design"","" Decision Making"","" Research and Design""}",4.8,4000.0,Beginner , 3 - 6 Months,"['Strategy', 'Strategy and Operations', 'Leadership and Management', 'Entrepreneurship', 'Marketing', 'Sales', 'Market Analysis', 'Business Development', 'Business Analysis', 'Business Transformation', 'Finance', 'Investment Management', 'Planning', 'Product Strategy', 'Business Design', 'Decision Making', 'Research and Design']",strategy | strategy and operations | leadership and management | entrepreneurship | marketing | sales | market analysis | business development | business analysis | business transformation | finance | investment management | planning | product strategy | business design | decision making | research and design,"['strategy', 'strategy and operations', 'leadership and management', 'marketing', 'business analysis', 'finance', 'planning', 'decision making']",0,1,0,0,0,0,0,0,1,1,0,1,0,0,1,1,0,0,0,0,0,0,1,1,0
Digital Marketing,"{"" Digital Marketing"","" Marketing"","" Market Analysis"","" Media Strategy & Planning"","" Social Media"","" Data Analysis"","" Market Research"","" Advertising"","" Communication"","" Customer Relationship Management"","" Strategy"","" Business Analysis"","" Data Visualization"","" Exploratory Data Analysis"","" Data Management"","" Brand Management"","" Marketing Management"","" Data Analysis Software"","" Decision Making"","" Marketing Design"","" Critical Thinking"","" Process Analysis"","" Business Communication"","" Business Intelligence"","" Business Transformation"","" Interactive Data Visualization"","" Collaboration"","" Innovation"","" Planning""}",4.7,22400.0,Beginner , 3 - 6 Months,"['Digital Marketing', 'Marketing', 'Market Analysis', 'Media Strategy & Planning', 'Social Media', 'Data Analysis', 'Market Research', 'Advertising', 'Communication', 'Customer Relationship Management', 'Strategy', 'Business Analysis', 'Data Visualization', 'Exploratory Data Analysis', 'Data Management', 'Brand Management', 'Marketing Management', 'Data Analysis Software', 'Decision Making', 'Marketing Design', 'Critical Thinking', 'Process Analysis', 'Business Communication', 'Business Intelligence', 'Business Transformation', 'Interactive Data Visualization', 'Collaboration', 'Innovation', 'Planning']",digital marketing | marketing | market analysis | media strategy & planning | social media | data analysis | market research | advertising | communication | customer relationship management | strategy | business analysis | data visualization | exploratory data analysis | data management | brand management | marketing management | data analysis software | decision making | marketing design | critical thinking | process analysis | business communication | business intelligence | business transformation | interactive data visualization | collaboration | innovation | planning,"['marketing', 'data analysis', 'communication', 'strategy', 'business analysis', 'data management', 'decision making', 'critical thinking', 'planning']",0,1,0,1,0,1,1,1,1,0,0,0,0,0,1,1,0,0,0,0,0,0,1,0,0
"HTML, CSS, and Javascript for Web Developers","{"" Front-End Web Development"","" HTML and CSS"","" Javascript"","" Web Development""}",4.7,15900.0,Mixed , 1 - 3 Months,"['Front-End Web Development', 'HTML and CSS', 'Javascript', 'Web Development']",front-end web development | html and css | javascript | web development,[],0,0,0,0,0,0,0,0,0,0,0,0,0,0,0,0,0,0,0,0,0,0,0,0,0
Entrepreneurship,"{"" Entrepreneurship"","" Strategy"","" Leadership and Management"","" Strategy and Operations"","" Planning"","" Business Development"","" Business Analysis"","" Entrepreneurial Finance"","" Innovation"","" Finance"","" Financial Management"","" Market Research"","" Business Design"","" Critical Thinking"","" Product Strategy"","" Business Psychology"","" Decision Making"","" Financial Accounting"","" Financial Analysis"","" Marketing"","" Accounting"","" Adaptability"","" User Research"","" Collaboration""}",4.8,5300.0,Beginner , 3 - 6 Months,"['Entrepreneurship', 'Strategy', 'Leadership and Management', 'Strategy and Operations', 'Planning', 'Business Development', 'Business Analysis', 'Entrepreneurial Finance', 'Innovation', 'Finance', 'Financial Management', 'Market Research', 'Business Design', 'Critical Thinking', 'Product Strategy', 'Business Psychology', 'Decision Making', 'Financial Accounting', 'Financial Analysis', 'Marketing', 'Accounting', 'Adaptability', 'User Research', 'Collaboration']",entrepreneurship | strategy | leadership and management | strategy and operations | planning | business development | business analysis | entrepreneurial finance | innovation | finance | financial management | market research | business design | critical thinking | product strategy | business psychology | decision making | financial accounting | financial analysis | marketing | accounting | adaptability | user research | collaboration,"['strategy', 'leadership and management', 'strategy and operations', 'planning', 'business analysis', 'finance', 'critical thinking', 'decision making', 'marketing']",0,1,0,0,0,1,0,0,1,1,0,1,0,0,1,1,0,0,0,0,0,0,1,1,0
Search Engine Optimization (SEO),"{"" Marketing"","" Search Engine Optimization"","" Digital Marketing"","" Strategy"","" Social Media"","" User Experience"","" Customer Analysis"","" Media Strategy & Planning"","" User Research"","" Web Development"","" Market Analysis"","" Data Analysis"","" Market Research"","" Marketing Psychology"","" User Experience Design"","" Web Development Tools"","" Algorithms"","" Brand Management"","" Communication"","" Critical Thinking"","" Influencing"","" Audit"","" Marketing Design"","" Writing"","" Web Design""}",4.6,12100.0,Beginner , 3 - 6 Months,"['Marketing', 'Search Engine Optimization', 'Digital Marketing', 'Strategy', 'Social Media', 'User Experience', 'Customer Analysis', 'Media Strategy & Planning', 'User Research', 'Web Development', 'Market Analysis', 'Data Analysis', 'Market Research', 'Marketing Psychology', 'User Experience Design', 'Web Development Tools', 'Algorithms', 'Brand Management', 'Communication', 'Critical Thinking', 'Influencing', 'Audit', 'Marketing Design', 'Writing', 'Web Design']",marketing | search engine optimization | digital marketing | strategy | social media | user experience | customer analysis | media strategy & planning | user research | web development | market analysis | data analysis | market research | marketing psychology | user experience design | web development tools | algorithms | brand management | communication | critical thinking | influencing | audit | marketing design | writing | web design,"['marketing', 'strategy', 'data analysis', 'algorithms', 'communication', 'critical thinking', 'writing']",1,0,0,1,0,1,1,0,0,0,0,0,0,0,1,0,0,0,0,0,0,0,1,0,1
"Unsupervised Learning, Recommenders, Reinforcement Learning","{"" Algorithms"","" Machine Learning"","" Machine Learning Algorithms"","" Applied Machine Learning"","" Human Learning"","" Deep Learning"","" Machine Learning Software"","" Mathematics"","" Reinforcement Learning"","" Statistical Machine Learning"","" Tensorflow""}",4.9,2000.0,Beginner , 1 - 4 Weeks,"['Algorithms', 'Machine Learning', 'Machine Learning Algorithms', 'Applied Machine Learning', 'Human Learning', 'Deep Learning', 'Machine Learning Software', 'Mathematics', 'Reinforcement Learning', 'Statistical Machine Learning', 'Tensorflow']",algorithms | machine learning | machine learning algorithms | applied machine learning | human learning | deep learning | machine learning software | mathematics | reinforcement learning | statistical machine learning | tensorflow,"['algorithms', 'machine learning', 'machine learning algorithms', 'human learning']",1,0,0,0,0,0,0,0,0,0,1,0,1,1,0,0,0,0,0,0,0,0,0,0,0
"NoSQL, Big Data, and Spark Foundations","{"" Apache"","" Big Data"","" Data Management"","" Distributed Computing Architecture"","" Databases"","" NoSQL"","" Extract"","" Transform"","" Load"","" SQL"","" Cloud Computing"","" Data Model"","" Machine Learning"","" Data Architecture"","" Database Administration"","" Database Design"","" Cloud Applications"","" Cloud Storage"","" IBM Cloud"","" Kubernetes"","" Python Programming""}",4.4,452.0,Beginner , 3 - 6 Months,"['Apache', 'Big Data', 'Data Management', 'Distributed Computing Architecture', 'Databases', 'NoSQL', 'Extract', 'Transform', 'Load', 'SQL', 'Cloud Computing', 'Data Model', 'Machine Learning', 'Data Architecture', 'Database Administration', 'Database Design', 'Cloud Applications', 'Cloud Storage', 'IBM Cloud', 'Kubernetes', 'Python Programming']",apache | big data | data management | distributed computing architecture | databases | nosql | extract | transform | load | sql | cloud computing | data model | machine learning | data architecture | database administration | database design | cloud applications | cloud storage | ibm cloud | kubernetes | python programming,"['data management', 'sql', 'cloud computing', 'machine learning', 'python programming']",0,0,1,0,0,0,0,1,0,0,0,0,1,0,0,0,0,0,0,1,0,1,0,0,0
"Python for Data Science, AI & Development","{"" Python Programming"","" Computer Programming"","" Data Analysis""}",4.6,34000.0,Beginner , 1 - 3 Months,"['Python Programming', 'Computer Programming', 'Data Analysis']",python programming | computer programming | data analysis,"['python programming', 'computer programming', 'data analysis']",0,0,0,0,1,0,1,0,0,0,0,0,0,0,0,0,0,0,0,1,0,0,0,0,0
AI Product Management,"{"" Machine Learning"","" Machine Learning Algorithms"","" Applied Machine Learning"","" Probability & Statistics"","" Regression"","" Design and Product"","" Human Computer Interaction"","" Communication"","" Human Factors (Security)"","" Human Learning"","" User Experience"","" User Experience Design"","" Data Analysis"","" Data Mining"","" Deep Learning"","" Project Management"","" Algorithms"","" Data Science"","" Leadership and Management""}",4.7,350.0,Beginner , 3 - 6 Months,"['Machine Learning', 'Machine Learning Algorithms', 'Applied Machine Learning', 'Probability & Statistics', 'Regression', 'Design and Product', 'Human Computer Interaction', 'Communication', 'Human Factors (Security)', 'Human Learning', 'User Experience', 'User Experience Design', 'Data Analysis', 'Data Mining', 'Deep Learning', 'Project Management', 'Algorithms', 'Data Science', 'Leadership and Management']",machine learning | machine learning algorithms | applied machine learning | probability & statistics | regression | design and product | human computer interaction | communication | human factors (security) | human learning | user experience | user experience design | data analysis | data mining | deep learning | project management | algorithms | data science | leadership and management,"['machine learning', 'machine learning algorithms', 'probability & statistics', 'communication', 'human learning', 'data analysis', 'project management', 'algorithms', 'leadership and management']",1,0,0,1,0,0,1,0,0,0,1,1,1,1,0,0,1,0,1,0,0,0,0,0,0
Crash Course on Python,"{"" Computer Programming"","" Data Structures"","" Problem Solving"","" Python Programming""}",4.8,34500.0,Beginner , 1 - 3 Months,"['Computer Programming', 'Data Structures', 'Problem Solving', 'Python Programming']",computer programming | data structures | problem solving | python programming,"['computer programming', 'problem solving', 'python programming']",0,0,0,0,1,0,0,0,0,0,0,0,0,0,0,0,0,1,0,1,0,0,0,0,0
Data Structures and Algorithms,"{"" Algorithms"","" Theoretical Computer Science"","" Computer Programming"","" Data Structures"","" Problem Solving"","" Mathematics"","" Computational Thinking"","" Computer Programming Tools"","" Computational Logic"","" Critical Thinking"","" Graph Theory"","" Programming Principles"","" Mathematical Theory & Analysis"","" C++ Programming"","" Algebra"","" Software Testing""}",4.6,16200.0,Intermediate , 3 - 6 Months,"['Algorithms', 'Theoretical Computer Science', 'Computer Programming', 'Data Structures', 'Problem Solving', 'Mathematics', 'Computational Thinking', 'Computer Programming Tools', 'Computational Logic', 'Critical Thinking', 'Graph Theory', 'Programming Principles', 'Mathematical Theory & Analysis', 'C++ Programming', 'Algebra', 'Software Testing']",algorithms | theoretical computer science | computer programming | data structures | problem solving | mathematics | computational thinking | computer programming tools | computational logic | critical thinking | graph theory | programming principles | mathematical theory & analysis | c++ programming | algebra | software testing,"['algorithms', 'computer programming', 'problem solving', 'critical thinking']",1,0,0,0,1,1,0,0,0,0,0,0,0,0,0,0,0,1,0,0,0,0,0,0,0
Certified in Cybersecurity,"{"" Computer Security Incident Management"","" Risk Management"","" Leadership and Management"","" Network Security"","" Cryptography"","" Cyberattacks""}",4.8,382.0,Beginner , 3 - 6 Months,"['Computer Security Incident Management', 'Risk Management', 'Leadership and Management', 'Network Security', 'Cryptography', 'Cyberattacks']",computer security incident management | risk management | leadership and management | network security | cryptography | cyberattacks,"['risk management', 'leadership and management']",0,0,0,0,0,0,0,0,0,0,0,1,0,0,0,0,0,0,0,0,1,0,0,0,0
Data Science,"{"" R Programming"","" Data Analysis"","" Statistical Programming"","" Statistical Analysis"","" Computer Programming"","" Exploratory Data Analysis"","" General Statistics"","" Problem Solving"","" Probability & Statistics"","" Computer Programming Tools"","" Critical Thinking"","" Programming Principles"","" Statistical Tests"","" Data Management"","" Data Structures"","" Statistical Machine Learning"","" Basic Descriptive Statistics"","" Algorithms"","" Data Model"","" Human Learning"","" Machine Learning"","" Machine Learning Algorithms"","" Process Analysis"","" Correlation And Dependence"","" Data Visualization"","" Plot (Graphics)"","" Regression"","" Computer Graphics"","" Interactive Data Visualization"","" Applied Machine Learning"","" Big Data"","" Computational Thinking"","" Data Mining"","" Estimation"","" Extract"","" Transform"","" Load"","" Probability Distribution"","" Databases"","" Machine Learning Software"","" Communication"","" Computer Graphic Techniques"","" Knitr"","" Natural Language Processing"","" Visualization (Computer Graphics)"","" Product Development"","" Web Development""}",4.5,50300.0,Beginner , 3 - 6 Months,"['R Programming', 'Data Analysis', 'Statistical Programming', 'Statistical Analysis', 'Computer Programming', 'Exploratory Data Analysis', 'General Statistics', 'Problem Solving', 'Probability & Statistics', 'Computer Programming Tools', 'Critical Thinking', 'Programming Principles', 'Statistical Tests', 'Data Management', 'Data Structures', 'Statistical Machine Learning', 'Basic Descriptive Statistics', 'Algorithms', 'Data Model', 'Human Learning', 'Machine Learning', 'Machine Learning Algorithms', 'Process Analysis', 'Correlation And Dependence', 'Data Visualization', 'Plot (Graphics)', 'Regression', 'Computer Graphics', 'Interactive Data Visualization', 'Applied Machine Learning', 'Big Data', 'Computational Thinking', 'Data Mining', 'Estimation', 'Extract', 'Transform', 'Load', 'Probability Distribution', 'Databases', 'Machine Learning Software', 'Communication', 'Computer Graphic Techniques', 'Knitr', 'Natural Language Processing', 'Visualization (Computer Graphics)', 'Product Development', 'Web Development']",r programming | data analysis | statistical programming | statistical analysis | computer programming | exploratory data analysis | general statistics | problem solving | probability & statistics | computer programming tools | critical thinking | programming principles | statistical tests | data management | data structures | statistical machine learning | basic descriptive statistics | algorithms | data model | human learning | machine learning | machine learning algorithms | process analysis | correlation and dependence | data visualization | plot (graphics) | regression | computer graphics | interactive data visualization | applied machine learning | big data | computational thinking | data mining | estimation | extract | transform | load | probability distribution | databases | machine learning software | communication | computer graphic techniques | knitr | natural language processing | visualization (computer graphics) | product development | web development,"['data analysis', 'computer programming', 'problem solving', 'probability & statistics', 'critical thinking', 'data management', 'algorithms', 'human learning', 'machine learning', 'machine learning algorithms', 'communication']",1,0,0,1,1,1,1,1,0,0,1,0,1,1,0,0,1,1,0,0,0,0,0,0,0
Generative Adversarial Networks (GANs),"{"" Machine Learning"","" Artificial Neural Networks"","" Machine Learning Algorithms"","" Python Programming"","" Deep Learning"","" Machine Learning Software"","" Statistical Programming"","" Computer Vision"","" Computer Programming"","" Human Learning"","" General Statistics"","" Probability & Statistics"","" Problem Solving""}",4.7,2100.0,Intermediate , 1 - 3 Months,"['Machine Learning', 'Artificial Neural Networks', 'Machine Learning Algorithms', 'Python Programming', 'Deep Learning', 'Machine Learning Software', 'Statistical Programming', 'Computer Vision', 'Computer Programming', 'Human Learning', 'General Statistics', 'Probability & Statistics', 'Problem Solving']",machine learning | artificial neural networks | machine learning algorithms | python programming | deep learning | machine learning software | statistical programming | computer vision | computer programming | human learning | general statistics | probability & statistics | problem solving,"['machine learning', 'machine learning algorithms', 'python programming', 'computer programming', 'human learning', 'probability & statistics', 'problem solving']",0,0,0,0,1,0,0,0,0,0,1,0,1,1,0,0,1,1,0,1,0,0,0,0,0
"Assets, Threats, and Vulnerabilities","{"" Cryptography"","" Linux""}",4.8,1000.0,Beginner , 1 - 4 Weeks,"['Cryptography', 'Linux']",cryptography | linux,[],0,0,0,0,0,0,0,0,0,0,0,0,0,0,0,0,0,0,0,0,0,0,0,0,0
Genomic Data Science,"{"" Bioinformatics"","" Computer Programming"","" Data Analysis"","" Python Programming"","" Computational Thinking"","" General Statistics"","" Exploratory Data Analysis"","" R Programming"","" Data Analysis Software"","" Algorithms"","" Computer Programming Tools"","" Biostatistics"","" Statistical Analysis"","" Programming Principles"","" Probability & Statistics"","" Statistical Tests"","" Data Structures"","" Operating Systems"","" Research and Design"","" Big Data"","" Computational Logic"","" Problem Solving"","" Statistical Programming"","" Experiment"","" Correlation And Dependence""}",4.5,6100.0,Intermediate , 3 - 6 Months,"['Bioinformatics', 'Computer Programming', 'Data Analysis', 'Python Programming', 'Computational Thinking', 'General Statistics', 'Exploratory Data Analysis', 'R Programming', 'Data Analysis Software', 'Algorithms', 'Computer Programming Tools', 'Biostatistics', 'Statistical Analysis', 'Programming Principles', 'Probability & Statistics', 'Statistical Tests', 'Data Structures', 'Operating Systems', 'Research and Design', 'Big Data', 'Computational Logic', 'Problem Solving', 'Statistical Programming', 'Experiment', 'Correlation And Dependence']",bioinformatics | computer programming | data analysis | python programming | computational thinking | general statistics | exploratory data analysis | r programming | data analysis software | algorithms | computer programming tools | biostatistics | statistical analysis | programming principles | probability & statistics | statistical tests | data structures | operating systems | research and design | big data | computational logic | problem solving | statistical programming | experiment | correlation and dependence,"['computer programming', 'data analysis', 'python programming', 'algorithms', 'probability & statistics', 'problem solving']",1,0,0,0,1,0,1,0,0,0,0,0,0,0,0,0,1,1,0,1,0,0,0,0,0
Cybersécurité Google,"{"" Linux"","" SQL""}",4.7,33.0,Beginner , 3 - 6 Months,"['Linux', 'SQL']",linux | sql,['sql'],0,0,0,0,0,0,0,0,0,0,0,0,0,0,0,0,0,0,0,0,0,1,0,0,0
U.S. Federal Taxation,"{"" Taxes"","" Accounting"","" Financial Accounting"","" Finance"","" Critical Thinking"","" General Accounting"","" Regulations and Compliance"","" Financial Analysis"","" Corporate Accouting"","" Generally Accepted Accounting Principles (GAAP)"","" Problem Solving"","" Benefits""}",4.8,822.0,Intermediate , 3 - 6 Months,"['Taxes', 'Accounting', 'Financial Accounting', 'Finance', 'Critical Thinking', 'General Accounting', 'Regulations and Compliance', 'Financial Analysis', 'Corporate Accouting', 'Generally Accepted Accounting Principles (GAAP)', 'Problem Solving', 'Benefits']",taxes | accounting | financial accounting | finance | critical thinking | general accounting | regulations and compliance | financial analysis | corporate accouting | generally accepted accounting principles (gaap) | problem solving | benefits,"['finance', 'critical thinking', 'problem solving']",0,0,0,0,0,1,0,0,0,1,0,0,0,0,0,0,0,1,0,0,0,0,0,0,0
Algorithms,"{"" Algorithms"","" Theoretical Computer Science"","" Computer Programming"","" Problem Solving"","" Graph Theory"","" Mathematics"","" Data Structures"","" Computational Thinking"","" Mathematical Theory & Analysis"","" Critical Thinking"","" Computational Logic"","" Programming Principles"","" Software Engineering""}",4.8,5800.0,Intermediate , 3 - 6 Months,"['Algorithms', 'Theoretical Computer Science', 'Computer Programming', 'Problem Solving', 'Graph Theory', 'Mathematics', 'Data Structures', 'Computational Thinking', 'Mathematical Theory & Analysis', 'Critical Thinking', 'Computational Logic', 'Programming Principles', 'Software Engineering']",algorithms | theoretical computer science | computer programming | problem solving | graph theory | mathematics | data structures | computational thinking | mathematical theory & analysis | critical thinking | computational logic | programming principles | software engineering,"['algorithms', 'computer programming', 'problem solving', 'critical thinking']",1,0,0,0,1,1,0,0,0,0,0,0,0,0,0,0,0,1,0,0,0,0,0,0,0
Medical Billing and Coding Fundamentals,"{"" Communication"","" Leadership and Management""}",4.8,188.0,Beginner , 3 - 6 Months,"['Communication', 'Leadership and Management']",communication | leadership and management,"['communication', 'leadership and management']",0,0,0,1,0,0,0,0,0,0,0,1,0,0,0,0,0,0,0,0,0,0,0,0,0
TensorFlow: Advanced Techniques,"{"" Deep Learning"","" Machine Learning"","" Tensorflow"","" Artificial Neural Networks"","" Applied Machine Learning"","" Python Programming"","" Machine Learning Algorithms"","" Human Learning"","" Computer Vision"","" Computer Programming"","" Network Model"","" Machine Learning Software"","" Network Architecture"","" Training"","" Visualization (Computer Graphics)"","" Computer Graphic Techniques"","" Strategy""}",4.8,1400.0,Intermediate , 3 - 6 Months,"['Deep Learning', 'Machine Learning', 'Tensorflow', 'Artificial Neural Networks', 'Applied Machine Learning', 'Python Programming', 'Machine Learning Algorithms', 'Human Learning', 'Computer Vision', 'Computer Programming', 'Network Model', 'Machine Learning Software', 'Network Architecture', 'Training', 'Visualization (Computer Graphics)', 'Computer Graphic Techniques', 'Strategy']",deep learning | machine learning | tensorflow | artificial neural networks | applied machine learning | python programming | machine learning algorithms | human learning | computer vision | computer programming | network model | machine learning software | network architecture | training | visualization (computer graphics) | computer graphic techniques | strategy,"['machine learning', 'python programming', 'machine learning algorithms', 'human learning', 'computer programming', 'strategy']",0,0,0,0,1,0,0,0,0,0,1,0,1,1,0,0,0,0,0,1,0,0,1,0,0
Applied Data Science with Python,"{"" Python Programming"","" Data Analysis"","" Computer Programming"","" Machine Learning"","" Algorithms"","" Applied Machine Learning"","" Data Mining"","" Machine Learning Algorithms"","" Exploratory Data Analysis"","" Statistical Programming"","" Data Management"","" Extract"","" Transform"","" Load"","" Natural Language Processing"","" Critical Thinking"","" Statistical Machine Learning"","" Graph Theory"","" Network Analysis"","" Computer Programming Tools"","" Human Learning"","" Data Visualization"","" Network Model"","" Data Analysis Software"","" Regression"","" Computer Networking"","" General Statistics"","" Network Architecture"","" Plot (Graphics)"","" Visualization (Computer Graphics)"","" Computer Graphics""}",4.5,33500.0,Intermediate , 3 - 6 Months,"['Python Programming', 'Data Analysis', 'Computer Programming', 'Machine Learning', 'Algorithms', 'Applied Machine Learning', 'Data Mining', 'Machine Learning Algorithms', 'Exploratory Data Analysis', 'Statistical Programming', 'Data Management', 'Extract', 'Transform', 'Load', 'Natural Language Processing', 'Critical Thinking', 'Statistical Machine Learning', 'Graph Theory', 'Network Analysis', 'Computer Programming Tools', 'Human Learning', 'Data Visualization', 'Network Model', 'Data Analysis Software', 'Regression', 'Computer Networking', 'General Statistics', 'Network Architecture', 'Plot (Graphics)', 'Visualization (Computer Graphics)', 'Computer Graphics']",python programming | data analysis | computer programming | machine learning | algorithms | applied machine learning | data mining | machine learning algorithms | exploratory data analysis | statistical programming | data management | extract | transform | load | natural language processing | critical thinking | statistical machine learning | graph theory | network analysis | computer programming tools | human learning | data visualization | network model | data analysis software | regression | computer networking | general statistics | network architecture | plot (graphics) | visualization (computer graphics) | computer graphics,"['python programming', 'data analysis', 'computer programming', 'machine learning', 'algorithms', 'machine learning algorithms', 'data management', 'critical thinking', 'human learning']",1,0,0,0,1,1,1,1,0,0,1,0,1,1,0,0,0,0,0,1,0,0,0,0,0
Mathematics for Machine Learning,"{"" Algebra"","" Linear Algebra"","" Mathematics"","" Machine Learning"","" Mathematical Theory & Analysis"","" Computer Programming"","" Python Programming"","" Machine Learning Algorithms"","" Calculus"","" Computational Logic"","" Algorithms"","" Differential Equations"","" Applied Mathematics"","" Problem Solving"","" Statistical Analysis"","" Dimensionality Reduction"","" Computer Programming Tools"","" Regression""}",4.6,14000.0,Beginner , 3 - 6 Months,"['Algebra', 'Linear Algebra', 'Mathematics', 'Machine Learning', 'Mathematical Theory & Analysis', 'Computer Programming', 'Python Programming', 'Machine Learning Algorithms', 'Calculus', 'Computational Logic', 'Algorithms', 'Differential Equations', 'Applied Mathematics', 'Problem Solving', 'Statistical Analysis', 'Dimensionality Reduction', 'Computer Programming Tools', 'Regression']",algebra | linear algebra | mathematics | machine learning | mathematical theory & analysis | computer programming | python programming | machine learning algorithms | calculus | computational logic | algorithms | differential equations | applied mathematics | problem solving | statistical analysis | dimensionality reduction | computer programming tools | regression,"['machine learning', 'computer programming', 'python programming', 'machine learning algorithms', 'algorithms', 'problem solving']",1,0,0,0,1,0,0,0,0,0,0,0,1,1,0,0,0,1,0,1,0,0,0,0,0
Reinforcement Learning,"{"" Machine Learning"","" Reinforcement Learning"","" Algorithms"","" Human Learning"","" Machine Learning Algorithms"","" Applied Machine Learning"","" Computer Programming"","" Python Programming"","" Statistical Machine Learning"","" Statistical Programming"","" Artificial Neural Networks"","" Decision Making"","" Probability & Statistics"","" Probability Distribution""}",4.7,3300.0,Intermediate , 3 - 6 Months,"['Machine Learning', 'Reinforcement Learning', 'Algorithms', 'Human Learning', 'Machine Learning Algorithms', 'Applied Machine Learning', 'Computer Programming', 'Python Programming', 'Statistical Machine Learning', 'Statistical Programming', 'Artificial Neural Networks', 'Decision Making', 'Probability & Statistics', 'Probability Distribution']",machine learning | reinforcement learning | algorithms | human learning | machine learning algorithms | applied machine learning | computer programming | python programming | statistical machine learning | statistical programming | artificial neural networks | decision making | probability & statistics | probability distribution,"['machine learning', 'algorithms', 'human learning', 'machine learning algorithms', 'computer programming', 'python programming', 'decision making', 'probability & statistics']",1,0,0,0,1,0,0,0,1,0,1,0,1,1,0,0,1,0,0,1,0,0,0,0,0
Mergers and Acquisitions,"{"" Mergers & Acquisitions"","" Finance"","" Accounting"","" Financial Analysis"","" Financial Accounting"","" Banking"","" Business Analysis"","" Investment Management"","" Financial Management"","" Data Analysis"","" Market Analysis"","" Corporate Accouting"","" Taxes""}",4.6,249.0,Intermediate , 3 - 6 Months,"['Mergers & Acquisitions', 'Finance', 'Accounting', 'Financial Analysis', 'Financial Accounting', 'Banking', 'Business Analysis', 'Investment Management', 'Financial Management', 'Data Analysis', 'Market Analysis', 'Corporate Accouting', 'Taxes']",mergers & acquisitions | finance | accounting | financial analysis | financial accounting | banking | business analysis | investment management | financial management | data analysis | market analysis | corporate accouting | taxes,"['finance', 'business analysis', 'data analysis']",0,1,0,0,0,0,1,0,0,1,0,0,0,0,0,0,0,0,0,0,0,0,0,0,0
Leading People and Teams,"{"" Human Resources"","" Leadership and Management"","" People Development"","" Strategy and Operations"","" Leadership Development"","" Talent Management"","" Business Psychology"","" People Analysis"","" Communication"","" People Management"","" Strategy"","" Human Learning"","" Human Resources Operations"","" Business Communication"","" Collaboration"","" Influencing"","" Performance Management"","" Conflict Management"","" Employee Relations"","" Business Analysis"","" Marketing"","" Recruitment""}",4.7,10200.0,Beginner , 3 - 6 Months,"['Human Resources', 'Leadership and Management', 'People Development', 'Strategy and Operations', 'Leadership Development', 'Talent Management', 'Business Psychology', 'People Analysis', 'Communication', 'People Management', 'Strategy', 'Human Learning', 'Human Resources Operations', 'Business Communication', 'Collaboration', 'Influencing', 'Performance Management', 'Conflict Management', 'Employee Relations', 'Business Analysis', 'Marketing', 'Recruitment']",human resources | leadership and management | people development | strategy and operations | leadership development | talent management | business psychology | people analysis | communication | people management | strategy | human learning | human resources operations | business communication | collaboration | influencing | performance management | conflict management | employee relations | business analysis | marketing | recruitment,"['leadership and management', 'strategy and operations', 'communication', 'strategy', 'human learning', 'business analysis', 'marketing']",0,1,0,1,0,0,0,0,0,0,1,1,0,0,1,0,0,0,0,0,0,0,1,1,0
Fundamentals of Project Planning and Management,"{"" Project Management"","" Strategy and Operations"","" Leadership and Management"","" Planning""}",4.7,9300.0,Beginner , 1 - 4 Weeks,"['Project Management', 'Strategy and Operations', 'Leadership and Management', 'Planning']",project management | strategy and operations | leadership and management | planning,"['project management', 'strategy and operations', 'leadership and management', 'planning']",0,0,0,0,0,0,0,0,0,0,0,1,0,0,0,1,0,0,1,0,0,0,0,1,0
The Business of Health Care,"{"" Leadership and Management"","" Finance"","" Decision Making"","" Performance Management"","" Strategy and Operations"","" Operations Management"","" Business Analysis"","" Financial Analysis"","" Financial Management"","" Business Psychology"","" Accounting"","" Accounts Payable and Receivable"","" Financial Accounting"","" General Accounting"","" Management Accounting"","" People Management"","" Generally Accepted Accounting Principles (GAAP)"","" People Analysis"","" Strategy"","" Business Process Management"","" Innovation"","" Leadership Development"","" Payments"","" Behavioral Economics"","" Problem Solving"","" Compensation"","" Correlation And Dependence"","" Insurance Sales"","" Research and Design"","" Risk Management""}",4.6,1700.0,Beginner , 3 - 6 Months,"['Leadership and Management', 'Finance', 'Decision Making', 'Performance Management', 'Strategy and Operations', 'Operations Management', 'Business Analysis', 'Financial Analysis', 'Financial Management', 'Business Psychology', 'Accounting', 'Accounts Payable and Receivable', 'Financial Accounting', 'General Accounting', 'Management Accounting', 'People Management', 'Generally Accepted Accounting Principles (GAAP)', 'People Analysis', 'Strategy', 'Business Process Management', 'Innovation', 'Leadership Development', 'Payments', 'Behavioral Economics', 'Problem Solving', 'Compensation', 'Correlation And Dependence', 'Insurance Sales', 'Research and Design', 'Risk Management']",leadership and management | finance | decision making | performance management | strategy and operations | operations management | business analysis | financial analysis | financial management | business psychology | accounting | accounts payable and receivable | financial accounting | general accounting | management accounting | people management | generally accepted accounting principles (gaap) | people analysis | strategy | business process management | innovation | leadership development | payments | behavioral economics | problem solving | compensation | correlation and dependence | insurance sales | research and design | risk management,"['leadership and management', 'finance', 'decision making', 'strategy and operations', 'business analysis', 'strategy', 'problem solving', 'risk management']",0,1,0,0,0,0,0,0,1,1,0,1,0,0,0,0,0,1,0,0,1,0,1,1,0
AI for Good,"{"" Artificial Neural Networks"","" Computer Vision"","" Exploratory Data Analysis"","" Natural Language Processing"","" Python Programming""}",4.8,160.0,Beginner , 1 - 3 Months,"['Artificial Neural Networks', 'Computer Vision', 'Exploratory Data Analysis', 'Natural Language Processing', 'Python Programming']",artificial neural networks | computer vision | exploratory data analysis | natural language processing | python programming,['python programming'],0,0,0,0,0,0,0,0,0,0,0,0,0,0,0,0,0,0,0,1,0,0,0,0,0
Analyze Data to Answer Questions,"{"" Data Analysis"","" Data Management"","" Microsoft Excel"","" SQL"","" Spreadsheet Software""}",4.6,9600.0,Beginner , 1 - 4 Weeks,"['Data Analysis', 'Data Management', 'Microsoft Excel', 'SQL', 'Spreadsheet Software']",data analysis | data management | microsoft excel | sql | spreadsheet software,"['data analysis', 'data management', 'sql']",0,0,0,0,0,0,1,1,0,0,0,0,0,0,0,0,0,0,0,0,0,1,0,0,0
Data Science: Foundations using R,"{"" Data Analysis"","" R Programming"","" Statistical Programming"","" Exploratory Data Analysis"","" Computer Programming"","" Computer Programming Tools"","" Data Management"","" Programming Principles"","" Data Structures"","" Statistical Analysis"","" Critical Thinking"","" Problem Solving"","" General Statistics"","" Process Analysis"","" Basic Descriptive Statistics"","" Statistical Tests"","" Computational Thinking"","" Big Data"","" Data Mining"","" Data Visualization"","" Databases"","" Extract"","" Transform"","" Load"","" Plot (Graphics)"","" Communication"","" Computer Graphic Techniques"","" Computer Graphics"","" Interactive Data Visualization"","" Knitr"","" Visualization (Computer Graphics)""}",4.6,47700.0,Beginner , 3 - 6 Months,"['Data Analysis', 'R Programming', 'Statistical Programming', 'Exploratory Data Analysis', 'Computer Programming', 'Computer Programming Tools', 'Data Management', 'Programming Principles', 'Data Structures', 'Statistical Analysis', 'Critical Thinking', 'Problem Solving', 'General Statistics', 'Process Analysis', 'Basic Descriptive Statistics', 'Statistical Tests', 'Computational Thinking', 'Big Data', 'Data Mining', 'Data Visualization', 'Databases', 'Extract', 'Transform', 'Load', 'Plot (Graphics)', 'Communication', 'Computer Graphic Techniques', 'Computer Graphics', 'Interactive Data Visualization', 'Knitr', 'Visualization (Computer Graphics)']",data analysis | r programming | statistical programming | exploratory data analysis | computer programming | computer programming tools | data management | programming principles | data structures | statistical analysis | critical thinking | problem solving | general statistics | process analysis | basic descriptive statistics | statistical tests | computational thinking | big data | data mining | data visualization | databases | extract | transform | load | plot (graphics) | communication | computer graphic techniques | computer graphics | interactive data visualization | knitr | visualization (computer graphics),"['data analysis', 'computer programming', 'data management', 'critical thinking', 'problem solving', 'communication']",0,0,0,1,1,1,1,1,0,0,0,0,0,0,0,0,0,1,0,0,0,0,0,0,0
Meta Marketing Analytics,"{"" Marketing"","" Data Analysis"","" Digital Marketing"","" Advertising"","" Marketing Management"","" Media Strategy & Planning"","" Business Analysis"","" Statistical Analysis"","" Communication"","" Probability & Statistics"","" Market Analysis"","" General Statistics"","" Experiment"","" Data Visualization"","" Storytelling"","" Regression"","" Statistical Tests"","" Market Research"","" Basic Descriptive Statistics"","" Probability Distribution"","" Brand Management"","" Forecasting"","" Research and Design"","" Computer Programming"","" Data Management"","" Databases"","" Python Programming"","" SQL"","" Statistical Programming"","" Tableau Software""}",4.7,2100.0,Beginner , 3 - 6 Months,"['Marketing', 'Data Analysis', 'Digital Marketing', 'Advertising', 'Marketing Management', 'Media Strategy & Planning', 'Business Analysis', 'Statistical Analysis', 'Communication', 'Probability & Statistics', 'Market Analysis', 'General Statistics', 'Experiment', 'Data Visualization', 'Storytelling', 'Regression', 'Statistical Tests', 'Market Research', 'Basic Descriptive Statistics', 'Probability Distribution', 'Brand Management', 'Forecasting', 'Research and Design', 'Computer Programming', 'Data Management', 'Databases', 'Python Programming', 'SQL', 'Statistical Programming', 'Tableau Software']",marketing | data analysis | digital marketing | advertising | marketing management | media strategy & planning | business analysis | statistical analysis | communication | probability & statistics | market analysis | general statistics | experiment | data visualization | storytelling | regression | statistical tests | market research | basic descriptive statistics | probability distribution | brand management | forecasting | research and design | computer programming | data management | databases | python programming | sql | statistical programming | tableau software,"['marketing', 'data analysis', 'business analysis', 'communication', 'probability & statistics', 'computer programming', 'data management', 'python programming', 'sql']",0,1,0,1,1,0,1,1,0,0,0,0,0,0,1,0,1,0,0,1,0,1,0,0,0
OKR Certification: Leadership and Goal Setting,"{"" Leadership and Management"","" Strategy"","" Strategy and Operations"","" Business Transformation"","" Communication"","" Organizational Development"","" Professional Development"","" Critical Thinking"","" Leadership Development"","" Performance Management"","" Planning""}",4.8,320.0,Beginner , 1 - 4 Weeks,"['Leadership and Management', 'Strategy', 'Strategy and Operations', 'Business Transformation', 'Communication', 'Organizational Development', 'Professional Development', 'Critical Thinking', 'Leadership Development', 'Performance Management', 'Planning']",leadership and management | strategy | strategy and operations | business transformation | communication | organizational development | professional development | critical thinking | leadership development | performance management | planning,"['leadership and management', 'strategy', 'strategy and operations', 'communication', 'critical thinking', 'planning']",0,0,0,1,0,1,0,0,0,0,0,1,0,0,0,1,0,0,0,0,0,0,1,1,0
Introduction to Artificial Intelligence (AI),"{"" Algorithms"","" Applied Machine Learning"","" Artificial Neural Networks"","" Computer Vision"","" Deep Learning"","" Human Learning"","" Machine Learning"","" Machine Learning Algorithms"","" Machine Learning Software"","" Data Analysis"","" Data Science""}",4.7,11700.0,Beginner , 1 - 4 Weeks,"['Algorithms', 'Applied Machine Learning', 'Artificial Neural Networks', 'Computer Vision', 'Deep Learning', 'Human Learning', 'Machine Learning', 'Machine Learning Algorithms', 'Machine Learning Software', 'Data Analysis', 'Data Science']",algorithms | applied machine learning | artificial neural networks | computer vision | deep learning | human learning | machine learning | machine learning algorithms | machine learning software | data analysis | data science,"['algorithms', 'human learning', 'machine learning', 'machine learning algorithms', 'data analysis']",1,0,0,0,0,0,1,0,0,0,1,0,1,1,0,0,0,0,0,0,0,0,0,0,0
Achieving Personal and Professional Success,"{"" Communication"","" Human Learning"","" Professional Development"","" Critical Thinking"","" Leadership Development"","" Leadership and Management"","" People Analysis"","" Decision Making"","" Emotional Intelligence"","" People Development"","" Adaptability"","" Negotiation"","" Influencing"","" Innovation""}",4.7,3000.0,Beginner , 3 - 6 Months,"['Communication', 'Human Learning', 'Professional Development', 'Critical Thinking', 'Leadership Development', 'Leadership and Management', 'People Analysis', 'Decision Making', 'Emotional Intelligence', 'People Development', 'Adaptability', 'Negotiation', 'Influencing', 'Innovation']",communication | human learning | professional development | critical thinking | leadership development | leadership and management | people analysis | decision making | emotional intelligence | people development | adaptability | negotiation | influencing | innovation,"['communication', 'human learning', 'critical thinking', 'leadership and management', 'decision making']",0,0,0,1,0,1,0,0,1,0,1,1,0,0,0,0,0,0,0,0,0,0,0,0,0
People and Soft Skills for Professional and Personal Success,"{"" Leadership and Management"","" Communication"","" Problem Solving"","" Critical Thinking"","" Planning"","" Professional Development"","" Collaboration"","" People Management"","" Conflict Management""}",4.6,641.0,Beginner , 1 - 3 Months,"['Leadership and Management', 'Communication', 'Problem Solving', 'Critical Thinking', 'Planning', 'Professional Development', 'Collaboration', 'People Management', 'Conflict Management']",leadership and management | communication | problem solving | critical thinking | planning | professional development | collaboration | people management | conflict management,"['leadership and management', 'communication', 'problem solving', 'critical thinking', 'planning']",0,0,0,1,0,1,0,0,0,0,0,1,0,0,0,1,0,1,0,0,0,0,0,0,0
Business Analytics with Excel: Elementary to Advanced,"{"" Business Analysis"","" Data Analysis"","" Data Visualization"","" Spreadsheet Software"","" Data Model"","" Decision Making"","" Microsoft Excel"","" Process Analysis"","" Statistical Visualization""}",4.8,1100.0,Intermediate , 1 - 3 Months,"['Business Analysis', 'Data Analysis', 'Data Visualization', 'Spreadsheet Software', 'Data Model', 'Decision Making', 'Microsoft Excel', 'Process Analysis', 'Statistical Visualization']",business analysis | data analysis | data visualization | spreadsheet software | data model | decision making | microsoft excel | process analysis | statistical visualization,"['business analysis', 'data analysis', 'decision making']",0,1,0,0,0,0,1,0,1,0,0,0,0,0,0,0,0,0,0,0,0,0,0,0,0
System Administration and IT Infrastructure Services,"{"" Cloud Computing"","" Leadership and Management""}",4.7,23700.0,Beginner , 1 - 3 Months,"['Cloud Computing', 'Leadership and Management']",cloud computing | leadership and management,"['cloud computing', 'leadership and management']",0,0,1,0,0,0,0,0,0,0,0,1,0,0,0,0,0,0,0,0,0,0,0,0,0
Successful Negotiation: Essential Strategies and Skills,"{"" Contract Management"","" Negotiation"","" Communication"","" Decision Making"","" Strategy""}",4.8,18800.0,Beginner , 1 - 3 Months,"['Contract Management', 'Negotiation', 'Communication', 'Decision Making', 'Strategy']",contract management | negotiation | communication | decision making | strategy,"['communication', 'decision making', 'strategy']",0,0,0,1,0,0,0,0,1,0,0,0,0,0,0,0,0,0,0,0,0,0,1,0,0
Financial Engineering and Risk Management,"{"" Finance"","" Risk Management"","" Probability & Statistics"","" Leadership and Management"","" Mathematics"","" Investment Management"","" Securities Sales"","" Securities Trading"","" Computer Programming""}",4.5,207.0,Intermediate , 3 - 6 Months,"['Finance', 'Risk Management', 'Probability & Statistics', 'Leadership and Management', 'Mathematics', 'Investment Management', 'Securities Sales', 'Securities Trading', 'Computer Programming']",finance | risk management | probability & statistics | leadership and management | mathematics | investment management | securities sales | securities trading | computer programming,"['finance', 'risk management', 'probability & statistics', 'leadership and management', 'computer programming']",0,0,0,0,1,0,0,0,0,1,0,1,0,0,0,0,1,0,0,0,1,0,0,0,0
Introduction to Programming with Python and Java,"{"" Computer Programming"","" Python Programming"","" Programming Principles"","" Java Programming"","" Computer Programming Tools"","" Data Analysis"","" Data Structures"","" Problem Solving"","" Computational Logic"","" Computational Thinking"","" Critical Thinking"","" Data Analysis Software"","" Data Management"","" Data Visualization"","" Exploratory Data Analysis"","" Software Engineering"","" Data Science""}",4.4,1500.0,Beginner , 3 - 6 Months,"['Computer Programming', 'Python Programming', 'Programming Principles', 'Java Programming', 'Computer Programming Tools', 'Data Analysis', 'Data Structures', 'Problem Solving', 'Computational Logic', 'Computational Thinking', 'Critical Thinking', 'Data Analysis Software', 'Data Management', 'Data Visualization', 'Exploratory Data Analysis', 'Software Engineering', 'Data Science']",computer programming | python programming | programming principles | java programming | computer programming tools | data analysis | data structures | problem solving | computational logic | computational thinking | critical thinking | data analysis software | data management | data visualization | exploratory data analysis | software engineering | data science,"['computer programming', 'python programming', 'data analysis', 'problem solving', 'critical thinking', 'data management']",0,0,0,0,1,1,1,1,0,0,0,0,0,0,0,0,0,1,0,1,0,0,0,0,0
Entrepreneurship: Growing Your Business,"{"" Leadership and Management"","" Strategy and Operations"","" Strategy"","" Critical Thinking"","" Leadership Development"","" Decision Making"","" Business Development"","" Entrepreneurship"","" Human Learning"","" Business Analysis"","" Communication"","" Finance"","" Account Management"","" Accounting"","" Accounts Payable and Receivable"","" Financial Accounting"","" Financial Analysis"","" General Accounting"","" Generally Accepted Accounting Principles (GAAP)"","" Organizational Development"","" Planning"","" Problem Solving"","" Business Transformation"","" Marketing"","" Sales"","" Business Design"","" Financial Management"","" Payments"","" Customer Success"","" Innovation""}",4.8,7100.0,Beginner , 3 - 6 Months,"['Leadership and Management', 'Strategy and Operations', 'Strategy', 'Critical Thinking', 'Leadership Development', 'Decision Making', 'Business Development', 'Entrepreneurship', 'Human Learning', 'Business Analysis', 'Communication', 'Finance', 'Account Management', 'Accounting', 'Accounts Payable and Receivable', 'Financial Accounting', 'Financial Analysis', 'General Accounting', 'Generally Accepted Accounting Principles (GAAP)', 'Organizational Development', 'Planning', 'Problem Solving', 'Business Transformation', 'Marketing', 'Sales', 'Business Design', 'Financial Management', 'Payments', 'Customer Success', 'Innovation']",leadership and management | strategy and operations | strategy | critical thinking | leadership development | decision making | business development | entrepreneurship | human learning | business analysis | communication | finance | account management | accounting | accounts payable and receivable | financial accounting | financial analysis | general accounting | generally accepted accounting principles (gaap) | organizational development | planning | problem solving | business transformation | marketing | sales | business design | financial management | payments | customer success | innovation,"['leadership and management', 'strategy and operations', 'strategy', 'critical thinking', 'decision making', 'human learning', 'business analysis', 'communication', 'finance', 'planning', 'problem solving', 'marketing']",0,1,0,1,0,1,0,0,1,1,1,1,0,0,1,1,0,1,0,0,0,0,1,1,0
Think like a CFO,"{"" Finance"","" Financial Accounting"","" Accounting"","" Investment Management"","" Financial Management"","" Financial Analysis"","" Leadership and Management"","" Risk Management"","" Corporate Accouting"","" Market Analysis"","" Management Accounting""}",4.8,5700.0,Beginner , 3 - 6 Months,"['Finance', 'Financial Accounting', 'Accounting', 'Investment Management', 'Financial Management', 'Financial Analysis', 'Leadership and Management', 'Risk Management', 'Corporate Accouting', 'Market Analysis', 'Management Accounting']",finance | financial accounting | accounting | investment management | financial management | financial analysis | leadership and management | risk management | corporate accouting | market analysis | management accounting,"['finance', 'leadership and management', 'risk management']",0,0,0,0,0,0,0,0,0,1,0,1,0,0,0,0,0,0,0,0,1,0,0,0,0
Fintech: Foundations & Applications of Financial Technology,"{"" FinTech"","" Finance"","" BlockChain"","" Innovation"","" Investment Management"","" Financial Management"","" Financial Analysis"","" Risk Management"","" General Statistics"","" Payments"","" Behavioral Economics"","" Entrepreneurial Finance"","" Market Research"","" Cash Management"","" Cryptography"","" Human Learning"","" Machine Learning Algorithms"","" Machine Learning Software"","" Securities Trading"","" Applied Machine Learning"","" Machine Learning"","" Product Strategy"","" Business Transformation"","" Critical Thinking""}",4.6,3500.0,Beginner , 3 - 6 Months,"['FinTech', 'Finance', 'BlockChain', 'Innovation', 'Investment Management', 'Financial Management', 'Financial Analysis', 'Risk Management', 'General Statistics', 'Payments', 'Behavioral Economics', 'Entrepreneurial Finance', 'Market Research', 'Cash Management', 'Cryptography', 'Human Learning', 'Machine Learning Algorithms', 'Machine Learning Software', 'Securities Trading', 'Applied Machine Learning', 'Machine Learning', 'Product Strategy', 'Business Transformation', 'Critical Thinking']",fintech | finance | blockchain | innovation | investment management | financial management | financial analysis | risk management | general statistics | payments | behavioral economics | entrepreneurial finance | market research | cash management | cryptography | human learning | machine learning algorithms | machine learning software | securities trading | applied machine learning | machine learning | product strategy | business transformation | critical thinking,"['finance', 'risk management', 'human learning', 'machine learning algorithms', 'machine learning', 'critical thinking']",0,0,0,0,0,1,0,0,0,1,1,0,1,1,0,0,0,0,0,0,1,0,0,0,0
Google Data Analytics (PT),"{"" Data Analysis"","" Data Visualization"","" Exploratory Data Analysis"","" Process Analysis"","" Databases"","" Data Management"","" Extract"","" Transform"","" Load"","" Statistical Programming"","" SQL"","" Business Analysis"","" Spreadsheet Software"","" Operational Analysis"","" Data Analysis Software"","" Microsoft Excel"","" Visualization (Computer Graphics)"","" Communication"","" Critical Thinking"","" Interactive Data Visualization"","" Programming Principles"","" Statistical Visualization"","" Collaboration"","" Organizational Development"","" Plot (Graphics)"","" R Programming"","" Strategy"","" Tableau Software"","" Storytelling"","" Strategy and Operations"","" Business Communication"","" Graph Theory"","" Project Management"","" Data Structures"","" Graphic Design"","" Leadership and Management"","" System Security""}",4.9,2900.0,Beginner , 3 - 6 Months,"['Data Analysis', 'Data Visualization', 'Exploratory Data Analysis', 'Process Analysis', 'Databases', 'Data Management', 'Extract', 'Transform', 'Load', 'Statistical Programming', 'SQL', 'Business Analysis', 'Spreadsheet Software', 'Operational Analysis', 'Data Analysis Software', 'Microsoft Excel', 'Visualization (Computer Graphics)', 'Communication', 'Critical Thinking', 'Interactive Data Visualization', 'Programming Principles', 'Statistical Visualization', 'Collaboration', 'Organizational Development', 'Plot (Graphics)', 'R Programming', 'Strategy', 'Tableau Software', 'Storytelling', 'Strategy and Operations', 'Business Communication', 'Graph Theory', 'Project Management', 'Data Structures', 'Graphic Design', 'Leadership and Management', 'System Security']",data analysis | data visualization | exploratory data analysis | process analysis | databases | data management | extract | transform | load | statistical programming | sql | business analysis | spreadsheet software | operational analysis | data analysis software | microsoft excel | visualization (computer graphics) | communication | critical thinking | interactive data visualization | programming principles | statistical visualization | collaboration | organizational development | plot (graphics) | r programming | strategy | tableau software | storytelling | strategy and operations | business communication | graph theory | project management | data structures | graphic design | leadership and management | system security,"['data analysis', 'data management', 'sql', 'business analysis', 'communication', 'critical thinking', 'strategy', 'strategy and operations', 'project management', 'leadership and management']",0,1,0,1,0,1,1,1,0,0,0,1,0,0,0,0,0,0,1,0,0,1,1,1,0
Pharmacy Technician Fundamentals,"{"" Communication"","" Leadership and Management""}",4.7,126.0,Beginner , 3 - 6 Months,"['Communication', 'Leadership and Management']",communication | leadership and management,"['communication', 'leadership and management']",0,0,0,1,0,0,0,0,0,0,0,1,0,0,0,0,0,0,0,0,0,0,0,0,0
Tools for Data Science,"{"" Data Science"","" R Programming"","" Cloud Computing"","" Computer Programming"","" IBM Cloud"","" Python Programming""}",4.5,27600.0,Beginner , 1 - 3 Months,"['Data Science', 'R Programming', 'Cloud Computing', 'Computer Programming', 'IBM Cloud', 'Python Programming']",data science | r programming | cloud computing | computer programming | ibm cloud | python programming,"['cloud computing', 'computer programming', 'python programming']",0,0,1,0,1,0,0,0,0,0,0,0,0,0,0,0,0,0,0,1,0,0,0,0,0
Practical Data Science on the AWS Cloud,"{"" Amazon Web Services"","" Exploratory Data Analysis""}",4.5,524.0,Advanced , 1 - 3 Months,"['Amazon Web Services', 'Exploratory Data Analysis']",amazon web services | exploratory data analysis,[],0,0,0,0,0,0,0,0,0,0,0,0,0,0,0,0,0,0,0,0,0,0,0,0,0
Private Equity and Venture Capital,"{"" Business Analysis"","" Entrepreneurial Finance"","" Finance"","" Financial Management"","" Investment Management"","" Mergers & Acquisitions"","" Entrepreneurship"","" Decision Making"","" Financial Analysis"","" Strategy""}",4.8,7800.0,Mixed , 1 - 3 Months,"['Business Analysis', 'Entrepreneurial Finance', 'Finance', 'Financial Management', 'Investment Management', 'Mergers & Acquisitions', 'Entrepreneurship', 'Decision Making', 'Financial Analysis', 'Strategy']",business analysis | entrepreneurial finance | finance | financial management | investment management | mergers & acquisitions | entrepreneurship | decision making | financial analysis | strategy,"['business analysis', 'finance', 'decision making', 'strategy']",0,1,0,0,0,0,0,0,1,1,0,0,0,0,0,0,0,0,0,0,0,0,1,0,0
Foundations of Business Intelligence,"{"" Business Intelligence"","" Leadership and Management""}",4.8,670.0,Advanced , 1 - 4 Weeks,"['Business Intelligence', 'Leadership and Management']",business intelligence | leadership and management,['leadership and management'],0,0,0,0,0,0,0,0,0,0,0,1,0,0,0,0,0,0,0,0,0,0,0,0,0
Geographic Information Systems  (GIS),"{"" ArcGIS"","" Data Analysis"","" Spatial Analysis"","" Spatial Data Analysis"","" Data Visualization"","" GIS Software"","" Geovisualization"","" Data Visualization Software"","" Databases"","" Interactive Data Visualization"","" Leadership and Management""}",4.8,5800.0,Beginner , 3 - 6 Months,"['ArcGIS', 'Data Analysis', 'Spatial Analysis', 'Spatial Data Analysis', 'Data Visualization', 'GIS Software', 'Geovisualization', 'Data Visualization Software', 'Databases', 'Interactive Data Visualization', 'Leadership and Management']",arcgis | data analysis | spatial analysis | spatial data analysis | data visualization | gis software | geovisualization | data visualization software | databases | interactive data visualization | leadership and management,"['data analysis', 'leadership and management']",0,0,0,0,0,0,1,0,0,0,0,1,0,0,0,0,0,0,0,0,0,0,0,0,0
Human Resource Management: HR for People Managers,"{"" Human Resources"","" Human Resources Operations"","" Employee Relations"","" Strategy and Operations"","" People Management"","" Leadership and Management"","" Communication"","" Strategy"","" Compensation"","" People Development"","" Performance Management"","" Organizational Development"","" Planning"","" Professional Development"","" Recruitment"","" Business Psychology"","" Human Learning"","" People Analysis"","" Benefits"","" Business Analysis"","" Culture""}",4.8,13800.0,Beginner , 3 - 6 Months,"['Human Resources', 'Human Resources Operations', 'Employee Relations', 'Strategy and Operations', 'People Management', 'Leadership and Management', 'Communication', 'Strategy', 'Compensation', 'People Development', 'Performance Management', 'Organizational Development', 'Planning', 'Professional Development', 'Recruitment', 'Business Psychology', 'Human Learning', 'People Analysis', 'Benefits', 'Business Analysis', 'Culture']",human resources | human resources operations | employee relations | strategy and operations | people management | leadership and management | communication | strategy | compensation | people development | performance management | organizational development | planning | professional development | recruitment | business psychology | human learning | people analysis | benefits | business analysis | culture,"['strategy and operations', 'leadership and management', 'communication', 'strategy', 'planning', 'human learning', 'business analysis']",0,1,0,1,0,0,0,0,0,0,1,1,0,0,0,1,0,0,0,0,0,0,1,1,0
Introduction to Negotiation: A Strategic Playbook for Becoming a Principled and Persuasive Negotiator,"{"" Negotiation"","" Game Theory"","" Strategy""}",4.9,4700.0,Mixed , 1 - 3 Months,"['Negotiation', 'Game Theory', 'Strategy']",negotiation | game theory | strategy,['strategy'],0,0,0,0,0,0,0,0,0,0,0,0,0,0,0,0,0,0,0,0,0,0,1,0,0
Software Product Management,"{"" Software Engineering"","" Agile Software Development"","" Product Management"","" Design and Product"","" Leadership and Management"","" Project Management"","" Planning"","" Application Development"","" Product Design"","" Entrepreneurship"","" Strategy and Operations"","" Business Analysis"","" Collaboration"","" User Experience"","" Scrum (Software Development)"","" Supply Chain and Logistics""}",4.7,11300.0,Beginner , 3 - 6 Months,"['Software Engineering', 'Agile Software Development', 'Product Management', 'Design and Product', 'Leadership and Management', 'Project Management', 'Planning', 'Application Development', 'Product Design', 'Entrepreneurship', 'Strategy and Operations', 'Business Analysis', 'Collaboration', 'User Experience', 'Scrum (Software Development)', 'Supply Chain and Logistics']",software engineering | agile software development | product management | design and product | leadership and management | project management | planning | application development | product design | entrepreneurship | strategy and operations | business analysis | collaboration | user experience | scrum (software development) | supply chain and logistics,"['leadership and management', 'project management', 'planning', 'strategy and operations', 'business analysis']",0,1,0,0,0,0,0,0,0,0,0,1,0,0,0,1,0,0,1,0,0,0,0,1,0
Project Management & Other Tools for Career Development,"{"" Project Management"","" Communication"","" Collaboration"","" Decision Making"","" Leadership and Management"","" Strategy and Operations"","" Business Communication"","" People Management"","" Business Analysis"","" Conflict Management"","" Critical Thinking"","" Problem Solving"","" Professional Development"","" Customer Relationship Management"","" Business Development"","" Negotiation"","" Planning"","" Writing"","" Adaptability"","" Deep Learning"","" Business Research"","" Strategy"","" Benefits"","" Data Visualization Software"","" Risk Management"","" Scrum (Software Development)"","" User Experience""}",4.7,34900.0,Beginner , 3 - 6 Months,"['Project Management', 'Communication', 'Collaboration', 'Decision Making', 'Leadership and Management', 'Strategy and Operations', 'Business Communication', 'People Management', 'Business Analysis', 'Conflict Management', 'Critical Thinking', 'Problem Solving', 'Professional Development', 'Customer Relationship Management', 'Business Development', 'Negotiation', 'Planning', 'Writing', 'Adaptability', 'Deep Learning', 'Business Research', 'Strategy', 'Benefits', 'Data Visualization Software', 'Risk Management', 'Scrum (Software Development)', 'User Experience']",project management | communication | collaboration | decision making | leadership and management | strategy and operations | business communication | people management | business analysis | conflict management | critical thinking | problem solving | professional development | customer relationship management | business development | negotiation | planning | writing | adaptability | deep learning | business research | strategy | benefits | data visualization software | risk management | scrum (software development) | user experience,"['project management', 'communication', 'decision making', 'leadership and management', 'strategy and operations', 'business analysis', 'critical thinking', 'problem solving', 'planning', 'writing', 'strategy', 'risk management']",0,1,0,1,0,1,0,0,1,0,0,1,0,0,0,1,0,1,1,0,1,0,1,1,1
"Product Ideation, Design, and Management","{"" Leadership and Management"","" Strategy and Operations"","" Product Management"","" Design and Product"","" Entrepreneurship"","" Product Development"","" Strategy"","" Product Design"","" Marketing"","" Product Strategy"","" Research and Design"","" Market Research"","" Market Analysis"","" Product Marketing"","" Finance"","" Sales"","" Investment Management"","" Planning"","" Project Management"","" Financial Analysis"","" Financial Management"","" Business Psychology"","" Budget Management"","" Entrepreneurial Finance"","" Software Engineering Tools"","" Innovation""}",4.5,470.0,Beginner , 3 - 6 Months,"['Leadership and Management', 'Strategy and Operations', 'Product Management', 'Design and Product', 'Entrepreneurship', 'Product Development', 'Strategy', 'Product Design', 'Marketing', 'Product Strategy', 'Research and Design', 'Market Research', 'Market Analysis', 'Product Marketing', 'Finance', 'Sales', 'Investment Management', 'Planning', 'Project Management', 'Financial Analysis', 'Financial Management', 'Business Psychology', 'Budget Management', 'Entrepreneurial Finance', 'Software Engineering Tools', 'Innovation']",leadership and management | strategy and operations | product management | design and product | entrepreneurship | product development | strategy | product design | marketing | product strategy | research and design | market research | market analysis | product marketing | finance | sales | investment management | planning | project management | financial analysis | financial management | business psychology | budget management | entrepreneurial finance | software engineering tools | innovation,"['leadership and management', 'strategy and operations', 'strategy', 'marketing', 'finance', 'planning', 'project management']",0,0,0,0,0,0,0,0,0,1,0,1,0,0,1,1,0,0,1,0,0,0,1,1,0
Excel Basics for Data Analysis,"{"" Microsoft Excel"","" Spreadsheet Software"","" Data Analysis"","" Data Science""}",4.8,6700.0,Beginner , 1 - 3 Months,"['Microsoft Excel', 'Spreadsheet Software', 'Data Analysis', 'Data Science']",microsoft excel | spreadsheet software | data analysis | data science,['data analysis'],0,0,0,0,0,0,1,0,0,0,0,0,0,0,0,0,0,0,0,0,0,0,0,0,0
UCI Project Management,"{"" Leadership and Management"","" Strategy and Operations"","" Project Management"","" Planning""}",4.7,276.0,Beginner , 3 - 6 Months,"['Leadership and Management', 'Strategy and Operations', 'Project Management', 'Planning']",leadership and management | strategy and operations | project management | planning,"['leadership and management', 'strategy and operations', 'project management', 'planning']",0,0,0,0,0,0,0,0,0,0,0,1,0,0,0,1,0,0,1,0,0,0,0,1,0
Getting started with Google Workspace,"{"" Collaboration"","" Google Cloud Platform"","" Communication"","" Cloud Applications"","" User Experience"","" Leadership and Management"","" Cloud Platforms"","" Cloud Computing"","" Business Communication"","" Organizational Development"","" Google App Engine"","" Cloud Storage"","" Data Management"","" Planning"","" Problem Solving"","" Business Analysis"","" Spreadsheet Software"","" Business Process Management"","" Data Visualization"","" Other Cloud Platforms and Tools"","" Project Management"","" Writing"","" Professional Development"","" Data Analysis"","" Strategy"","" Databases"","" Design and Product"","" Visual Design"","" Graphic Design""}",4.7,1300.0,Beginner , 3 - 6 Months,"['Collaboration', 'Google Cloud Platform', 'Communication', 'Cloud Applications', 'User Experience', 'Leadership and Management', 'Cloud Platforms', 'Cloud Computing', 'Business Communication', 'Organizational Development', 'Google App Engine', 'Cloud Storage', 'Data Management', 'Planning', 'Problem Solving', 'Business Analysis', 'Spreadsheet Software', 'Business Process Management', 'Data Visualization', 'Other Cloud Platforms and Tools', 'Project Management', 'Writing', 'Professional Development', 'Data Analysis', 'Strategy', 'Databases', 'Design and Product', 'Visual Design', 'Graphic Design']",collaboration | google cloud platform | communication | cloud applications | user experience | leadership and management | cloud platforms | cloud computing | business communication | organizational development | google app engine | cloud storage | data management | planning | problem solving | business analysis | spreadsheet software | business process management | data visualization | other cloud platforms and tools | project management | writing | professional development | data analysis | strategy | databases | design and product | visual design | graphic design,"['communication', 'leadership and management', 'cloud computing', 'data management', 'planning', 'problem solving', 'business analysis', 'project management', 'writing', 'data analysis', 'strategy']",0,1,1,1,0,0,1,1,0,0,0,1,0,0,0,1,0,1,1,0,0,0,1,0,1
Organizational Analysis,"{"" Leadership and Management"","" Organizational Development"","" Strategy"","" Strategy and Operations"","" Decision Making"","" Business Psychology"","" Change Management"","" Culture"","" Business Analysis"","" People Analysis""}",4.6,1400.0,Beginner , 1 - 3 Months,"['Leadership and Management', 'Organizational Development', 'Strategy', 'Strategy and Operations', 'Decision Making', 'Business Psychology', 'Change Management', 'Culture', 'Business Analysis', 'People Analysis']",leadership and management | organizational development | strategy | strategy and operations | decision making | business psychology | change management | culture | business analysis | people analysis,"['leadership and management', 'strategy', 'strategy and operations', 'decision making', 'business analysis']",0,1,0,0,0,0,0,0,1,0,0,1,0,0,0,0,0,0,0,0,0,0,1,1,0
Google Data Analytics,"{"" Decision Making"","" Data Analysis"","" Leadership and Management"","" Strategy"","" Strategy and Operations"","" Business Analysis"","" Design and Product"","" Planning"","" Communication"","" Business Psychology"","" Entrepreneurship"","" Business Development"","" Business Communication"","" Critical Thinking"","" Problem Solving"","" Exploratory Data Analysis"","" Process Analysis"","" Data Visualization"","" Operational Analysis"","" Visualization (Computer Graphics)"","" Interactive Data Visualization"","" Spreadsheet Software"","" Databases"","" SQL""}",4.5,115.0,Beginner , 3 - 6 Months,"['Decision Making', 'Data Analysis', 'Leadership and Management', 'Strategy', 'Strategy and Operations', 'Business Analysis', 'Design and Product', 'Planning', 'Communication', 'Business Psychology', 'Entrepreneurship', 'Business Development', 'Business Communication', 'Critical Thinking', 'Problem Solving', 'Exploratory Data Analysis', 'Process Analysis', 'Data Visualization', 'Operational Analysis', 'Visualization (Computer Graphics)', 'Interactive Data Visualization', 'Spreadsheet Software', 'Databases', 'SQL']",decision making | data analysis | leadership and management | strategy | strategy and operations | business analysis | design and product | planning | communication | business psychology | entrepreneurship | business development | business communication | critical thinking | problem solving | exploratory data analysis | process analysis | data visualization | operational analysis | visualization (computer graphics) | interactive data visualization | spreadsheet software | databases | sql,"['decision making', 'data analysis', 'leadership and management', 'strategy', 'strategy and operations', 'business analysis', 'planning', 'communication', 'critical thinking', 'problem solving', 'sql']",0,1,0,1,0,1,1,0,1,0,0,1,0,0,0,1,0,1,0,0,0,1,1,1,0
Programming for Everybody (Getting Started with Python),"{"" Algorithms"","" Computational Logic"","" Computational Thinking"","" Computer Programming"","" Critical Thinking"","" Problem Solving"","" Programming Principles"","" Python Programming"","" Software Engineering"","" Theoretical Computer Science""}",4.8,224900.0,Beginner , 1 - 3 Months,"['Algorithms', 'Computational Logic', 'Computational Thinking', 'Computer Programming', 'Critical Thinking', 'Problem Solving', 'Programming Principles', 'Python Programming', 'Software Engineering', 'Theoretical Computer Science']",algorithms | computational logic | computational thinking | computer programming | critical thinking | problem solving | programming principles | python programming | software engineering | theoretical computer science,"['algorithms', 'computer programming', 'critical thinking', 'problem solving', 'python programming']",1,0,0,0,1,1,0,0,0,0,0,0,0,0,0,0,0,1,0,1,0,0,0,0,0
"Improving Deep Neural Networks: Hyperparameter Tuning, Regularization and Optimization","{"" Applied Machine Learning"","" Deep Learning"","" Machine Learning"","" Artificial Neural Networks"","" Machine Learning Algorithms"","" Algorithms"","" Computer Programming"","" Mathematics"","" Python Programming"","" Mathematical Theory & Analysis"","" Tensorflow"","" Human Learning""}",4.9,62600.0,Intermediate , 1 - 4 Weeks,"['Applied Machine Learning', 'Deep Learning', 'Machine Learning', 'Artificial Neural Networks', 'Machine Learning Algorithms', 'Algorithms', 'Computer Programming', 'Mathematics', 'Python Programming', 'Mathematical Theory & Analysis', 'Tensorflow', 'Human Learning']",applied machine learning | deep learning | machine learning | artificial neural networks | machine learning algorithms | algorithms | computer programming | mathematics | python programming | mathematical theory & analysis | tensorflow | human learning,"['machine learning', 'machine learning algorithms', 'algorithms', 'computer programming', 'python programming', 'human learning']",1,0,0,0,1,0,0,0,0,0,1,0,1,1,0,0,0,0,0,1,0,0,0,0,0
Share Data Through the Art of Visualization,"{"" Business Communication"","" Data Analysis"","" Data Visualization"","" Data Visualization Software"","" Tableau Software""}",4.6,7700.0,Beginner , 1 - 4 Weeks,"['Business Communication', 'Data Analysis', 'Data Visualization', 'Data Visualization Software', 'Tableau Software']",business communication | data analysis | data visualization | data visualization software | tableau software,['data analysis'],0,0,0,0,0,0,1,0,0,0,0,0,0,0,0,0,0,0,0,0,0,0,0,0,0
AI for Medicine,"{"" Machine Learning"","" Machine Learning Algorithms"","" Deep Learning"","" Python Programming"","" Artificial Neural Networks"","" Statistical Programming"","" Probability & Statistics"","" Natural Language Processing""}",4.7,2200.0,Intermediate , 1 - 3 Months,"['Machine Learning', 'Machine Learning Algorithms', 'Deep Learning', 'Python Programming', 'Artificial Neural Networks', 'Statistical Programming', 'Probability & Statistics', 'Natural Language Processing']",machine learning | machine learning algorithms | deep learning | python programming | artificial neural networks | statistical programming | probability & statistics | natural language processing,"['machine learning', 'machine learning algorithms', 'python programming', 'probability & statistics']",0,0,0,0,0,0,0,0,0,0,0,0,1,1,0,0,1,0,0,1,0,0,0,0,0
Foundations of Data Science,"{"" Communication"","" Data Analysis"","" Planning"","" Project Management""}",4.7,1300.0,Advanced , 1 - 3 Months,"['Communication', 'Data Analysis', 'Planning', 'Project Management']",communication | data analysis | planning | project management,"['communication', 'data analysis', 'planning', 'project management']",0,0,0,1,0,0,1,0,0,0,0,0,0,0,0,1,0,0,1,0,0,0,0,0,0
Sound the Alarm: Detection and Response,"{"" Linux"","" Network Security"","" Computer Security Incident Management"","" Leadership and Management""}",4.8,746.0,Beginner , 1 - 4 Weeks,"['Linux', 'Network Security', 'Computer Security Incident Management', 'Leadership and Management']",linux | network security | computer security incident management | leadership and management,['leadership and management'],0,0,0,0,0,0,0,0,0,0,0,1,0,0,0,0,0,0,0,0,0,0,0,0,0
Microsoft Azure Fundamentals AZ-900 Exam Prep,"{"" Cloud Computing"","" Microsoft Azure"","" Cloud Management"","" Cloud Applications"","" Cloud Infrastructure"","" Cloud Platforms"","" Network Security"","" Cloud Engineering"","" Cloud Standards"","" DevOps"","" Leadership and Management"","" System Security"","" Cloud Storage"","" Machine Learning"","" Software As A Service"","" Cloud-Based Integration"","" Software Security"","" Data Management"","" Network Architecture"","" Security Software"","" Account Management"","" Database Administration"","" Databases"","" Web Development Tools""}",4.6,2400.0,Beginner , 3 - 6 Months,"['Cloud Computing', 'Microsoft Azure', 'Cloud Management', 'Cloud Applications', 'Cloud Infrastructure', 'Cloud Platforms', 'Network Security', 'Cloud Engineering', 'Cloud Standards', 'DevOps', 'Leadership and Management', 'System Security', 'Cloud Storage', 'Machine Learning', 'Software As A Service', 'Cloud-Based Integration', 'Software Security', 'Data Management', 'Network Architecture', 'Security Software', 'Account Management', 'Database Administration', 'Databases', 'Web Development Tools']",cloud computing | microsoft azure | cloud management | cloud applications | cloud infrastructure | cloud platforms | network security | cloud engineering | cloud standards | devops | leadership and management | system security | cloud storage | machine learning | software as a service | cloud-based integration | software security | data management | network architecture | security software | account management | database administration | databases | web development tools,"['cloud computing', 'leadership and management', 'machine learning', 'data management']",0,0,1,0,0,0,0,1,0,0,0,1,1,0,0,0,0,0,0,0,0,0,0,0,0
Project Management,"{"" Leadership and Management"","" Project Management"","" Planning"","" Strategy and Operations"","" Product Management"","" Agile Software Development"","" People Management"","" Strategy"","" Scrum (Software Development)"","" Performance Management"","" Risk Management"","" Business Process Management"","" Business Communication"","" Decision Making"","" Organizational Development"","" Product Development"","" Data Analysis"","" Estimation"","" Budget Management""}",4.8,452.0,Beginner , 1 - 3 Months,"['Leadership and Management', 'Project Management', 'Planning', 'Strategy and Operations', 'Product Management', 'Agile Software Development', 'People Management', 'Strategy', 'Scrum (Software Development)', 'Performance Management', 'Risk Management', 'Business Process Management', 'Business Communication', 'Decision Making', 'Organizational Development', 'Product Development', 'Data Analysis', 'Estimation', 'Budget Management']",leadership and management | project management | planning | strategy and operations | product management | agile software development | people management | strategy | scrum (software development) | performance management | risk management | business process management | business communication | decision making | organizational development | product development | data analysis | estimation | budget management,"['leadership and management', 'project management', 'planning', 'strategy and operations', 'strategy', 'risk management', 'decision making', 'data analysis']",0,0,0,0,0,0,1,0,1,0,0,1,0,0,0,1,0,0,1,0,1,0,1,1,0
Game Theory,"{"" Decision Making"","" Game Theory"","" General Statistics"","" Problem Solving"","" Critical Thinking"","" Mathematical Theory & Analysis""}",4.6,4500.0,Beginner , 1 - 3 Months,"['Decision Making', 'Game Theory', 'General Statistics', 'Problem Solving', 'Critical Thinking', 'Mathematical Theory & Analysis']",decision making | game theory | general statistics | problem solving | critical thinking | mathematical theory & analysis,"['decision making', 'problem solving', 'critical thinking']",0,0,0,0,0,1,0,0,1,0,0,0,0,0,0,0,0,1,0,0,0,0,0,0,0
UI / UX Design,"{"" Design and Product"","" Front-End Web Development"","" Graphic Design"","" Interactive Design"","" Research and Design"","" User Experience"","" User Experience Design"","" Visual Design"","" Visualization (Computer Graphics)"","" Web Design"","" Strategy""}",4.7,7200.0,Beginner , 3 - 6 Months,"['Design and Product', 'Front-End Web Development', 'Graphic Design', 'Interactive Design', 'Research and Design', 'User Experience', 'User Experience Design', 'Visual Design', 'Visualization (Computer Graphics)', 'Web Design', 'Strategy']",design and product | front-end web development | graphic design | interactive design | research and design | user experience | user experience design | visual design | visualization (computer graphics) | web design | strategy,['strategy'],0,0,0,0,0,0,0,0,0,0,0,0,0,0,0,0,0,0,0,0,0,0,1,0,0
Foundations of Management,"{"" Leadership and Management"","" Accounting"","" Financial Accounting"","" Communication"","" Customer Analysis"","" Design and Product"","" Human Resources"","" Market Analysis"","" Marketing"","" Strategy and Operations"","" Finance"","" Financial Management"","" Leadership Development"","" Marketing Design"","" Product Marketing"","" Strategy"","" Employee Relations"","" Management Accounting"","" Market Research"","" People Development"","" People Management"","" Business Psychology"","" Collaboration"","" Culture"","" Financial Analysis""}",4.8,4700.0,Beginner , 3 - 6 Months,"['Leadership and Management', 'Accounting', 'Financial Accounting', 'Communication', 'Customer Analysis', 'Design and Product', 'Human Resources', 'Market Analysis', 'Marketing', 'Strategy and Operations', 'Finance', 'Financial Management', 'Leadership Development', 'Marketing Design', 'Product Marketing', 'Strategy', 'Employee Relations', 'Management Accounting', 'Market Research', 'People Development', 'People Management', 'Business Psychology', 'Collaboration', 'Culture', 'Financial Analysis']",leadership and management | accounting | financial accounting | communication | customer analysis | design and product | human resources | market analysis | marketing | strategy and operations | finance | financial management | leadership development | marketing design | product marketing | strategy | employee relations | management accounting | market research | people development | people management | business psychology | collaboration | culture | financial analysis,"['leadership and management', 'communication', 'marketing', 'strategy and operations', 'finance', 'strategy']",0,0,0,1,0,0,0,0,0,1,0,1,0,0,1,0,0,0,0,0,0,0,1,1,0
Bookkeeping Basics,"{"" Accounting"","" General Accounting"","" Accounting Software"","" Finance""}",4.6,4000.0,Beginner , 1 - 4 Weeks,"['Accounting', 'General Accounting', 'Accounting Software', 'Finance']",accounting | general accounting | accounting software | finance,['finance'],0,0,0,0,0,0,0,0,0,1,0,0,0,0,0,0,0,0,0,0,0,0,0,0,0
Scrum Master Certification,"{"" Agile Software Development"","" Scrum (Software Development)"","" Project Management"","" Software Engineering"","" Continuous Delivery"","" Product Development"","" Continuous Integration"","" Leadership and Management"","" Product Management"","" Collaboration"","" DevOps"","" Software Testing"","" Product Lifecycle"","" Planning"","" Process Analysis"","" Software Engineering Tools"","" System Software"","" Business Communication"","" Devops Tools"","" Risk Management""}",4.7,2500.0,Beginner , 3 - 6 Months,"['Agile Software Development', 'Scrum (Software Development)', 'Project Management', 'Software Engineering', 'Continuous Delivery', 'Product Development', 'Continuous Integration', 'Leadership and Management', 'Product Management', 'Collaboration', 'DevOps', 'Software Testing', 'Product Lifecycle', 'Planning', 'Process Analysis', 'Software Engineering Tools', 'System Software', 'Business Communication', 'Devops Tools', 'Risk Management']",agile software development | scrum (software development) | project management | software engineering | continuous delivery | product development | continuous integration | leadership and management | product management | collaboration | devops | software testing | product lifecycle | planning | process analysis | software engineering tools | system software | business communication | devops tools | risk management,"['project management', 'leadership and management', 'planning', 'risk management']",0,0,0,0,0,0,0,0,0,0,0,1,0,0,0,1,0,0,1,0,1,0,0,0,0
Financial Analysis - Skills for Success,"{"" Finance"","" Financial Accounting"","" Accounts Payable and Receivable"","" Accounting"","" General Accounting"","" Financial Analysis"","" Leadership and Management"","" Cost Accounting"","" Generally Accepted Accounting Principles (GAAP)"","" Account Management"","" Business Analysis"","" Management Accounting"","" Risk Management"","" Data Analysis"","" Planning""}",4.7,160.0,Beginner , 1 - 3 Months,"['Finance', 'Financial Accounting', 'Accounts Payable and Receivable', 'Accounting', 'General Accounting', 'Financial Analysis', 'Leadership and Management', 'Cost Accounting', 'Generally Accepted Accounting Principles (GAAP)', 'Account Management', 'Business Analysis', 'Management Accounting', 'Risk Management', 'Data Analysis', 'Planning']",finance | financial accounting | accounts payable and receivable | accounting | general accounting | financial analysis | leadership and management | cost accounting | generally accepted accounting principles (gaap) | account management | business analysis | management accounting | risk management | data analysis | planning,"['finance', 'leadership and management', 'business analysis', 'risk management', 'data analysis', 'planning']",0,1,0,0,0,0,1,0,0,1,0,1,0,0,0,1,0,0,0,0,1,0,0,0,0
From Likes to Leads: Interact with Customers Online,"{"" Digital Marketing"","" Marketing"","" Marketing Management"","" Media Strategy & Planning"","" Social Media"","" Advertising"","" Data Analysis"","" Strategy""}",4.8,2100.0,Beginner , 1 - 3 Months,"['Digital Marketing', 'Marketing', 'Marketing Management', 'Media Strategy & Planning', 'Social Media', 'Advertising', 'Data Analysis', 'Strategy']",digital marketing | marketing | marketing management | media strategy & planning | social media | advertising | data analysis | strategy,"['marketing', 'data analysis', 'strategy']",0,0,0,0,0,0,1,0,0,0,0,0,0,0,1,0,0,0,0,0,0,0,1,0,0
Google Professional Workspace Administrator,"{"" Leadership and Management"","" Account Management"","" Google Cloud Platform"","" Cloud Management"","" System Security"","" Cloud Applications"","" Cloud Platforms"","" Security Engineering"","" Operations Management"","" Software Security"","" Network Security"","" Cloud Computing"","" Data Management"","" Security Strategy"","" Cloud Infrastructure"","" Organizational Development"","" Other Cloud Platforms and Tools"","" Change Management"","" Cloud-Based Integration"","" Database Administration"","" Collaboration"","" Software As A Service"","" Strategy and Operations"","" Computer Security Incident Management"","" Planning"","" Strategy"","" Security Software"","" Project Management"","" Mobile Security"","" Accounting""}",4.7,2900.0,Beginner , 1 - 4 Weeks,"['Leadership and Management', 'Account Management', 'Google Cloud Platform', 'Cloud Management', 'System Security', 'Cloud Applications', 'Cloud Platforms', 'Security Engineering', 'Operations Management', 'Software Security', 'Network Security', 'Cloud Computing', 'Data Management', 'Security Strategy', 'Cloud Infrastructure', 'Organizational Development', 'Other Cloud Platforms and Tools', 'Change Management', 'Cloud-Based Integration', 'Database Administration', 'Collaboration', 'Software As A Service', 'Strategy and Operations', 'Computer Security Incident Management', 'Planning', 'Strategy', 'Security Software', 'Project Management', 'Mobile Security', 'Accounting']",leadership and management | account management | google cloud platform | cloud management | system security | cloud applications | cloud platforms | security engineering | operations management | software security | network security | cloud computing | data management | security strategy | cloud infrastructure | organizational development | other cloud platforms and tools | change management | cloud-based integration | database administration | collaboration | software as a service | strategy and operations | computer security incident management | planning | strategy | security software | project management | mobile security | accounting,"['leadership and management', 'cloud computing', 'data management', 'strategy and operations', 'planning', 'strategy', 'project management']",0,0,1,0,0,0,0,1,0,0,0,1,0,0,0,1,0,0,1,0,0,0,1,1,0
Data Analysis with R Programming,"{"" R Programming"","" Data Analysis"","" Computer Programming"","" SQL""}",4.8,8700.0,Beginner , 1 - 3 Months,"['R Programming', 'Data Analysis', 'Computer Programming', 'SQL']",r programming | data analysis | computer programming | sql,"['data analysis', 'computer programming', 'sql']",0,0,0,0,1,0,1,0,0,0,0,0,0,0,0,0,0,0,0,0,0,1,0,0,0
Connected Leadership,"{"" Leadership and Management"","" Change Management"","" People Management"","" Process Analysis""}",4.8,247.0,Beginner , 1 - 3 Months,"['Leadership and Management', 'Change Management', 'People Management', 'Process Analysis']",leadership and management | change management | people management | process analysis,['leadership and management'],0,0,0,0,0,0,0,0,0,0,0,1,0,0,0,0,0,0,0,0,0,0,0,0,0
Tableau Business Intelligence Analyst,"{"" Business Analysis"","" Data Analysis"","" Data Architecture"","" Data Management"","" Interactive Data Visualization"","" Project Management"","" Tableau Software""}",4.8,97.0,Beginner , 3 - 6 Months,"['Business Analysis', 'Data Analysis', 'Data Architecture', 'Data Management', 'Interactive Data Visualization', 'Project Management', 'Tableau Software']",business analysis | data analysis | data architecture | data management | interactive data visualization | project management | tableau software,"['business analysis', 'data analysis', 'data management', 'project management']",0,1,0,0,0,0,1,1,0,0,0,0,0,0,0,0,0,0,1,0,0,0,0,0,0
Applied Data Science with R,"{"" Data Analysis"","" R Programming"","" Computer Programming"","" Statistical Programming"","" Data Management"","" Data Visualization"","" Databases"","" Exploratory Data Analysis"","" Statistical Analysis"","" Data Analysis Software"","" Data Structures"","" Plot (Graphics)"","" Statistical Visualization"","" Basic Descriptive Statistics"","" Interactive Data Visualization"","" SQL"","" Database Application"","" Extract"","" Transform"","" Load"","" General Statistics"","" Visualization (Computer Graphics)"","" Programming Principles"","" Regression"","" Database Administration"","" Database Design"","" Database Theory"","" Computer Programming Tools"","" Correlation And Dependence"","" Statistical Machine Learning"","" Visual Design"","" Data Science""}",4.5,803.0,Beginner , 3 - 6 Months,"['Data Analysis', 'R Programming', 'Computer Programming', 'Statistical Programming', 'Data Management', 'Data Visualization', 'Databases', 'Exploratory Data Analysis', 'Statistical Analysis', 'Data Analysis Software', 'Data Structures', 'Plot (Graphics)', 'Statistical Visualization', 'Basic Descriptive Statistics', 'Interactive Data Visualization', 'SQL', 'Database Application', 'Extract', 'Transform', 'Load', 'General Statistics', 'Visualization (Computer Graphics)', 'Programming Principles', 'Regression', 'Database Administration', 'Database Design', 'Database Theory', 'Computer Programming Tools', 'Correlation And Dependence', 'Statistical Machine Learning', 'Visual Design', 'Data Science']",data analysis | r programming | computer programming | statistical programming | data management | data visualization | databases | exploratory data analysis | statistical analysis | data analysis software | data structures | plot (graphics) | statistical visualization | basic descriptive statistics | interactive data visualization | sql | database application | extract | transform | load | general statistics | visualization (computer graphics) | programming principles | regression | database administration | database design | database theory | computer programming tools | correlation and dependence | statistical machine learning | visual design | data science,"['data analysis', 'computer programming', 'data management', 'sql']",0,0,0,0,1,0,1,1,0,0,0,0,0,0,0,0,0,0,0,0,0,1,0,0,0
Google Project Management,"{"" Leadership and Management"","" Planning"","" Communication"","" Strategy"","" Strategy and Operations"","" Business Analysis"","" Business Development"","" Business Psychology"","" Collaboration"","" Decision Making"","" Design and Product"","" Data Analysis"","" Entrepreneurship"","" Business Communication"","" Emotional Intelligence"","" People Management"","" Resilience"","" C++ Programming"","" Critical Thinking"","" Network Security"","" Data Analysis Software"","" Adaptability"","" Organizational Development"","" Project Management"","" Culture""}",4.6,149.0,Beginner , 3 - 6 Months,"['Leadership and Management', 'Planning', 'Communication', 'Strategy', 'Strategy and Operations', 'Business Analysis', 'Business Development', 'Business Psychology', 'Collaboration', 'Decision Making', 'Design and Product', 'Data Analysis', 'Entrepreneurship', 'Business Communication', 'Emotional Intelligence', 'People Management', 'Resilience', 'C++ Programming', 'Critical Thinking', 'Network Security', 'Data Analysis Software', 'Adaptability', 'Organizational Development', 'Project Management', 'Culture']",leadership and management | planning | communication | strategy | strategy and operations | business analysis | business development | business psychology | collaboration | decision making | design and product | data analysis | entrepreneurship | business communication | emotional intelligence | people management | resilience | c++ programming | critical thinking | network security | data analysis software | adaptability | organizational development | project management | culture,"['leadership and management', 'planning', 'communication', 'strategy', 'strategy and operations', 'business analysis', 'decision making', 'data analysis', 'critical thinking', 'project management']",0,1,0,1,0,1,1,0,1,0,0,1,0,0,0,1,0,0,1,0,0,0,1,1,0
Artificial Intelligence in Marketing,"{"" Digital Marketing"","" Marketing"","" Algorithms"","" Customer Relationship Management"","" Market Analysis"","" Strategy"","" Customer Success"","" Leadership and Management"","" Machine Learning Algorithms"","" Strategy and Operations""}",4.5,146.0,Beginner , 1 - 4 Weeks,"['Digital Marketing', 'Marketing', 'Algorithms', 'Customer Relationship Management', 'Market Analysis', 'Strategy', 'Customer Success', 'Leadership and Management', 'Machine Learning Algorithms', 'Strategy and Operations']",digital marketing | marketing | algorithms | customer relationship management | market analysis | strategy | customer success | leadership and management | machine learning algorithms | strategy and operations,"['marketing', 'algorithms', 'strategy', 'leadership and management', 'machine learning algorithms', 'strategy and operations']",1,0,0,0,0,0,0,0,0,0,0,1,0,1,1,0,0,0,0,0,0,0,1,1,0
Introduction to Cloud Computing,"{"" Cloud Computing"","" Cloud Applications"","" Cloud Infrastructure"","" Cloud Platforms"","" Cloud Storage"","" DevOps"","" IBM Cloud""}",4.6,4700.0,Beginner , 1 - 3 Months,"['Cloud Computing', 'Cloud Applications', 'Cloud Infrastructure', 'Cloud Platforms', 'Cloud Storage', 'DevOps', 'IBM Cloud']",cloud computing | cloud applications | cloud infrastructure | cloud platforms | cloud storage | devops | ibm cloud,['cloud computing'],0,0,1,0,0,0,0,0,0,0,0,0,0,0,0,0,0,0,0,0,0,0,0,0,0
Clinical Trials Operations,"{"" Leadership and Management"","" Data Management"","" Clinical Data Management"","" Communication"","" Data Analysis"","" Recruitment"","" Statistical Analysis""}",4.8,217.0,Beginner , 3 - 6 Months,"['Leadership and Management', 'Data Management', 'Clinical Data Management', 'Communication', 'Data Analysis', 'Recruitment', 'Statistical Analysis']",leadership and management | data management | clinical data management | communication | data analysis | recruitment | statistical analysis,"['leadership and management', 'data management', 'communication', 'data analysis']",0,0,0,1,0,0,1,1,0,0,0,1,0,0,0,0,0,0,0,0,0,0,0,0,0
Project Management Principles and Practices,"{"" Project Management"","" Strategy and Operations"","" Leadership and Management"","" Collaboration"","" Communication"","" Conflict Management"","" Risk Management"","" Estimation"","" Planning""}",4.7,28800.0,Beginner , 3 - 6 Months,"['Project Management', 'Strategy and Operations', 'Leadership and Management', 'Collaboration', 'Communication', 'Conflict Management', 'Risk Management', 'Estimation', 'Planning']",project management | strategy and operations | leadership and management | collaboration | communication | conflict management | risk management | estimation | planning,"['project management', 'strategy and operations', 'leadership and management', 'communication', 'risk management', 'planning']",0,0,0,1,0,0,0,0,0,0,0,1,0,0,0,1,0,0,1,0,1,0,0,1,0
Management of Fashion and Luxury Companies,"{"" Brand Management"","" Leadership and Management"","" Marketing"","" Retail Sales"","" Strategy"","" Business Analysis"","" Communication"","" Customer Analysis"","" Media Strategy & Planning"","" Product Design"","" Product Development""}",4.7,5600.0,Mixed , 1 - 3 Months,"['Brand Management', 'Leadership and Management', 'Marketing', 'Retail Sales', 'Strategy', 'Business Analysis', 'Communication', 'Customer Analysis', 'Media Strategy & Planning', 'Product Design', 'Product Development']",brand management | leadership and management | marketing | retail sales | strategy | business analysis | communication | customer analysis | media strategy & planning | product design | product development,"['leadership and management', 'marketing', 'strategy', 'business analysis', 'communication']",0,1,0,1,0,0,0,0,0,0,0,1,0,0,1,0,0,0,0,0,0,0,1,0,0
Soporte de Tecnologías de la Información de Google,"{"" Computer Networking"","" Communication"","" Computer Architecture"","" Operating Systems"","" Security Engineering"","" Network Security"","" Networking Hardware"","" Network Architecture"","" Human Computer Interaction"","" Software Security"","" System Software"","" Theoretical Computer Science"","" Security Software"","" Software-Defined Networking"","" Cloud Computing"","" Computational Logic"","" Data Management"","" Network Model"","" Customer Support"","" System Security"","" Cryptography"","" Problem Solving"","" Security Strategy"","" Adaptability"","" Linux""}",4.9,14700.0,Beginner , 3 - 6 Months,"['Computer Networking', 'Communication', 'Computer Architecture', 'Operating Systems', 'Security Engineering', 'Network Security', 'Networking Hardware', 'Network Architecture', 'Human Computer Interaction', 'Software Security', 'System Software', 'Theoretical Computer Science', 'Security Software', 'Software-Defined Networking', 'Cloud Computing', 'Computational Logic', 'Data Management', 'Network Model', 'Customer Support', 'System Security', 'Cryptography', 'Problem Solving', 'Security Strategy', 'Adaptability', 'Linux']",computer networking | communication | computer architecture | operating systems | security engineering | network security | networking hardware | network architecture | human computer interaction | software security | system software | theoretical computer science | security software | software-defined networking | cloud computing | computational logic | data management | network model | customer support | system security | cryptography | problem solving | security strategy | adaptability | linux,"['communication', 'cloud computing', 'data management', 'problem solving']",0,0,1,1,0,0,0,1,0,0,0,0,0,0,0,0,0,1,0,0,0,0,0,0,0
Creative Writing,"{"" Creativity"","" Human Learning"","" Storytelling"","" Writing""}",4.6,5800.0,Beginner , 3 - 6 Months,"['Creativity', 'Human Learning', 'Storytelling', 'Writing']",creativity | human learning | storytelling | writing,"['human learning', 'writing']",0,0,0,0,0,0,0,0,0,0,1,0,0,0,0,0,0,0,0,0,0,0,0,0,1
Introduction to Machine Learning in Production,"{"" Machine Learning"","" Applied Machine Learning"","" Leadership and Management""}",4.8,2600.0,Advanced , 1 - 4 Weeks,"['Machine Learning', 'Applied Machine Learning', 'Leadership and Management']",machine learning | applied machine learning | leadership and management,"['machine learning', 'leadership and management']",0,0,0,0,0,0,0,0,0,0,0,1,1,0,0,0,0,0,0,0,0,0,0,0,0
"Influencing: Storytelling, Change Management and Governance","{"" Leadership and Management"","" Communication"","" Business Psychology"","" Strategy and Operations"","" Change Management"","" Conflict Management"","" Influencing"","" Organizational Development"","" Risk Management"","" Marketing"","" Negotiation"","" Sales"","" Critical Thinking"","" Decision Making"","" Entrepreneurship"","" Human Resources"","" Probability & Statistics"","" Business Communication"","" Employee Relations"","" People Analysis"","" Tensorflow"","" Storytelling""}",4.8,3600.0,Beginner , 3 - 6 Months,"['Leadership and Management', 'Communication', 'Business Psychology', 'Strategy and Operations', 'Change Management', 'Conflict Management', 'Influencing', 'Organizational Development', 'Risk Management', 'Marketing', 'Negotiation', 'Sales', 'Critical Thinking', 'Decision Making', 'Entrepreneurship', 'Human Resources', 'Probability & Statistics', 'Business Communication', 'Employee Relations', 'People Analysis', 'Tensorflow', 'Storytelling']",leadership and management | communication | business psychology | strategy and operations | change management | conflict management | influencing | organizational development | risk management | marketing | negotiation | sales | critical thinking | decision making | entrepreneurship | human resources | probability & statistics | business communication | employee relations | people analysis | tensorflow | storytelling,"['leadership and management', 'communication', 'strategy and operations', 'risk management', 'marketing', 'critical thinking', 'decision making', 'probability & statistics']",0,0,0,1,0,1,0,0,1,0,0,1,0,0,1,0,1,0,0,0,1,0,0,1,0
Automate Cybersecurity Tasks with Python,"{"" Python Programming"","" Algorithms"","" Computer Programming""}",4.8,726.0,Beginner , 1 - 4 Weeks,"['Python Programming', 'Algorithms', 'Computer Programming']",python programming | algorithms | computer programming,"['python programming', 'algorithms', 'computer programming']",1,0,0,0,1,0,0,0,0,0,0,0,0,0,0,0,0,0,0,1,0,0,0,0,0
IT Security: Defense against the digital dark arts,"{"" Cryptography"","" Network Security"","" System Security""}",4.8,21000.0,Beginner , 1 - 3 Months,"['Cryptography', 'Network Security', 'System Security']",cryptography | network security | system security,[],0,0,0,0,0,0,0,0,0,0,0,0,0,0,0,0,0,0,0,0,0,0,0,0,0
Principles of Management,"{"" Leadership and Management"","" Planning"","" Strategy"","" Critical Thinking"","" Operations Management"","" People Management"","" Strategy and Operations"","" Business Communication"","" Business Intelligence"","" Organizational Development"","" Project Management""}",4.7,206.0,Mixed , 1 - 4 Weeks,"['Leadership and Management', 'Planning', 'Strategy', 'Critical Thinking', 'Operations Management', 'People Management', 'Strategy and Operations', 'Business Communication', 'Business Intelligence', 'Organizational Development', 'Project Management']",leadership and management | planning | strategy | critical thinking | operations management | people management | strategy and operations | business communication | business intelligence | organizational development | project management,"['leadership and management', 'planning', 'strategy', 'critical thinking', 'strategy and operations', 'project management']",0,0,0,0,0,1,0,0,0,0,0,1,0,0,0,1,0,0,1,0,0,0,1,1,0
Build Wireframes and Low-Fidelity Prototypes,"{"" Product Design"","" User Experience"","" User Research""}",4.9,7600.0,Beginner , 1 - 4 Weeks,"['Product Design', 'User Experience', 'User Research']",product design | user experience | user research,[],0,0,0,0,0,0,0,0,0,0,0,0,0,0,0,0,0,0,0,0,0,0,0,0,0
Accelerated Computer Science Fundamentals,"{"" Computer Programming"","" C Programming Language Family"","" Data Structures"","" Algorithms"","" C++ Programming"","" Theoretical Computer Science"","" Programming Principles"","" Computational Thinking"","" Problem Solving"","" Computer Programming Tools"","" Critical Thinking"","" Computational Logic"","" Graph Theory""}",4.7,3300.0,Intermediate , 1 - 3 Months,"['Computer Programming', 'C Programming Language Family', 'Data Structures', 'Algorithms', 'C++ Programming', 'Theoretical Computer Science', 'Programming Principles', 'Computational Thinking', 'Problem Solving', 'Computer Programming Tools', 'Critical Thinking', 'Computational Logic', 'Graph Theory']",computer programming | c programming language family | data structures | algorithms | c++ programming | theoretical computer science | programming principles | computational thinking | problem solving | computer programming tools | critical thinking | computational logic | graph theory,"['computer programming', 'algorithms', 'problem solving', 'critical thinking']",1,0,0,0,1,1,0,0,0,0,0,0,0,0,0,0,0,1,0,0,0,0,0,0,0
Career Success,"{"" Leadership and Management"","" Professional Development"","" Strategy and Operations"","" Business Communication"","" Adaptability"","" Business Analysis"","" Communication"","" Decision Making"","" Project Management"","" People Management"","" Critical Thinking"","" Collaboration"","" Customer Relationship Management"","" Strategy"","" Planning"","" Business Development"","" Problem Solving"","" Accounting"","" Change Management"","" Conflict Management"","" Financial Accounting"","" Leadership Development"","" Entrepreneurship"","" People Development"","" Business Research"","" Cost Accounting"","" Deep Learning"","" Finance"","" Financial Management"","" General Accounting"","" Generally Accepted Accounting Principles (GAAP)"","" Negotiation"","" Financial Analysis"","" Writing"","" Benefits"","" Contract Management"","" Entrepreneurial Finance"","" Data Visualization Software"","" Marketing"","" Scrum (Software Development)"","" User Experience"","" Estimation""}",4.6,41300.0,Beginner , 3 - 6 Months,"['Leadership and Management', 'Professional Development', 'Strategy and Operations', 'Business Communication', 'Adaptability', 'Business Analysis', 'Communication', 'Decision Making', 'Project Management', 'People Management', 'Critical Thinking', 'Collaboration', 'Customer Relationship Management', 'Strategy', 'Planning', 'Business Development', 'Problem Solving', 'Accounting', 'Change Management', 'Conflict Management', 'Financial Accounting', 'Leadership Development', 'Entrepreneurship', 'People Development', 'Business Research', 'Cost Accounting', 'Deep Learning', 'Finance', 'Financial Management', 'General Accounting', 'Generally Accepted Accounting Principles (GAAP)', 'Negotiation', 'Financial Analysis', 'Writing', 'Benefits', 'Contract Management', 'Entrepreneurial Finance', 'Data Visualization Software', 'Marketing', 'Scrum (Software Development)', 'User Experience', 'Estimation']",leadership and management | professional development | strategy and operations | business communication | adaptability | business analysis | communication | decision making | project management | people management | critical thinking | collaboration | customer relationship management | strategy | planning | business development | problem solving | accounting | change management | conflict management | financial accounting | leadership development | entrepreneurship | people development | business research | cost accounting | deep learning | finance | financial management | general accounting | generally accepted accounting principles (gaap) | negotiation | financial analysis | writing | benefits | contract management | entrepreneurial finance | data visualization software | marketing | scrum (software development) | user experience | estimation,"['leadership and management', 'strategy and operations', 'business analysis', 'communication', 'decision making', 'project management', 'critical thinking', 'strategy', 'planning', 'problem solving', 'finance', 'writing', 'marketing']",0,1,0,1,0,1,0,0,1,1,0,1,0,0,1,1,0,1,1,0,0,0,1,1,1
AI Fundamentals for Non-Data Scientists,"{"" Machine Learning"","" Machine Learning Algorithms"","" Artificial Neural Networks"","" Data Analysis"","" Deep Learning"","" Human Learning"","" Big Data""}",4.8,210.0,Mixed , 1 - 4 Weeks,"['Machine Learning', 'Machine Learning Algorithms', 'Artificial Neural Networks', 'Data Analysis', 'Deep Learning', 'Human Learning', 'Big Data']",machine learning | machine learning algorithms | artificial neural networks | data analysis | deep learning | human learning | big data,"['machine learning', 'machine learning algorithms', 'data analysis', 'human learning']",0,0,0,0,0,0,1,0,0,0,1,0,1,1,0,0,0,0,0,0,0,0,0,0,0
Intellectual Property Law,"{"" Critical Thinking"","" Strategy"","" Innovation"","" Brand Management"","" Leadership and Management"","" Marketing"","" Strategy and Operations"","" Design and Product""}",4.8,1200.0,Intermediate , 3 - 6 Months,"['Critical Thinking', 'Strategy', 'Innovation', 'Brand Management', 'Leadership and Management', 'Marketing', 'Strategy and Operations', 'Design and Product']",critical thinking | strategy | innovation | brand management | leadership and management | marketing | strategy and operations | design and product,"['critical thinking', 'strategy', 'leadership and management', 'marketing', 'strategy and operations']",0,0,0,0,0,1,0,0,0,0,0,1,0,0,1,0,0,0,0,0,0,0,1,1,0
Fundamentals of Quantitative Modeling,"{"" Business Analysis"","" Data Model"","" Finance"","" Forecasting"","" General Statistics"","" Mathematical Theory & Analysis"","" Probability & Statistics"","" Regression"","" Statistical Analysis"","" Linear Algebra""}",4.6,8600.0,Mixed , 1 - 4 Weeks,"['Business Analysis', 'Data Model', 'Finance', 'Forecasting', 'General Statistics', 'Mathematical Theory & Analysis', 'Probability & Statistics', 'Regression', 'Statistical Analysis', 'Linear Algebra']",business analysis | data model | finance | forecasting | general statistics | mathematical theory & analysis | probability & statistics | regression | statistical analysis | linear algebra,"['business analysis', 'finance', 'probability & statistics']",0,1,0,0,0,0,0,0,0,1,0,0,0,0,0,0,1,0,0,0,0,0,0,0,0
Methods and Statistics in Social Sciences,"{"" Probability & Statistics"","" Statistical Tests"","" General Statistics"","" Statistical Analysis"","" Correlation And Dependence"","" Statistical Programming"","" Basic Descriptive Statistics"","" Research and Design"","" Data Analysis"","" Regression"","" Adaptability"","" Computational Thinking"","" Critical Thinking"","" People Analysis"","" Theoretical Computer Science"","" Writing"","" Probability Distribution"","" Problem Solving"","" R Programming"","" Experiment"","" Mathematical Theory & Analysis"","" Computer Programming""}",4.6,7300.0,Beginner , 3 - 6 Months,"['Probability & Statistics', 'Statistical Tests', 'General Statistics', 'Statistical Analysis', 'Correlation And Dependence', 'Statistical Programming', 'Basic Descriptive Statistics', 'Research and Design', 'Data Analysis', 'Regression', 'Adaptability', 'Computational Thinking', 'Critical Thinking', 'People Analysis', 'Theoretical Computer Science', 'Writing', 'Probability Distribution', 'Problem Solving', 'R Programming', 'Experiment', 'Mathematical Theory & Analysis', 'Computer Programming']",probability & statistics | statistical tests | general statistics | statistical analysis | correlation and dependence | statistical programming | basic descriptive statistics | research and design | data analysis | regression | adaptability | computational thinking | critical thinking | people analysis | theoretical computer science | writing | probability distribution | problem solving | r programming | experiment | mathematical theory & analysis | computer programming,"['probability & statistics', 'data analysis', 'critical thinking', 'writing', 'problem solving', 'computer programming']",0,0,0,0,1,1,1,0,0,0,0,0,0,0,0,0,1,1,0,0,0,0,0,0,1
Pricing Strategy Optimization,"{"" Marketing"","" Strategy"","" Strategy and Operations"","" Customer Analysis"","" Sales"","" Product Strategy"","" Business Analysis"","" Leadership and Management"","" Market Analysis"","" Product Marketing"","" Design and Product"","" Product Management"","" Entrepreneurship"","" Market Research"","" Accounting"","" Decision Making"","" Game Theory"","" B2B Sales"","" Cost Accounting"","" Data Analysis"","" Product Lifecycle"","" Marketing Management"","" Retail Sales""}",4.8,864.0,Beginner , 3 - 6 Months,"['Marketing', 'Strategy', 'Strategy and Operations', 'Customer Analysis', 'Sales', 'Product Strategy', 'Business Analysis', 'Leadership and Management', 'Market Analysis', 'Product Marketing', 'Design and Product', 'Product Management', 'Entrepreneurship', 'Market Research', 'Accounting', 'Decision Making', 'Game Theory', 'B2B Sales', 'Cost Accounting', 'Data Analysis', 'Product Lifecycle', 'Marketing Management', 'Retail Sales']",marketing | strategy | strategy and operations | customer analysis | sales | product strategy | business analysis | leadership and management | market analysis | product marketing | design and product | product management | entrepreneurship | market research | accounting | decision making | game theory | b2b sales | cost accounting | data analysis | product lifecycle | marketing management | retail sales,"['marketing', 'strategy', 'strategy and operations', 'business analysis', 'leadership and management', 'decision making', 'data analysis']",0,1,0,0,0,0,1,0,1,0,0,1,0,0,1,0,0,0,0,0,0,0,1,1,0
Modern and Contemporary Art and Design,"{"" Design and Product"","" Critical Thinking"","" Creativity""}",4.8,14100.0,Beginner , 3 - 6 Months,"['Design and Product', 'Critical Thinking', 'Creativity']",design and product | critical thinking | creativity,['critical thinking'],0,0,0,0,0,1,0,0,0,0,0,0,0,0,0,0,0,0,0,0,0,0,0,0,0
The Strategy of Content Marketing,"{"" Digital Marketing"","" Marketing"","" Writing"","" Strategy""}",4.5,4300.0,Intermediate , 1 - 3 Months,"['Digital Marketing', 'Marketing', 'Writing', 'Strategy']",digital marketing | marketing | writing | strategy,"['marketing', 'writing', 'strategy']",0,0,0,0,0,0,0,0,0,0,0,0,0,0,1,0,0,0,0,0,0,0,1,0,1
Capstone: Applying Project Management in the Real World,"{"" Communication"","" Leadership and Management"","" Planning"","" Problem Solving"","" Project Management""}",4.8,6800.0,Beginner , 1 - 4 Weeks,"['Communication', 'Leadership and Management', 'Planning', 'Problem Solving', 'Project Management']",communication | leadership and management | planning | problem solving | project management,"['communication', 'leadership and management', 'planning', 'problem solving', 'project management']",0,0,0,1,0,0,0,0,0,0,0,1,0,0,0,1,0,1,1,0,0,0,0,0,0
Java Programming and Software Engineering Fundamentals,"{"" Computer Programming"","" Java Programming"","" Programming Principles"","" Algorithms"","" Problem Solving"","" Data Structures"","" Software Engineering"","" Computer Programming Tools"","" Critical Thinking"","" Computational Thinking"","" Data Analysis"","" Javascript"","" Software Testing"","" Front-End Web Development"","" HTML and CSS"","" Web Design"","" Web Development"","" Web Development Tools"","" Computer Graphic Techniques"","" Software Architecture"","" Data Model"","" Cryptography"","" Data Analysis Software"","" Statistical Programming"","" Strategy""}",4.6,21500.0,Beginner , 3 - 6 Months,"['Computer Programming', 'Java Programming', 'Programming Principles', 'Algorithms', 'Problem Solving', 'Data Structures', 'Software Engineering', 'Computer Programming Tools', 'Critical Thinking', 'Computational Thinking', 'Data Analysis', 'Javascript', 'Software Testing', 'Front-End Web Development', 'HTML and CSS', 'Web Design', 'Web Development', 'Web Development Tools', 'Computer Graphic Techniques', 'Software Architecture', 'Data Model', 'Cryptography', 'Data Analysis Software', 'Statistical Programming', 'Strategy']",computer programming | java programming | programming principles | algorithms | problem solving | data structures | software engineering | computer programming tools | critical thinking | computational thinking | data analysis | javascript | software testing | front-end web development | html and css | web design | web development | web development tools | computer graphic techniques | software architecture | data model | cryptography | data analysis software | statistical programming | strategy,"['computer programming', 'algorithms', 'problem solving', 'critical thinking', 'data analysis', 'strategy']",1,0,0,0,1,1,1,0,0,0,0,0,0,0,0,0,0,1,0,0,0,0,1,0,0
Natural Language Processing with Classification and Vector Spaces,"{"" Machine Learning"","" Natural Language Processing"","" Probability & Statistics"","" Python Programming"","" Machine Learning Algorithms"","" Applied Machine Learning"","" Computer Programming"","" Human Learning"","" Mathematics"","" Statistical Machine Learning""}",4.6,4100.0,Intermediate , 1 - 4 Weeks,"['Machine Learning', 'Natural Language Processing', 'Probability & Statistics', 'Python Programming', 'Machine Learning Algorithms', 'Applied Machine Learning', 'Computer Programming', 'Human Learning', 'Mathematics', 'Statistical Machine Learning']",machine learning | natural language processing | probability & statistics | python programming | machine learning algorithms | applied machine learning | computer programming | human learning | mathematics | statistical machine learning,"['machine learning', 'probability & statistics', 'python programming', 'machine learning algorithms', 'computer programming', 'human learning']",0,0,0,0,1,0,0,0,0,0,1,0,1,1,0,0,1,0,0,1,0,0,0,0,0
Introduction to Cybersecurity Tools & Cyber Attacks,"{"" Cryptography"","" Security Software"","" Cyberattacks"","" Leadership and Management""}",4.6,14700.0,Beginner , 1 - 4 Weeks,"['Cryptography', 'Security Software', 'Cyberattacks', 'Leadership and Management']",cryptography | security software | cyberattacks | leadership and management,['leadership and management'],0,0,0,0,0,0,0,0,0,0,0,1,0,0,0,0,0,0,0,0,0,0,0,0,0
"Brand Management: Aligning Business, Brand and Behaviour","{"" Brand Management"","" Leadership and Management"","" Marketing""}",4.9,7000.0,Beginner , 1 - 3 Months,"['Brand Management', 'Leadership and Management', 'Marketing']",brand management | leadership and management | marketing,"['leadership and management', 'marketing']",0,0,0,0,0,0,0,0,0,0,0,1,0,0,1,0,0,0,0,0,0,0,0,0,0
Machine Learning on Google Cloud,"{"" Machine Learning"","" Applied Machine Learning"","" Google Cloud Platform"","" Human Learning"","" Machine Learning Software"","" Cloud Computing"","" Machine Learning Algorithms"","" Deep Learning"","" Cloud Platforms"","" Artificial Neural Networks"","" Feature Engineering"","" Exploratory Data Analysis"","" Tensorflow"","" Python Programming"","" Data Analysis"","" Data Visualization"","" Probability & Statistics"","" Regression"","" Statistical Programming"","" Statistical Visualization"","" Algorithms"","" SQL"","" Cloud API"","" Apache"","" Extract"","" Transform"","" Load""}",4.5,9500.0,Intermediate , 3 - 6 Months,"['Machine Learning', 'Applied Machine Learning', 'Google Cloud Platform', 'Human Learning', 'Machine Learning Software', 'Cloud Computing', 'Machine Learning Algorithms', 'Deep Learning', 'Cloud Platforms', 'Artificial Neural Networks', 'Feature Engineering', 'Exploratory Data Analysis', 'Tensorflow', 'Python Programming', 'Data Analysis', 'Data Visualization', 'Probability & Statistics', 'Regression', 'Statistical Programming', 'Statistical Visualization', 'Algorithms', 'SQL', 'Cloud API', 'Apache', 'Extract', 'Transform', 'Load']",machine learning | applied machine learning | google cloud platform | human learning | machine learning software | cloud computing | machine learning algorithms | deep learning | cloud platforms | artificial neural networks | feature engineering | exploratory data analysis | tensorflow | python programming | data analysis | data visualization | probability & statistics | regression | statistical programming | statistical visualization | algorithms | sql | cloud api | apache | extract | transform | load,"['machine learning', 'human learning', 'cloud computing', 'machine learning algorithms', 'python programming', 'data analysis', 'probability & statistics', 'algorithms', 'sql']",1,0,1,0,0,0,1,0,0,0,1,0,1,1,0,0,1,0,0,1,0,1,0,0,0
Removing Barriers to Change,"{"" Business Psychology"","" Change Management"","" Leadership and Management"","" Problem Solving"","" Strategy"","" Behavioral Economics"","" Influencing"","" Marketing"","" Organizational Development"","" Strategy and Operations""}",4.9,373.0,Beginner , 1 - 4 Weeks,"['Business Psychology', 'Change Management', 'Leadership and Management', 'Problem Solving', 'Strategy', 'Behavioral Economics', 'Influencing', 'Marketing', 'Organizational Development', 'Strategy and Operations']",business psychology | change management | leadership and management | problem solving | strategy | behavioral economics | influencing | marketing | organizational development | strategy and operations,"['leadership and management', 'problem solving', 'strategy', 'marketing', 'strategy and operations']",0,0,0,0,0,0,0,0,0,0,0,1,0,0,1,0,0,1,0,0,0,0,1,1,0
Google Cloud Digital Leader Training,"{"" Cloud Computing"","" Cloud Infrastructure"","" Google Cloud Platform"","" Cloud Management"","" Cloud Platforms"","" Cloud Applications"","" Cloud-Based Integration"","" Cloud Clients"","" Kubernetes"","" Other Cloud Platforms and Tools"","" Data Management"","" DevOps"","" Software Engineering Tools"","" System Security"","" Data Architecture"","" Google App Engine"","" Account Management"","" Collaboration"","" Innovation"","" Leadership and Management"","" Operations Management"","" Data Warehousing"","" Machine Learning""}",4.8,3700.0,Beginner , 3 - 6 Months,"['Cloud Computing', 'Cloud Infrastructure', 'Google Cloud Platform', 'Cloud Management', 'Cloud Platforms', 'Cloud Applications', 'Cloud-Based Integration', 'Cloud Clients', 'Kubernetes', 'Other Cloud Platforms and Tools', 'Data Management', 'DevOps', 'Software Engineering Tools', 'System Security', 'Data Architecture', 'Google App Engine', 'Account Management', 'Collaboration', 'Innovation', 'Leadership and Management', 'Operations Management', 'Data Warehousing', 'Machine Learning']",cloud computing | cloud infrastructure | google cloud platform | cloud management | cloud platforms | cloud applications | cloud-based integration | cloud clients | kubernetes | other cloud platforms and tools | data management | devops | software engineering tools | system security | data architecture | google app engine | account management | collaboration | innovation | leadership and management | operations management | data warehousing | machine learning,"['cloud computing', 'data management', 'leadership and management', 'machine learning']",0,0,1,0,0,0,0,1,0,0,0,1,1,0,0,0,0,0,0,0,0,0,0,0,0
SAS Programmer,"{"" SAS (Software)"","" Data Analysis"","" Statistical Programming"","" Data Analysis Software"","" Computer Programming"","" Statistical Analysis"","" Programming Principles"","" Data Management"","" Data Structures"","" Exploratory Data Analysis"","" Databases"","" SQL"","" Problem Solving"","" Process Analysis"","" Computer Programming Tools"","" Computational Logic""}",4.8,3300.0,Beginner , 3 - 6 Months,"['SAS (Software)', 'Data Analysis', 'Statistical Programming', 'Data Analysis Software', 'Computer Programming', 'Statistical Analysis', 'Programming Principles', 'Data Management', 'Data Structures', 'Exploratory Data Analysis', 'Databases', 'SQL', 'Problem Solving', 'Process Analysis', 'Computer Programming Tools', 'Computational Logic']",sas (software) | data analysis | statistical programming | data analysis software | computer programming | statistical analysis | programming principles | data management | data structures | exploratory data analysis | databases | sql | problem solving | process analysis | computer programming tools | computational logic,"['data analysis', 'computer programming', 'data management', 'sql', 'problem solving']",0,0,0,0,1,0,1,1,0,0,0,0,0,0,0,0,0,1,0,0,0,1,0,0,0
Management Consulting,"{"" Leadership and Management"","" Business Communication"","" Critical Thinking"","" Problem Solving"","" Decision Making"","" Strategy"","" Business Development"","" Business Intelligence"","" Communication"","" Market Research"","" Data Analysis"","" People Analysis"","" People Management"","" Process Analysis"","" Project Management"","" Strategy and Operations"","" Data Management""}",4.8,546.0,Beginner , 3 - 6 Months,"['Leadership and Management', 'Business Communication', 'Critical Thinking', 'Problem Solving', 'Decision Making', 'Strategy', 'Business Development', 'Business Intelligence', 'Communication', 'Market Research', 'Data Analysis', 'People Analysis', 'People Management', 'Process Analysis', 'Project Management', 'Strategy and Operations', 'Data Management']",leadership and management | business communication | critical thinking | problem solving | decision making | strategy | business development | business intelligence | communication | market research | data analysis | people analysis | people management | process analysis | project management | strategy and operations | data management,"['leadership and management', 'critical thinking', 'problem solving', 'decision making', 'strategy', 'communication', 'data analysis', 'project management', 'strategy and operations', 'data management']",0,0,0,1,0,1,1,1,1,0,0,1,0,0,0,0,0,1,1,0,0,0,1,1,0
Excel Skills for Data Analytics and Visualization,"{"" Business Analysis"","" Spreadsheet Software"","" Data Analysis"","" Data Management"","" Data Visualization"","" Microsoft Excel"","" Data Analysis Software"","" Exploratory Data Analysis"","" Statistical Visualization"","" Data Model"","" Data Structures"","" Data Visualization Software"","" Database Design"","" Plot (Graphics)"","" Visual Design"","" Big Data"","" Power BI"","" Leadership and Management""}",4.8,4700.0,Intermediate , 3 - 6 Months,"['Business Analysis', 'Spreadsheet Software', 'Data Analysis', 'Data Management', 'Data Visualization', 'Microsoft Excel', 'Data Analysis Software', 'Exploratory Data Analysis', 'Statistical Visualization', 'Data Model', 'Data Structures', 'Data Visualization Software', 'Database Design', 'Plot (Graphics)', 'Visual Design', 'Big Data', 'Power BI', 'Leadership and Management']",business analysis | spreadsheet software | data analysis | data management | data visualization | microsoft excel | data analysis software | exploratory data analysis | statistical visualization | data model | data structures | data visualization software | database design | plot (graphics) | visual design | big data | power bi | leadership and management,"['business analysis', 'data analysis', 'data management', 'leadership and management']",0,1,0,0,0,0,1,1,0,0,0,1,0,0,0,0,0,0,0,0,0,0,0,0,0
MATLAB Programming for Engineers and Scientists,"{"" Computer Programming"","" Other Programming Languages"","" Matlab"","" Data Analysis"","" Algorithms"","" Theoretical Computer Science"","" Data Visualization"","" Mathematics"","" Plot (Graphics)"","" Visualization (Computer Graphics)"","" Computer Graphics"","" Statistical Machine Learning"","" Data Analysis Software"","" Problem Solving"","" Programming Principles""}",4.8,17600.0,Beginner , 3 - 6 Months,"['Computer Programming', 'Other Programming Languages', 'Matlab', 'Data Analysis', 'Algorithms', 'Theoretical Computer Science', 'Data Visualization', 'Mathematics', 'Plot (Graphics)', 'Visualization (Computer Graphics)', 'Computer Graphics', 'Statistical Machine Learning', 'Data Analysis Software', 'Problem Solving', 'Programming Principles']",computer programming | other programming languages | matlab | data analysis | algorithms | theoretical computer science | data visualization | mathematics | plot (graphics) | visualization (computer graphics) | computer graphics | statistical machine learning | data analysis software | problem solving | programming principles,"['computer programming', 'data analysis', 'algorithms', 'problem solving']",1,0,0,0,1,0,1,0,0,0,0,0,0,0,0,0,0,1,0,0,0,0,0,0,0
Managing Emotions in Times of Uncertainty & Stress,"{"" Emotional Intelligence""}",4.8,2700.0,Beginner , 1 - 3 Months,['Emotional Intelligence'],emotional intelligence,[],0,0,0,0,0,0,0,0,0,0,0,0,0,0,0,0,0,0,0,0,0,0,0,0,0
Strategic Leadership and Management,"{"" Leadership and Management"","" Strategy and Operations"","" Strategy"","" Leadership Development"","" Decision Making"","" Entrepreneurship"","" Organizational Development"","" Business Analysis"","" Business Process Management"","" Change Management"","" Business Design"","" Business Development"","" Business Transformation"","" Communication"","" Critical Thinking"","" Culture"","" Performance Management"","" Problem Solving"","" Human Resources"","" Marketing"","" Operational Analysis"","" Sales"","" Adaptability"","" Conflict Management"","" Influencing"","" Negotiation"","" People Development"","" Business Psychology"","" Market Analysis"","" Product Strategy"","" Research and Design""}",4.8,8800.0,Beginner , 3 - 6 Months,"['Leadership and Management', 'Strategy and Operations', 'Strategy', 'Leadership Development', 'Decision Making', 'Entrepreneurship', 'Organizational Development', 'Business Analysis', 'Business Process Management', 'Change Management', 'Business Design', 'Business Development', 'Business Transformation', 'Communication', 'Critical Thinking', 'Culture', 'Performance Management', 'Problem Solving', 'Human Resources', 'Marketing', 'Operational Analysis', 'Sales', 'Adaptability', 'Conflict Management', 'Influencing', 'Negotiation', 'People Development', 'Business Psychology', 'Market Analysis', 'Product Strategy', 'Research and Design']",leadership and management | strategy and operations | strategy | leadership development | decision making | entrepreneurship | organizational development | business analysis | business process management | change management | business design | business development | business transformation | communication | critical thinking | culture | performance management | problem solving | human resources | marketing | operational analysis | sales | adaptability | conflict management | influencing | negotiation | people development | business psychology | market analysis | product strategy | research and design,"['leadership and management', 'strategy and operations', 'strategy', 'decision making', 'business analysis', 'communication', 'critical thinking', 'problem solving', 'marketing']",0,1,0,1,0,1,0,0,1,0,0,1,0,0,1,0,0,1,0,0,0,0,1,1,0
Software Design and Architecture,"{"" Software Architecture"","" Software Engineering"","" Systems Design"","" Programming Principles"","" Computer Programming"","" System Software"","" Application Development"","" Computer Architecture"","" Design and Product"","" Java Programming"","" Product Design"","" Software Engineering Tools"","" Problem Solving"","" Computational Thinking"","" Project Management"","" Data Visualization"","" System Programming""}",4.6,3600.0,Beginner , 3 - 6 Months,"['Software Architecture', 'Software Engineering', 'Systems Design', 'Programming Principles', 'Computer Programming', 'System Software', 'Application Development', 'Computer Architecture', 'Design and Product', 'Java Programming', 'Product Design', 'Software Engineering Tools', 'Problem Solving', 'Computational Thinking', 'Project Management', 'Data Visualization', 'System Programming']",software architecture | software engineering | systems design | programming principles | computer programming | system software | application development | computer architecture | design and product | java programming | product design | software engineering tools | problem solving | computational thinking | project management | data visualization | system programming,"['computer programming', 'problem solving', 'project management']",0,0,0,0,1,0,0,0,0,0,0,0,0,0,0,0,0,1,1,0,0,0,0,0,0
"Effective Communication: Writing, Design, and Presentation","{"" Communication"","" Writing"","" Creativity"","" Business Design"","" Computer Graphics"","" Design and Product"","" Graphic Design"","" Interactive Design"","" Marketing Design"","" Visual Design"","" Visualization (Computer Graphics)"","" Business Communication"","" Professional Development"","" Critical Thinking"","" Leadership and Management"","" Decision Making"","" Natural Language Processing"","" Strategy"","" Reinforcement Learning"","" Emotional Intelligence""}",4.8,10900.0,Beginner , 3 - 6 Months,"['Communication', 'Writing', 'Creativity', 'Business Design', 'Computer Graphics', 'Design and Product', 'Graphic Design', 'Interactive Design', 'Marketing Design', 'Visual Design', 'Visualization (Computer Graphics)', 'Business Communication', 'Professional Development', 'Critical Thinking', 'Leadership and Management', 'Decision Making', 'Natural Language Processing', 'Strategy', 'Reinforcement Learning', 'Emotional Intelligence']",communication | writing | creativity | business design | computer graphics | design and product | graphic design | interactive design | marketing design | visual design | visualization (computer graphics) | business communication | professional development | critical thinking | leadership and management | decision making | natural language processing | strategy | reinforcement learning | emotional intelligence,"['communication', 'writing', 'critical thinking', 'leadership and management', 'decision making', 'strategy']",0,0,0,1,0,1,0,0,1,0,0,1,0,0,0,0,0,0,0,0,0,0,1,0,1
Scrum Master,"{"" Project Management"","" Scrum (Software Development)""}",4.7,73.0,Beginner , 3 - 6 Months,"['Project Management', 'Scrum (Software Development)']",project management | scrum (software development),['project management'],0,0,0,0,0,0,0,0,0,0,0,0,0,0,0,0,0,0,1,0,0,0,0,0,0
Investment Management with Python and Machine Learning,"{"" Investment Management"","" Python Programming"","" Finance"","" Data Analysis"","" Computer Programming"","" Machine Learning"","" Statistical Programming"","" Applied Machine Learning"","" Financial Analysis"","" Machine Learning Algorithms"","" Risk Management"","" Statistical Machine Learning"","" Data Analysis Software"","" Data Management"","" Data Mining"","" Natural Language Processing"","" Algorithms"","" Human Learning"","" Big Data"","" Leadership and Management"","" Computer Science""}",4.6,1700.0,Beginner , 3 - 6 Months,"['Investment Management', 'Python Programming', 'Finance', 'Data Analysis', 'Computer Programming', 'Machine Learning', 'Statistical Programming', 'Applied Machine Learning', 'Financial Analysis', 'Machine Learning Algorithms', 'Risk Management', 'Statistical Machine Learning', 'Data Analysis Software', 'Data Management', 'Data Mining', 'Natural Language Processing', 'Algorithms', 'Human Learning', 'Big Data', 'Leadership and Management', 'Computer Science']",investment management | python programming | finance | data analysis | computer programming | machine learning | statistical programming | applied machine learning | financial analysis | machine learning algorithms | risk management | statistical machine learning | data analysis software | data management | data mining | natural language processing | algorithms | human learning | big data | leadership and management | computer science,"['python programming', 'finance', 'data analysis', 'computer programming', 'machine learning', 'machine learning algorithms', 'risk management', 'data management', 'algorithms', 'human learning', 'leadership and management']",1,0,0,0,1,0,1,1,0,1,1,1,1,1,0,0,0,0,0,1,1,0,0,0,0
Academic English: Writing,"{"" Writing""}",4.7,22000.0,Beginner , 3 - 6 Months,['Writing'],writing,['writing'],0,0,0,0,0,0,0,0,0,0,0,0,0,0,0,0,0,0,0,0,0,0,0,0,1
(ISC)² Systems Security Certified Practitioner (SSCP),"{"" Security Engineering"","" System Security"","" Network Security"","" Software Security"","" Computer Security Incident Management"","" Leadership and Management"","" Security Software"","" Risk Management"","" Strategy and Operations"","" Algorithms"","" Cloud Computing"","" Cryptography"","" Cyberattacks"","" Operations Management"","" Human Factors (Security)"","" Software-Defined Networking"","" Cloud Applications"","" Network Analysis"","" Communication"","" Financial Accounting""}",4.7,501.0,Beginner , 3 - 6 Months,"['Security Engineering', 'System Security', 'Network Security', 'Software Security', 'Computer Security Incident Management', 'Leadership and Management', 'Security Software', 'Risk Management', 'Strategy and Operations', 'Algorithms', 'Cloud Computing', 'Cryptography', 'Cyberattacks', 'Operations Management', 'Human Factors (Security)', 'Software-Defined Networking', 'Cloud Applications', 'Network Analysis', 'Communication', 'Financial Accounting']",security engineering | system security | network security | software security | computer security incident management | leadership and management | security software | risk management | strategy and operations | algorithms | cloud computing | cryptography | cyberattacks | operations management | human factors (security) | software-defined networking | cloud applications | network analysis | communication | financial accounting,"['leadership and management', 'risk management', 'strategy and operations', 'algorithms', 'cloud computing', 'communication']",1,0,1,1,0,0,0,0,0,0,0,1,0,0,0,0,0,0,0,0,1,0,0,1,0
Agile Development,"{"" Agile Software Development"","" Design and Product"","" Leadership and Management"","" Product Management"","" Software Engineering"","" Product Development"","" Project Management"","" User Experience"","" Customer Analysis"","" Product Design"","" Research and Design"","" Data Analysis"","" Business Analysis"","" Communication"","" Continuous Delivery"","" Probability Distribution""}",4.7,4500.0,Beginner , 3 - 6 Months,"['Agile Software Development', 'Design and Product', 'Leadership and Management', 'Product Management', 'Software Engineering', 'Product Development', 'Project Management', 'User Experience', 'Customer Analysis', 'Product Design', 'Research and Design', 'Data Analysis', 'Business Analysis', 'Communication', 'Continuous Delivery', 'Probability Distribution']",agile software development | design and product | leadership and management | product management | software engineering | product development | project management | user experience | customer analysis | product design | research and design | data analysis | business analysis | communication | continuous delivery | probability distribution,"['leadership and management', 'project management', 'data analysis', 'business analysis', 'communication']",0,1,0,1,0,0,1,0,0,0,0,1,0,0,0,0,0,0,1,0,0,0,0,0,0
Introduction to Social Media Marketing,"{"" Communication"","" Marketing"","" Digital Marketing"","" Social Media"","" Media Strategy & Planning"","" Advertising"","" Entrepreneurship"","" Marketing Management""}",4.8,12500.0,Beginner , 1 - 3 Months,"['Communication', 'Marketing', 'Digital Marketing', 'Social Media', 'Media Strategy & Planning', 'Advertising', 'Entrepreneurship', 'Marketing Management']",communication | marketing | digital marketing | social media | media strategy & planning | advertising | entrepreneurship | marketing management,"['communication', 'marketing']",0,0,0,1,0,0,0,0,0,0,0,0,0,0,1,0,0,0,0,0,0,0,0,0,0
Introduction to Business,"{"" Marketing"","" Strategy and Operations"","" Accounting"","" Digital Marketing"","" Entrepreneurship"","" Finance"","" Financial Management"","" Leadership and Management"","" Financial Accounting"","" Financial Analysis"","" General Accounting"","" People Management"","" Planning"","" Sales"","" Strategy"","" Supply Chain and Logistics"","" Search Engine Optimization"","" Storytelling""}",4.7,242.0,Beginner , 1 - 3 Months,"['Marketing', 'Strategy and Operations', 'Accounting', 'Digital Marketing', 'Entrepreneurship', 'Finance', 'Financial Management', 'Leadership and Management', 'Financial Accounting', 'Financial Analysis', 'General Accounting', 'People Management', 'Planning', 'Sales', 'Strategy', 'Supply Chain and Logistics', 'Search Engine Optimization', 'Storytelling']",marketing | strategy and operations | accounting | digital marketing | entrepreneurship | finance | financial management | leadership and management | financial accounting | financial analysis | general accounting | people management | planning | sales | strategy | supply chain and logistics | search engine optimization | storytelling,"['marketing', 'strategy and operations', 'finance', 'leadership and management', 'planning', 'strategy']",0,0,0,0,0,0,0,0,0,1,0,1,0,0,1,1,0,0,0,0,0,0,1,1,0
"Introduction to TensorFlow for Artificial Intelligence, Machine Learning, and Deep Learning","{"" Machine Learning"","" Tensorflow"","" Artificial Neural Networks"","" Computer Programming"","" Machine Learning Algorithms"","" Deep Learning"","" Machine Learning Software"","" Applied Machine Learning"","" Human Learning"","" Algorithms"","" Computer Vision""}",4.8,19000.0,Intermediate , 1 - 4 Weeks,"['Machine Learning', 'Tensorflow', 'Artificial Neural Networks', 'Computer Programming', 'Machine Learning Algorithms', 'Deep Learning', 'Machine Learning Software', 'Applied Machine Learning', 'Human Learning', 'Algorithms', 'Computer Vision']",machine learning | tensorflow | artificial neural networks | computer programming | machine learning algorithms | deep learning | machine learning software | applied machine learning | human learning | algorithms | computer vision,"['machine learning', 'computer programming', 'machine learning algorithms', 'human learning', 'algorithms']",1,0,0,0,1,0,0,0,0,0,1,0,1,1,0,0,0,0,0,0,0,0,0,0,0
Introduction to Calculus,"{"" Algebra"","" Calculus"","" Mathematical Theory & Analysis"","" Mathematics"","" Problem Solving"","" Computational Logic"","" Critical Thinking"","" Differential Equations"","" Plot (Graphics)"","" Geometry""}",4.8,3400.0,Intermediate , 1 - 3 Months,"['Algebra', 'Calculus', 'Mathematical Theory & Analysis', 'Mathematics', 'Problem Solving', 'Computational Logic', 'Critical Thinking', 'Differential Equations', 'Plot (Graphics)', 'Geometry']",algebra | calculus | mathematical theory & analysis | mathematics | problem solving | computational logic | critical thinking | differential equations | plot (graphics) | geometry,"['problem solving', 'critical thinking']",0,0,0,0,0,1,0,0,0,0,0,0,0,0,0,0,0,1,0,0,0,0,0,0,0
Microsoft Azure Data Scientist Associate (DP-100),"{"" Machine Learning"","" Microsoft Azure"","" Applied Machine Learning"","" Machine Learning Algorithms"","" Machine Learning Software"","" Cloud Computing"","" Python Programming"","" Human Learning"","" Algorithms"","" Big Data"","" Cloud Applications"","" Data Analysis"","" Regression"","" Cloud-Based Integration"","" Extract"","" Transform"","" Load"","" Training"","" Exploratory Data Analysis"","" Cloud Platforms"","" Data Management"","" Deep Learning"","" Experiment""}",4.4,284.0,Intermediate , 3 - 6 Months,"['Machine Learning', 'Microsoft Azure', 'Applied Machine Learning', 'Machine Learning Algorithms', 'Machine Learning Software', 'Cloud Computing', 'Python Programming', 'Human Learning', 'Algorithms', 'Big Data', 'Cloud Applications', 'Data Analysis', 'Regression', 'Cloud-Based Integration', 'Extract', 'Transform', 'Load', 'Training', 'Exploratory Data Analysis', 'Cloud Platforms', 'Data Management', 'Deep Learning', 'Experiment']",machine learning | microsoft azure | applied machine learning | machine learning algorithms | machine learning software | cloud computing | python programming | human learning | algorithms | big data | cloud applications | data analysis | regression | cloud-based integration | extract | transform | load | training | exploratory data analysis | cloud platforms | data management | deep learning | experiment,"['machine learning', 'machine learning algorithms', 'cloud computing', 'python programming', 'human learning', 'algorithms', 'data analysis', 'data management']",1,0,1,0,0,0,1,1,0,0,1,0,1,1,0,0,0,0,0,1,0,0,0,0,0
Introduction to Discrete Mathematics for Computer Science,"{"" Mathematics"","" Problem Solving"","" Mathematical Theory & Analysis"","" Algorithms"","" Critical Thinking"","" Graph Theory"","" Combinatorics"","" Computational Thinking"","" Probability & Statistics"","" Computer Programming"","" Python Programming"","" Computational Logic"","" General Statistics"","" Theoretical Computer Science"","" Probability Distribution"","" Strategy"","" Creativity"","" Experiment"","" Calculus"","" Game Theory"","" Visualization (Computer Graphics)"","" Plot (Graphics)"","" Cryptography"","" Sales""}",4.5,3400.0,Beginner , 3 - 6 Months,"['Mathematics', 'Problem Solving', 'Mathematical Theory & Analysis', 'Algorithms', 'Critical Thinking', 'Graph Theory', 'Combinatorics', 'Computational Thinking', 'Probability & Statistics', 'Computer Programming', 'Python Programming', 'Computational Logic', 'General Statistics', 'Theoretical Computer Science', 'Probability Distribution', 'Strategy', 'Creativity', 'Experiment', 'Calculus', 'Game Theory', 'Visualization (Computer Graphics)', 'Plot (Graphics)', 'Cryptography', 'Sales']",mathematics | problem solving | mathematical theory & analysis | algorithms | critical thinking | graph theory | combinatorics | computational thinking | probability & statistics | computer programming | python programming | computational logic | general statistics | theoretical computer science | probability distribution | strategy | creativity | experiment | calculus | game theory | visualization (computer graphics) | plot (graphics) | cryptography | sales,"['problem solving', 'algorithms', 'critical thinking', 'probability & statistics', 'computer programming', 'python programming', 'strategy']",1,0,0,0,1,1,0,0,0,0,0,0,0,0,0,0,1,1,0,1,0,0,1,0,0
Project Launch,"{"" Leadership and Management"","" Project Management""}",4.7,238.0,Beginner , 1 - 3 Months,"['Leadership and Management', 'Project Management']",leadership and management | project management,"['leadership and management', 'project management']",0,0,0,0,0,0,0,0,0,0,0,1,0,0,0,0,0,0,1,0,0,0,0,0,0
Machine Learning with Python,"{"" Machine Learning"","" Algorithms"","" Applied Machine Learning"","" Customer Analysis"","" Data Analysis"","" Decision Making"","" Human Learning"","" Machine Learning Algorithms"","" Python Programming"","" Statistical Machine Learning"","" Regression""}",4.7,14800.0,Intermediate , 1 - 3 Months,"['Machine Learning', 'Algorithms', 'Applied Machine Learning', 'Customer Analysis', 'Data Analysis', 'Decision Making', 'Human Learning', 'Machine Learning Algorithms', 'Python Programming', 'Statistical Machine Learning', 'Regression']",machine learning | algorithms | applied machine learning | customer analysis | data analysis | decision making | human learning | machine learning algorithms | python programming | statistical machine learning | regression,"['machine learning', 'algorithms', 'data analysis', 'decision making', 'human learning', 'machine learning algorithms', 'python programming']",1,0,0,0,0,0,1,0,1,0,1,0,1,1,0,0,0,0,0,1,0,0,0,0,0
Databases and SQL for Data Science with Python,"{"" Python Programming"","" Computational Thinking"","" Computer Programming"","" Data Analysis"","" Data Management"","" Database Application"","" Database Design"","" Database Theory"","" Databases"","" SQL"","" Cloud Computing"","" IBM Cloud""}",4.6,18600.0,Beginner , 1 - 3 Months,"['Python Programming', 'Computational Thinking', 'Computer Programming', 'Data Analysis', 'Data Management', 'Database Application', 'Database Design', 'Database Theory', 'Databases', 'SQL', 'Cloud Computing', 'IBM Cloud']",python programming | computational thinking | computer programming | data analysis | data management | database application | database design | database theory | databases | sql | cloud computing | ibm cloud,"['python programming', 'computer programming', 'data analysis', 'data management', 'sql', 'cloud computing']",0,0,1,0,1,0,1,1,0,0,0,0,0,0,0,0,0,0,0,1,0,1,0,0,0
Six Sigma Yellow Belt,"{"" Process Analysis"","" Strategy and Operations"","" Leadership and Management"","" Data Analysis"","" Business Analysis"","" Business Process Management"","" Performance Management"","" Probability & Statistics"","" Operational Analysis"","" Organizational Development"","" Problem Solving"","" Project Management"","" General Statistics"","" Planning"","" Statistical Tests"","" Critical Thinking"","" Operations Management"","" Statistical Visualization"","" Correlation And Dependence"","" Customer Relationship Management"","" Collaboration"","" Entrepreneurship"","" People Development"","" Risk Management"","" Business Psychology"","" Communication""}",4.6,8900.0,Beginner , 3 - 6 Months,"['Process Analysis', 'Strategy and Operations', 'Leadership and Management', 'Data Analysis', 'Business Analysis', 'Business Process Management', 'Performance Management', 'Probability & Statistics', 'Operational Analysis', 'Organizational Development', 'Problem Solving', 'Project Management', 'General Statistics', 'Planning', 'Statistical Tests', 'Critical Thinking', 'Operations Management', 'Statistical Visualization', 'Correlation And Dependence', 'Customer Relationship Management', 'Collaboration', 'Entrepreneurship', 'People Development', 'Risk Management', 'Business Psychology', 'Communication']",process analysis | strategy and operations | leadership and management | data analysis | business analysis | business process management | performance management | probability & statistics | operational analysis | organizational development | problem solving | project management | general statistics | planning | statistical tests | critical thinking | operations management | statistical visualization | correlation and dependence | customer relationship management | collaboration | entrepreneurship | people development | risk management | business psychology | communication,"['strategy and operations', 'leadership and management', 'data analysis', 'business analysis', 'probability & statistics', 'problem solving', 'project management', 'planning', 'critical thinking', 'risk management', 'communication']",0,1,0,1,0,1,1,0,0,0,0,1,0,0,0,1,1,1,1,0,1,0,0,1,0
Drug Development Product Management,"{"" Strategy"","" Marketing""}",4.6,5800.0,Beginner , 3 - 6 Months,"['Strategy', 'Marketing']",strategy | marketing,"['strategy', 'marketing']",0,0,0,0,0,0,0,0,0,0,0,0,0,0,1,0,0,0,0,0,0,0,1,0,0
Get Started with Python,"{"" Computer Programming"","" Data Analysis"","" Python Programming""}",4.8,650.0,Advanced , 1 - 3 Months,"['Computer Programming', 'Data Analysis', 'Python Programming']",computer programming | data analysis | python programming,"['computer programming', 'data analysis', 'python programming']",0,0,0,0,1,0,1,0,0,0,0,0,0,0,0,0,0,0,0,1,0,0,0,0,0
Diversity and inclusion in the workplace,"{"" Human Resources"","" Leadership and Management"","" Organizational Development"","" Change Management"","" Critical Thinking"","" Employee Relations"","" People Analysis"","" Professional Development"","" Talent Management"","" Continuous Integration"","" Training""}",4.7,906.0,Beginner , 1 - 4 Weeks,"['Human Resources', 'Leadership and Management', 'Organizational Development', 'Change Management', 'Critical Thinking', 'Employee Relations', 'People Analysis', 'Professional Development', 'Talent Management', 'Continuous Integration', 'Training']",human resources | leadership and management | organizational development | change management | critical thinking | employee relations | people analysis | professional development | talent management | continuous integration | training,"['leadership and management', 'critical thinking']",0,0,0,0,0,1,0,0,0,0,0,1,0,0,0,0,0,0,0,0,0,0,0,0,0
Business Data Management and Communication,"{"" Business Analysis"","" Accounting"","" Data Management"","" General Accounting"","" Account Management"","" Data Analysis"","" Finance"","" Financial Accounting"","" Financial Management"","" Leadership and Management"","" Accounts Payable and Receivable"","" Financial Analysis"","" Generally Accepted Accounting Principles (GAAP)"","" Management Accounting"","" Business Intelligence"","" Cost Accounting"","" R Programming"","" Communication"","" Data Visualization"","" Interactive Data Visualization"","" Statistical Programming"","" Big Data"","" Data Visualization Software"","" Visual Design"","" Visualization (Computer Graphics)"","" Creativity"","" Plot (Graphics)"","" Computer Programming"","" Innovation"","" Strategy""}",4.7,5800.0,Intermediate , 3 - 6 Months,"['Business Analysis', 'Accounting', 'Data Management', 'General Accounting', 'Account Management', 'Data Analysis', 'Finance', 'Financial Accounting', 'Financial Management', 'Leadership and Management', 'Accounts Payable and Receivable', 'Financial Analysis', 'Generally Accepted Accounting Principles (GAAP)', 'Management Accounting', 'Business Intelligence', 'Cost Accounting', 'R Programming', 'Communication', 'Data Visualization', 'Interactive Data Visualization', 'Statistical Programming', 'Big Data', 'Data Visualization Software', 'Visual Design', 'Visualization (Computer Graphics)', 'Creativity', 'Plot (Graphics)', 'Computer Programming', 'Innovation', 'Strategy']",business analysis | accounting | data management | general accounting | account management | data analysis | finance | financial accounting | financial management | leadership and management | accounts payable and receivable | financial analysis | generally accepted accounting principles (gaap) | management accounting | business intelligence | cost accounting | r programming | communication | data visualization | interactive data visualization | statistical programming | big data | data visualization software | visual design | visualization (computer graphics) | creativity | plot (graphics) | computer programming | innovation | strategy,"['business analysis', 'data management', 'data analysis', 'finance', 'leadership and management', 'communication', 'computer programming', 'strategy']",0,1,0,1,1,0,1,1,0,1,0,1,0,0,0,0,0,0,0,0,0,0,1,0,0
Put It to Work: Prepare for Cybersecurity Jobs,"{"" Computer Programming"","" Python Programming"","" SQL""}",4.9,952.0,Beginner , 1 - 3 Months,"['Computer Programming', 'Python Programming', 'SQL']",computer programming | python programming | sql,"['computer programming', 'python programming', 'sql']",0,0,0,0,1,0,0,0,0,0,0,0,0,0,0,0,0,0,0,1,0,1,0,0,0
Branding: The Creative Journey,"{"" Brand Management"","" Marketing"","" Leadership and Management"","" Advertising"","" Communication"","" Strategy"","" Creativity"","" Strategy and Operations"","" Digital Marketing"","" User Experience"","" Customer Analysis"","" Design and Product"","" Media Strategy & Planning"","" Customer Relationship Management"","" Customer Success"","" Customer Support"","" Social Media"","" Storytelling"","" User Experience Design"","" Visual Design"","" Graphic Design"","" Journalism""}",4.6,1400.0,Beginner , 3 - 6 Months,"['Brand Management', 'Marketing', 'Leadership and Management', 'Advertising', 'Communication', 'Strategy', 'Creativity', 'Strategy and Operations', 'Digital Marketing', 'User Experience', 'Customer Analysis', 'Design and Product', 'Media Strategy & Planning', 'Customer Relationship Management', 'Customer Success', 'Customer Support', 'Social Media', 'Storytelling', 'User Experience Design', 'Visual Design', 'Graphic Design', 'Journalism']",brand management | marketing | leadership and management | advertising | communication | strategy | creativity | strategy and operations | digital marketing | user experience | customer analysis | design and product | media strategy & planning | customer relationship management | customer success | customer support | social media | storytelling | user experience design | visual design | graphic design | journalism,"['marketing', 'leadership and management', 'communication', 'strategy', 'strategy and operations']",0,0,0,1,0,0,0,0,0,0,0,1,0,0,1,0,0,0,0,0,0,0,1,1,0
Real-World Product Management,"{"" Leadership and Management"","" Product Strategy"","" Product Management"","" Strategy"","" Marketing"","" Strategy and Operations"","" Product Marketing"","" Business Development"","" Business Process Management"","" Market Analysis""}",4.5,795.0,Beginner , 3 - 6 Months,"['Leadership and Management', 'Product Strategy', 'Product Management', 'Strategy', 'Marketing', 'Strategy and Operations', 'Product Marketing', 'Business Development', 'Business Process Management', 'Market Analysis']",leadership and management | product strategy | product management | strategy | marketing | strategy and operations | product marketing | business development | business process management | market analysis,"['leadership and management', 'strategy', 'marketing', 'strategy and operations']",0,0,0,0,0,0,0,0,0,0,0,1,0,0,1,0,0,0,0,0,0,0,1,1,0
Introduction to Financial Accounting,"{"" Accounting"","" Accounts Payable and Receivable"","" Finance"","" Financial Accounting"","" General Accounting"","" Generally Accepted Accounting Principles (GAAP)"","" Account Management"","" Cash Management"","" Cost Accounting"","" Financial Analysis""}",4.7,7900.0,Mixed , 1 - 4 Weeks,"['Accounting', 'Accounts Payable and Receivable', 'Finance', 'Financial Accounting', 'General Accounting', 'Generally Accepted Accounting Principles (GAAP)', 'Account Management', 'Cash Management', 'Cost Accounting', 'Financial Analysis']",accounting | accounts payable and receivable | finance | financial accounting | general accounting | generally accepted accounting principles (gaap) | account management | cash management | cost accounting | financial analysis,['finance'],0,0,0,0,0,0,0,0,0,1,0,0,0,0,0,0,0,0,0,0,0,0,0,0,0
Google Project Management (DE),"{"" Design and Product"","" Microsoft Excel"","" Software Engineering"","" Leadership and Management"","" Business Analysis"","" Business Design"","" Data Analysis"","" Marketing Design"","" Creativity"","" Persona Research"","" Customer Analysis""}",4.2,51.0,Beginner , 3 - 6 Months,"['Design and Product', 'Microsoft Excel', 'Software Engineering', 'Leadership and Management', 'Business Analysis', 'Business Design', 'Data Analysis', 'Marketing Design', 'Creativity', 'Persona Research', 'Customer Analysis']",design and product | microsoft excel | software engineering | leadership and management | business analysis | business design | data analysis | marketing design | creativity | persona research | customer analysis,"['leadership and management', 'business analysis', 'data analysis']",0,1,0,0,0,0,1,0,0,0,0,1,0,0,0,0,0,0,0,0,0,0,0,0,0
Risk Management,"{"" Leadership and Management"","" Risk Management"","" Finance"","" Probability & Statistics"","" Strategy"","" Financial Analysis"","" Strategy and Operations"","" Operations Management"","" Statistical Tests"","" Business Analysis"","" Business Process Management"","" Operational Analysis"","" Market Analysis"","" Financial Management"","" Statistical Analysis"","" Critical Thinking"","" Regulations and Compliance"","" Banking"","" General Statistics"","" Operating Systems"","" Data Analysis"","" Probability Distribution""}",4.6,668.0,Beginner , 3 - 6 Months,"['Leadership and Management', 'Risk Management', 'Finance', 'Probability & Statistics', 'Strategy', 'Financial Analysis', 'Strategy and Operations', 'Operations Management', 'Statistical Tests', 'Business Analysis', 'Business Process Management', 'Operational Analysis', 'Market Analysis', 'Financial Management', 'Statistical Analysis', 'Critical Thinking', 'Regulations and Compliance', 'Banking', 'General Statistics', 'Operating Systems', 'Data Analysis', 'Probability Distribution']",leadership and management | risk management | finance | probability & statistics | strategy | financial analysis | strategy and operations | operations management | statistical tests | business analysis | business process management | operational analysis | market analysis | financial management | statistical analysis | critical thinking | regulations and compliance | banking | general statistics | operating systems | data analysis | probability distribution,"['leadership and management', 'risk management', 'finance', 'probability & statistics', 'strategy', 'strategy and operations', 'business analysis', 'critical thinking', 'data analysis']",0,1,0,0,0,1,1,0,0,1,0,1,0,0,0,0,1,0,0,0,1,0,1,1,0
Cybersecurity for Everyone,"{"" Cyberattacks"","" Human Computer Interaction"","" Network Security"","" Security Engineering"","" Security Strategy"","" Computer Security Models"","" Leadership and Management"","" Risk Management"","" Software Security"","" Critical Thinking""}",4.7,1100.0,Beginner , 1 - 3 Months,"['Cyberattacks', 'Human Computer Interaction', 'Network Security', 'Security Engineering', 'Security Strategy', 'Computer Security Models', 'Leadership and Management', 'Risk Management', 'Software Security', 'Critical Thinking']",cyberattacks | human computer interaction | network security | security engineering | security strategy | computer security models | leadership and management | risk management | software security | critical thinking,"['leadership and management', 'risk management', 'critical thinking']",0,0,0,0,0,1,0,0,0,0,0,1,0,0,0,0,0,0,0,0,1,0,0,0,0
Agile with Atlassian Jira,"{"" Agile Software Development"","" Leadership and Management"","" Planning"","" Product Development"","" Product Management"","" Project Management"","" Scrum (Software Development)"","" Software Engineering"","" Software Testing"","" Technical Product Management"","" Jira (Software)""}",4.7,8300.0,Beginner , 1 - 4 Weeks,"['Agile Software Development', 'Leadership and Management', 'Planning', 'Product Development', 'Product Management', 'Project Management', 'Scrum (Software Development)', 'Software Engineering', 'Software Testing', 'Technical Product Management', 'Jira (Software)']",agile software development | leadership and management | planning | product development | product management | project management | scrum (software development) | software engineering | software testing | technical product management | jira (software),"['leadership and management', 'planning', 'project management']",0,0,0,0,0,0,0,0,0,0,0,1,0,0,0,1,0,0,1,0,0,0,0,0,0
Structuring Machine Learning Projects,"{"" Applied Machine Learning"","" Data Analysis"","" Deep Learning"","" Exploratory Data Analysis"","" Machine Learning"","" Machine Learning Algorithms"","" Organizational Development"","" Strategy"","" Artificial Neural Networks"","" Computer Vision"","" Human Learning""}",4.8,49500.0,Beginner , 1 - 4 Weeks,"['Applied Machine Learning', 'Data Analysis', 'Deep Learning', 'Exploratory Data Analysis', 'Machine Learning', 'Machine Learning Algorithms', 'Organizational Development', 'Strategy', 'Artificial Neural Networks', 'Computer Vision', 'Human Learning']",applied machine learning | data analysis | deep learning | exploratory data analysis | machine learning | machine learning algorithms | organizational development | strategy | artificial neural networks | computer vision | human learning,"['data analysis', 'machine learning', 'machine learning algorithms', 'strategy', 'human learning']",0,0,0,0,0,0,1,0,0,0,1,0,1,1,0,0,0,0,0,0,0,0,1,0,0
Investment Management,"{"" Finance"","" Investment Management"","" Leadership and Management"","" Financial Analysis"","" Risk Management"","" Financial Management"","" Market Analysis"","" Strategy"","" Decision Making"","" Behavioral Economics"","" Strategy and Operations"","" Correlation And Dependence"","" Market Research"","" Performance Management"","" Probability & Statistics"","" Securities Trading"","" Mathematical Theory & Analysis"","" Statistical Analysis"","" Accounting""}",4.7,7200.0,Beginner , 3 - 6 Months,"['Finance', 'Investment Management', 'Leadership and Management', 'Financial Analysis', 'Risk Management', 'Financial Management', 'Market Analysis', 'Strategy', 'Decision Making', 'Behavioral Economics', 'Strategy and Operations', 'Correlation And Dependence', 'Market Research', 'Performance Management', 'Probability & Statistics', 'Securities Trading', 'Mathematical Theory & Analysis', 'Statistical Analysis', 'Accounting']",finance | investment management | leadership and management | financial analysis | risk management | financial management | market analysis | strategy | decision making | behavioral economics | strategy and operations | correlation and dependence | market research | performance management | probability & statistics | securities trading | mathematical theory & analysis | statistical analysis | accounting,"['finance', 'leadership and management', 'risk management', 'strategy', 'decision making', 'strategy and operations', 'probability & statistics']",0,0,0,0,0,0,0,0,1,1,0,1,0,0,0,0,1,0,0,0,1,0,1,1,0
Google Data Analytics Capstone: Complete a Case Study,"{"" Business Analysis"","" Computer Programming"","" Data Analysis"","" Exploratory Data Analysis"","" R Programming"","" SQL"","" Spreadsheet Software"","" Statistical Programming"","" Tableau Software""}",4.8,12600.0,Beginner , 1 - 4 Weeks,"['Business Analysis', 'Computer Programming', 'Data Analysis', 'Exploratory Data Analysis', 'R Programming', 'SQL', 'Spreadsheet Software', 'Statistical Programming', 'Tableau Software']",business analysis | computer programming | data analysis | exploratory data analysis | r programming | sql | spreadsheet software | statistical programming | tableau software,"['business analysis', 'computer programming', 'data analysis', 'sql']",0,1,0,0,1,0,1,0,0,0,0,0,0,0,0,0,0,0,0,0,0,1,0,0,0
IBM Mainframe Developer,"{"" Computer Programming"","" Other Programming Languages"","" Software Engineering"","" Theoretical Computer Science"","" Computer Architecture""}",4.6,936.0,Intermediate , 3 - 6 Months,"['Computer Programming', 'Other Programming Languages', 'Software Engineering', 'Theoretical Computer Science', 'Computer Architecture']",computer programming | other programming languages | software engineering | theoretical computer science | computer architecture,['computer programming'],0,0,0,0,1,0,0,0,0,0,0,0,0,0,0,0,0,0,0,0,0,0,0,0,0
Introduction to Marketing,"{"" Brand Management"","" Customer Analysis"","" Market Analysis"","" Marketing"","" Marketing Design"","" Product Marketing"","" Product Strategy"","" Strategy"","" Customer Relationship Management"","" Digital Marketing"","" Communication""}",4.8,12500.0,Mixed , 1 - 3 Months,"['Brand Management', 'Customer Analysis', 'Market Analysis', 'Marketing', 'Marketing Design', 'Product Marketing', 'Product Strategy', 'Strategy', 'Customer Relationship Management', 'Digital Marketing', 'Communication']",brand management | customer analysis | market analysis | marketing | marketing design | product marketing | product strategy | strategy | customer relationship management | digital marketing | communication,"['marketing', 'strategy', 'communication']",0,0,0,1,0,0,0,0,0,0,0,0,0,0,1,0,0,0,0,0,0,0,1,0,0
Software Architecture for Big Data,"{"" Big Data"","" Software Engineering""}",3.3,33.0,Advanced , 1 - 3 Months,"['Big Data', 'Software Engineering']",big data | software engineering,[],0,0,0,0,0,0,0,0,0,0,0,0,0,0,0,0,0,0,0,0,0,0,0,0,0
ITIL 4 Exam Preparation,"{"" Organizational Development"","" Leadership and Management""}",4.7,942.0,Mixed , 1 - 3 Months,"['Organizational Development', 'Leadership and Management']",organizational development | leadership and management,['leadership and management'],0,0,0,0,0,0,0,0,0,0,0,1,0,0,0,0,0,0,0,0,0,0,0,0,0
Introduction to Project Management,"{"" Leadership and Management"","" Project Management""}",4.8,370.0,Beginner , 1 - 3 Months,"['Leadership and Management', 'Project Management']",leadership and management | project management,"['leadership and management', 'project management']",0,0,0,0,0,0,0,0,0,0,0,1,0,0,0,0,0,0,1,0,0,0,0,0,0
Convolutional Neural Networks,"{"" Artificial Neural Networks"","" Computer Vision"","" Machine Learning"","" Applied Machine Learning"","" Deep Learning"","" Machine Learning Software"","" Machine Learning Algorithms"","" Network Model"","" Tensorflow"","" Network Architecture"","" Human Learning""}",4.9,41800.0,Intermediate , 1 - 4 Weeks,"['Artificial Neural Networks', 'Computer Vision', 'Machine Learning', 'Applied Machine Learning', 'Deep Learning', 'Machine Learning Software', 'Machine Learning Algorithms', 'Network Model', 'Tensorflow', 'Network Architecture', 'Human Learning']",artificial neural networks | computer vision | machine learning | applied machine learning | deep learning | machine learning software | machine learning algorithms | network model | tensorflow | network architecture | human learning,"['machine learning', 'machine learning algorithms', 'human learning']",0,0,0,0,0,0,0,0,0,0,1,0,1,1,0,0,0,0,0,0,0,0,0,0,0
Medical Neuroscience,"{"" Health""}",4.9,2700.0,Advanced , 3 - 6 Months,['Health'],health,[],0,0,0,0,0,0,0,0,0,0,0,0,0,0,0,0,0,0,0,0,0,0,0,0,0
Web Design for Everybody: Basics of Web Development & Coding,"{"" Front-End Web Development"","" HTML and CSS"","" Web Design"","" Web Development"","" Web Development Tools"","" Computer Programming"","" Semantic Web"","" User Experience Design"","" Full-Stack Web Development"","" Interactive Design"","" Programming Principles"","" Computer Programming Tools"","" Javascript"","" Other Web Frameworks"","" Visual Design"","" Computational Logic"","" Design and Product""}",4.7,34100.0,Beginner , 3 - 6 Months,"['Front-End Web Development', 'HTML and CSS', 'Web Design', 'Web Development', 'Web Development Tools', 'Computer Programming', 'Semantic Web', 'User Experience Design', 'Full-Stack Web Development', 'Interactive Design', 'Programming Principles', 'Computer Programming Tools', 'Javascript', 'Other Web Frameworks', 'Visual Design', 'Computational Logic', 'Design and Product']",front-end web development | html and css | web design | web development | web development tools | computer programming | semantic web | user experience design | full-stack web development | interactive design | programming principles | computer programming tools | javascript | other web frameworks | visual design | computational logic | design and product,['computer programming'],0,0,0,0,1,0,0,0,0,0,0,0,0,0,0,0,0,0,0,0,0,0,0,0,0
Global Diplomacy – Diplomacy in the Modern World,"{"" Critical Thinking"","" Negotiation""}",4.7,4600.0,Mixed , 1 - 3 Months,"['Critical Thinking', 'Negotiation']",critical thinking | negotiation,['critical thinking'],0,0,0,0,0,1,0,0,0,0,0,0,0,0,0,0,0,0,0,0,0,0,0,0,0
Conduct UX Research and Test Early Concepts,"{"" Planning"","" User Experience"","" User Research""}",4.8,4500.0,Beginner , 1 - 4 Weeks,"['Planning', 'User Experience', 'User Research']",planning | user experience | user research,['planning'],0,0,0,0,0,0,0,0,0,0,0,0,0,0,0,1,0,0,0,0,0,0,0,0,0
Data Visualization with Tableau,"{"" Data Visualization"","" Data Analysis"","" Data Analysis Software"","" Data Visualization Software"","" Tableau Software"","" Business Analysis"","" Business Intelligence"","" Statistical Visualization"","" Exploratory Data Analysis"","" Interactive Data Visualization"","" Interactive Design"","" Software Visualization"","" Storytelling"","" Visual Design"","" Visualization (Computer Graphics)"","" Plot (Graphics)"","" Computer Graphics""}",4.5,7800.0,Beginner , 3 - 6 Months,"['Data Visualization', 'Data Analysis', 'Data Analysis Software', 'Data Visualization Software', 'Tableau Software', 'Business Analysis', 'Business Intelligence', 'Statistical Visualization', 'Exploratory Data Analysis', 'Interactive Data Visualization', 'Interactive Design', 'Software Visualization', 'Storytelling', 'Visual Design', 'Visualization (Computer Graphics)', 'Plot (Graphics)', 'Computer Graphics']",data visualization | data analysis | data analysis software | data visualization software | tableau software | business analysis | business intelligence | statistical visualization | exploratory data analysis | interactive data visualization | interactive design | software visualization | storytelling | visual design | visualization (computer graphics) | plot (graphics) | computer graphics,"['data analysis', 'business analysis']",0,1,0,0,0,0,1,0,0,0,0,0,0,0,0,0,0,0,0,0,0,0,0,0,0
Introduction to Mathematical Thinking,"{"" Critical Thinking"","" Mathematical Theory & Analysis"","" Mathematics"","" Problem Solving"","" Computational Logic"","" Algebra"","" Applied Mathematics"","" Data Analysis"","" Algorithms"","" Computational Thinking""}",4.8,2600.0,Intermediate , 1 - 3 Months,"['Critical Thinking', 'Mathematical Theory & Analysis', 'Mathematics', 'Problem Solving', 'Computational Logic', 'Algebra', 'Applied Mathematics', 'Data Analysis', 'Algorithms', 'Computational Thinking']",critical thinking | mathematical theory & analysis | mathematics | problem solving | computational logic | algebra | applied mathematics | data analysis | algorithms | computational thinking,"['critical thinking', 'problem solving', 'data analysis', 'algorithms']",1,0,0,0,0,1,1,0,0,0,0,0,0,0,0,0,0,1,0,0,0,0,0,0,0
Global Procurement and Sourcing,"{"" Procurement"","" Customer Relationship Management"","" Leadership and Management"","" Negotiation""}",4.7,1900.0,Beginner , 3 - 6 Months,"['Procurement', 'Customer Relationship Management', 'Leadership and Management', 'Negotiation']",procurement | customer relationship management | leadership and management | negotiation,['leadership and management'],0,0,0,0,0,0,0,0,0,0,0,1,0,0,0,0,0,0,0,0,0,0,0,0,0
Six Sigma Black Belt,"{"" Leadership and Management"","" Organizational Development"","" Strategy and Operations"","" General Statistics"","" Probability & Statistics"","" Operations Management"","" Process Analysis"","" Statistical Analysis"","" Business Analysis"","" Data Analysis"","" Project Management"","" Business Process Management"","" Performance Management"","" Basic Descriptive Statistics"","" Entrepreneurship"","" Statistical Tests"","" Problem Solving"","" Probability Distribution"","" Statistical Visualization"","" Strategy"","" Decision Making"","" Leadership Development"","" Planning"","" Correlation And Dependence"","" People Management"","" Communication"","" Customer Analysis"","" Marketing"","" Sales"","" Supply Chain and Logistics"","" Collaboration"","" Conflict Management"","" Customer Success"","" Experiment""}",4.5,453.0,Intermediate , 3 - 6 Months,"['Leadership and Management', 'Organizational Development', 'Strategy and Operations', 'General Statistics', 'Probability & Statistics', 'Operations Management', 'Process Analysis', 'Statistical Analysis', 'Business Analysis', 'Data Analysis', 'Project Management', 'Business Process Management', 'Performance Management', 'Basic Descriptive Statistics', 'Entrepreneurship', 'Statistical Tests', 'Problem Solving', 'Probability Distribution', 'Statistical Visualization', 'Strategy', 'Decision Making', 'Leadership Development', 'Planning', 'Correlation And Dependence', 'People Management', 'Communication', 'Customer Analysis', 'Marketing', 'Sales', 'Supply Chain and Logistics', 'Collaboration', 'Conflict Management', 'Customer Success', 'Experiment']",leadership and management | organizational development | strategy and operations | general statistics | probability & statistics | operations management | process analysis | statistical analysis | business analysis | data analysis | project management | business process management | performance management | basic descriptive statistics | entrepreneurship | statistical tests | problem solving | probability distribution | statistical visualization | strategy | decision making | leadership development | planning | correlation and dependence | people management | communication | customer analysis | marketing | sales | supply chain and logistics | collaboration | conflict management | customer success | experiment,"['leadership and management', 'strategy and operations', 'probability & statistics', 'business analysis', 'data analysis', 'project management', 'problem solving', 'strategy', 'decision making', 'planning', 'communication', 'marketing']",0,1,0,1,0,0,1,0,1,0,0,1,0,0,1,1,1,1,1,0,0,0,1,1,0
IBM z/OS Mainframe Practitioner,"{"" Operating Systems"","" System Programming"","" Computer Programming"","" Computer Programming Tools"","" Computer Architecture"","" Data Management"","" Theoretical Computer Science"","" Databases"","" Operations Management"","" Software-Defined Networking"","" User Experience""}",4.7,1100.0,Intermediate , 1 - 3 Months,"['Operating Systems', 'System Programming', 'Computer Programming', 'Computer Programming Tools', 'Computer Architecture', 'Data Management', 'Theoretical Computer Science', 'Databases', 'Operations Management', 'Software-Defined Networking', 'User Experience']",operating systems | system programming | computer programming | computer programming tools | computer architecture | data management | theoretical computer science | databases | operations management | software-defined networking | user experience,"['computer programming', 'data management']",0,0,0,0,1,0,0,1,0,0,0,0,0,0,0,0,0,0,0,0,0,0,0,0,0
Preparing  Data for Analysis with Microsoft Excel,"{"" Data Analysis"","" Microsoft Excel"","" Power BI""}",4.7,687.0,Beginner , 1 - 4 Weeks,"['Data Analysis', 'Microsoft Excel', 'Power BI']",data analysis | microsoft excel | power bi,['data analysis'],0,0,0,0,0,0,1,0,0,0,0,0,0,0,0,0,0,0,0,0,0,0,0,0,0
Python Basics,"{"" Computer Programming"","" Python Programming"","" Problem Solving""}",4.8,16900.0,Beginner , 1 - 4 Weeks,"['Computer Programming', 'Python Programming', 'Problem Solving']",computer programming | python programming | problem solving,"['computer programming', 'python programming', 'problem solving']",0,0,0,0,1,0,0,0,0,0,0,0,0,0,0,0,0,1,0,1,0,0,0,0,0
Human Resources Analytics,"{"" Human Resources"","" People Analysis"","" Business Analysis"","" Employee Relations"","" Human Resources Operations"","" Leadership and Management"","" People Development"","" Communication"","" Data Visualization"","" Influencing"","" Storytelling"","" Data Analysis""}",4.6,1400.0,Mixed , 1 - 4 Weeks,"['Human Resources', 'People Analysis', 'Business Analysis', 'Employee Relations', 'Human Resources Operations', 'Leadership and Management', 'People Development', 'Communication', 'Data Visualization', 'Influencing', 'Storytelling', 'Data Analysis']",human resources | people analysis | business analysis | employee relations | human resources operations | leadership and management | people development | communication | data visualization | influencing | storytelling | data analysis,"['business analysis', 'leadership and management', 'communication', 'data analysis']",0,1,0,1,0,0,1,0,0,0,0,1,0,0,0,0,0,0,0,0,0,0,0,0,0
Think Outside the Inbox: Email Marketing,"{"" Digital Marketing"","" Marketing"","" Marketing Management"","" Media Strategy & Planning"","" Communication"","" Data Analysis"","" Writing"","" Strategy""}",4.8,1400.0,Beginner , 1 - 3 Months,"['Digital Marketing', 'Marketing', 'Marketing Management', 'Media Strategy & Planning', 'Communication', 'Data Analysis', 'Writing', 'Strategy']",digital marketing | marketing | marketing management | media strategy & planning | communication | data analysis | writing | strategy,"['marketing', 'communication', 'data analysis', 'writing', 'strategy']",0,0,0,1,0,0,1,0,0,0,0,0,0,0,1,0,0,0,0,0,0,0,1,0,1
Design Thinking,"{"" Leadership and Management"","" Innovation"","" Problem Solving"","" Strategy"","" Strategy and Operations"","" Research and Design"","" Communication"","" User Experience"","" Critical Thinking"","" Human Learning""}",4.7,76.0,Beginner , 3 - 6 Months,"['Leadership and Management', 'Innovation', 'Problem Solving', 'Strategy', 'Strategy and Operations', 'Research and Design', 'Communication', 'User Experience', 'Critical Thinking', 'Human Learning']",leadership and management | innovation | problem solving | strategy | strategy and operations | research and design | communication | user experience | critical thinking | human learning,"['leadership and management', 'problem solving', 'strategy', 'strategy and operations', 'communication', 'critical thinking', 'human learning']",0,0,0,1,0,1,0,0,0,0,1,1,0,0,0,0,0,1,0,0,0,0,1,1,0
Good with Words: Writing and Editing,"{"" Writing"","" Communication"","" Leadership and Management"","" Professional Development"","" Critical Thinking"","" Creativity"","" Planning"","" Resilience""}",4.7,2300.0,Beginner , 3 - 6 Months,"['Writing', 'Communication', 'Leadership and Management', 'Professional Development', 'Critical Thinking', 'Creativity', 'Planning', 'Resilience']",writing | communication | leadership and management | professional development | critical thinking | creativity | planning | resilience,"['writing', 'communication', 'leadership and management', 'critical thinking', 'planning']",0,0,0,1,0,1,0,0,0,0,0,1,0,0,0,1,0,0,0,0,0,0,0,0,1
Google UX Design (DE),"{"" Design and Product"","" User Experience Design"","" User Experience""}",4.4,37.0,Beginner , 3 - 6 Months,"['Design and Product', 'User Experience Design', 'User Experience']",design and product | user experience design | user experience,[],0,0,0,0,0,0,0,0,0,0,0,0,0,0,0,0,0,0,0,0,0,0,0,0,0
The Business of Music Production,"{"" Creativity"","" Critical Thinking"","" Regulations and Compliance"","" Problem Solving"","" Process Analysis"","" Writing"","" Decision Making"","" Business Analysis"","" Deep Learning"","" Strategy"","" Leadership and Management""}",4.8,5000.0,Beginner , 3 - 6 Months,"['Creativity', 'Critical Thinking', 'Regulations and Compliance', 'Problem Solving', 'Process Analysis', 'Writing', 'Decision Making', 'Business Analysis', 'Deep Learning', 'Strategy', 'Leadership and Management']",creativity | critical thinking | regulations and compliance | problem solving | process analysis | writing | decision making | business analysis | deep learning | strategy | leadership and management,"['critical thinking', 'problem solving', 'writing', 'decision making', 'business analysis', 'strategy', 'leadership and management']",0,1,0,0,0,1,0,0,1,0,0,1,0,0,0,0,0,1,0,0,0,0,1,0,1
Dynamic Public Speaking,"{"" Communication"","" Critical Thinking"","" Public Relations"","" Strategy"","" Decision Making"","" Human Learning"","" Leadership and Management"","" People Analysis"","" People Development"","" Planning"","" Problem Solving"","" Professional Development"","" Process Analysis"","" Storytelling"","" Emotional Intelligence"","" Writing"","" Influencing"","" Organizational Development"","" Creativity"","" Leadership Development"","" Continuous Delivery"","" Performance Management"","" Adaptability""}",4.7,2400.0,Beginner , 3 - 6 Months,"['Communication', 'Critical Thinking', 'Public Relations', 'Strategy', 'Decision Making', 'Human Learning', 'Leadership and Management', 'People Analysis', 'People Development', 'Planning', 'Problem Solving', 'Professional Development', 'Process Analysis', 'Storytelling', 'Emotional Intelligence', 'Writing', 'Influencing', 'Organizational Development', 'Creativity', 'Leadership Development', 'Continuous Delivery', 'Performance Management', 'Adaptability']",communication | critical thinking | public relations | strategy | decision making | human learning | leadership and management | people analysis | people development | planning | problem solving | professional development | process analysis | storytelling | emotional intelligence | writing | influencing | organizational development | creativity | leadership development | continuous delivery | performance management | adaptability,"['communication', 'critical thinking', 'strategy', 'decision making', 'human learning', 'leadership and management', 'planning', 'problem solving', 'writing']",0,0,0,1,0,1,0,0,1,0,1,1,0,0,0,1,0,1,0,0,0,0,1,0,1
Fundamentals of Finance,"{"" Accounting"","" Finance"","" Financial Accounting"","" Financial Analysis"","" Mathematics"","" Problem Solving"","" Decision Making"","" Estimation"","" Investment Management"","" Management Accounting""}",3.9,823.0,Beginner , 1 - 3 Months,"['Accounting', 'Finance', 'Financial Accounting', 'Financial Analysis', 'Mathematics', 'Problem Solving', 'Decision Making', 'Estimation', 'Investment Management', 'Management Accounting']",accounting | finance | financial accounting | financial analysis | mathematics | problem solving | decision making | estimation | investment management | management accounting,"['finance', 'problem solving', 'decision making']",0,0,0,0,0,0,0,0,1,1,0,0,0,0,0,0,0,1,0,0,0,0,0,0,0
Robotics,"{"" Mathematics"","" Computer Vision"","" Linear Algebra"","" Problem Solving"","" Geometry"","" Algebra"","" Planning"","" Computer Graphics"","" Estimation"","" Mathematical Theory & Analysis"","" Computer Programming"","" Differential Equations"","" Visualization (Computer Graphics)"","" Algorithms"","" Matlab"","" Software Visualization"","" Computer Graphic Techniques"","" Theoretical Computer Science"","" Graph Theory"","" Material Handling"","" Computational Thinking"","" Geovisualization""}",4.4,3900.0,Beginner , 3 - 6 Months,"['Mathematics', 'Computer Vision', 'Linear Algebra', 'Problem Solving', 'Geometry', 'Algebra', 'Planning', 'Computer Graphics', 'Estimation', 'Mathematical Theory & Analysis', 'Computer Programming', 'Differential Equations', 'Visualization (Computer Graphics)', 'Algorithms', 'Matlab', 'Software Visualization', 'Computer Graphic Techniques', 'Theoretical Computer Science', 'Graph Theory', 'Material Handling', 'Computational Thinking', 'Geovisualization']",mathematics | computer vision | linear algebra | problem solving | geometry | algebra | planning | computer graphics | estimation | mathematical theory & analysis | computer programming | differential equations | visualization (computer graphics) | algorithms | matlab | software visualization | computer graphic techniques | theoretical computer science | graph theory | material handling | computational thinking | geovisualization,"['problem solving', 'planning', 'computer programming', 'algorithms']",1,0,0,0,1,0,0,0,0,0,0,0,0,0,0,1,0,1,0,0,0,0,0,0,0
Excel Skills for Business: Essentials,"{"" Microsoft Excel"","" Spreadsheet Software"","" Data Visualization"","" Plot (Graphics)"","" Data Analysis"","" Leadership and Management""}",4.9,47600.0,Beginner , 1 - 3 Months,"['Microsoft Excel', 'Spreadsheet Software', 'Data Visualization', 'Plot (Graphics)', 'Data Analysis', 'Leadership and Management']",microsoft excel | spreadsheet software | data visualization | plot (graphics) | data analysis | leadership and management,"['data analysis', 'leadership and management']",0,0,0,0,0,0,1,0,0,0,0,1,0,0,0,0,0,0,0,0,0,0,0,0,0
Blockchain,"{"" BlockChain"","" Cryptography"","" Finance"","" Algorithms"","" Problem Solving"","" Application Development"","" Computer Programming"","" Contract Management"","" Data Structures"","" Security Engineering"","" Critical Thinking"","" Programming Principles"","" Payments"","" Research and Design"","" Software Engineering Tools"","" System Security"","" Theoretical Computer Science"","" Other Programming Languages"","" Security Strategy""}",4.6,8600.0,Intermediate , 3 - 6 Months,"['BlockChain', 'Cryptography', 'Finance', 'Algorithms', 'Problem Solving', 'Application Development', 'Computer Programming', 'Contract Management', 'Data Structures', 'Security Engineering', 'Critical Thinking', 'Programming Principles', 'Payments', 'Research and Design', 'Software Engineering Tools', 'System Security', 'Theoretical Computer Science', 'Other Programming Languages', 'Security Strategy']",blockchain | cryptography | finance | algorithms | problem solving | application development | computer programming | contract management | data structures | security engineering | critical thinking | programming principles | payments | research and design | software engineering tools | system security | theoretical computer science | other programming languages | security strategy,"['finance', 'algorithms', 'problem solving', 'computer programming', 'critical thinking']",1,0,0,0,1,1,0,0,0,1,0,0,0,0,0,0,0,1,0,0,0,0,0,0,0
Google データアナリティクス,"{"" Data Analysis"","" Databases"","" Data Analysis Software"","" Data Management"","" Data Visualization"","" SQL"","" Spreadsheet Software"","" Business Analysis"","" Process Analysis"","" Microsoft Excel"","" Data Structures"","" Business Research"","" Problem Solving"","" R Programming"","" Visualization (Computer Graphics)"","" Data Visualization Software"","" Decision Making"","" Exploratory Data Analysis"","" Big Data"","" Business Intelligence"","" Communication"","" Statistical Analysis"","" Tableau Software"","" Computer Programming"","" Plot (Graphics)""}",4.7,291.0,Beginner , 3 - 6 Months,"['Data Analysis', 'Databases', 'Data Analysis Software', 'Data Management', 'Data Visualization', 'SQL', 'Spreadsheet Software', 'Business Analysis', 'Process Analysis', 'Microsoft Excel', 'Data Structures', 'Business Research', 'Problem Solving', 'R Programming', 'Visualization (Computer Graphics)', 'Data Visualization Software', 'Decision Making', 'Exploratory Data Analysis', 'Big Data', 'Business Intelligence', 'Communication', 'Statistical Analysis', 'Tableau Software', 'Computer Programming', 'Plot (Graphics)']",data analysis | databases | data analysis software | data management | data visualization | sql | spreadsheet software | business analysis | process analysis | microsoft excel | data structures | business research | problem solving | r programming | visualization (computer graphics) | data visualization software | decision making | exploratory data analysis | big data | business intelligence | communication | statistical analysis | tableau software | computer programming | plot (graphics),"['data analysis', 'data management', 'sql', 'business analysis', 'problem solving', 'decision making', 'communication', 'computer programming']",0,1,0,1,1,0,1,1,1,0,0,0,0,0,0,0,0,1,0,0,0,1,0,0,0
Anatomy,"{"" Human Learning""}",4.8,3600.0,Beginner , 3 - 6 Months,['Human Learning'],human learning,['human learning'],0,0,0,0,0,0,0,0,0,0,1,0,0,0,0,0,0,0,0,0,0,0,0,0,0
Machine Learning for Trading,"{"" Financial Analysis"","" Machine Learning"","" Finance"","" Investment Management"","" Algorithms"","" Financial Management"","" Leadership and Management"","" Market Analysis"","" Risk Management"","" Strategy"","" Applied Machine Learning"","" Artificial Neural Networks"","" Deep Learning"","" Google Cloud Platform"","" Human Learning"","" Training"","" Cloud Computing"","" Reinforcement Learning"","" Python Programming""}",3.9,1000.0,Intermediate , 1 - 3 Months,"['Financial Analysis', 'Machine Learning', 'Finance', 'Investment Management', 'Algorithms', 'Financial Management', 'Leadership and Management', 'Market Analysis', 'Risk Management', 'Strategy', 'Applied Machine Learning', 'Artificial Neural Networks', 'Deep Learning', 'Google Cloud Platform', 'Human Learning', 'Training', 'Cloud Computing', 'Reinforcement Learning', 'Python Programming']",financial analysis | machine learning | finance | investment management | algorithms | financial management | leadership and management | market analysis | risk management | strategy | applied machine learning | artificial neural networks | deep learning | google cloud platform | human learning | training | cloud computing | reinforcement learning | python programming,"['machine learning', 'finance', 'algorithms', 'leadership and management', 'risk management', 'strategy', 'human learning', 'cloud computing', 'python programming']",1,0,1,0,0,0,0,0,0,1,1,1,1,0,0,0,0,0,0,1,1,0,1,0,0
"Ethics, Technology and Engineering","{"" Problem Solving""}",4.7,701.0,Beginner , 1 - 3 Months,['Problem Solving'],problem solving,['problem solving'],0,0,0,0,0,0,0,0,0,0,0,0,0,0,0,0,0,1,0,0,0,0,0,0,0
Object Oriented Programming in Java,"{"" Computer Programming"","" Java Programming"","" Algorithms"","" Data Structures"","" Problem Solving"","" Programming Principles"","" Computational Thinking"","" Computer Programming Tools"","" Critical Thinking"","" Software Engineering"","" Computational Logic"","" Data Analysis"","" Visualization (Computer Graphics)"","" Software Testing"","" Computer Graphics"","" Cryptography"","" Data Analysis Software"","" Strategy""}",4.6,14600.0,Beginner , 3 - 6 Months,"['Computer Programming', 'Java Programming', 'Algorithms', 'Data Structures', 'Problem Solving', 'Programming Principles', 'Computational Thinking', 'Computer Programming Tools', 'Critical Thinking', 'Software Engineering', 'Computational Logic', 'Data Analysis', 'Visualization (Computer Graphics)', 'Software Testing', 'Computer Graphics', 'Cryptography', 'Data Analysis Software', 'Strategy']",computer programming | java programming | algorithms | data structures | problem solving | programming principles | computational thinking | computer programming tools | critical thinking | software engineering | computational logic | data analysis | visualization (computer graphics) | software testing | computer graphics | cryptography | data analysis software | strategy,"['computer programming', 'algorithms', 'problem solving', 'critical thinking', 'data analysis', 'strategy']",1,0,0,0,1,1,1,0,0,0,0,0,0,0,0,0,0,1,0,0,0,0,1,0,0
The Art of Visual Storytelling,"{"" Leadership and Management"","" Storytelling""}",4.7,33.0,Beginner , 3 - 6 Months,"['Leadership and Management', 'Storytelling']",leadership and management | storytelling,['leadership and management'],0,0,0,0,0,0,0,0,0,0,0,1,0,0,0,0,0,0,0,0,0,0,0,0,0
The DIY Musician,"{"" Creativity"","" Strategy"","" Writing"","" Entrepreneurship"","" Planning"","" Brand Management"","" Communication"","" Critical Thinking"","" Leadership and Management"","" Decision Making"","" Marketing"","" Social Media""}",4.7,3400.0,Beginner , 3 - 6 Months,"['Creativity', 'Strategy', 'Writing', 'Entrepreneurship', 'Planning', 'Brand Management', 'Communication', 'Critical Thinking', 'Leadership and Management', 'Decision Making', 'Marketing', 'Social Media']",creativity | strategy | writing | entrepreneurship | planning | brand management | communication | critical thinking | leadership and management | decision making | marketing | social media,"['strategy', 'writing', 'planning', 'communication', 'critical thinking', 'leadership and management', 'decision making', 'marketing']",0,0,0,1,0,1,0,0,1,0,0,1,0,0,1,1,0,0,0,0,0,0,1,0,1
Salesforce Sales Development Representative,"{"" Leadership and Management"","" Sales"","" Communication"","" Emotional Intelligence"","" Strategy"","" Business Analysis"","" Customer Relationship Management"","" Prospecting and Qualification"","" Sales Systems"","" Business Communication"","" Business Development"","" Business Intelligence"","" Data Management"","" Professional Development"","" Salesforce""}",4.5,396.0,Beginner , 3 - 6 Months,"['Leadership and Management', 'Sales', 'Communication', 'Emotional Intelligence', 'Strategy', 'Business Analysis', 'Customer Relationship Management', 'Prospecting and Qualification', 'Sales Systems', 'Business Communication', 'Business Development', 'Business Intelligence', 'Data Management', 'Professional Development', 'Salesforce']",leadership and management | sales | communication | emotional intelligence | strategy | business analysis | customer relationship management | prospecting and qualification | sales systems | business communication | business development | business intelligence | data management | professional development | salesforce,"['leadership and management', 'communication', 'strategy', 'business analysis', 'data management']",0,1,0,1,0,0,0,1,0,0,0,1,0,0,0,0,0,0,0,0,0,0,1,0,0
Reducing Gun Violence in America: Evidence for Change,"{"" Exploratory Data Analysis""}",4.7,257.0,Beginner , 1 - 3 Months,['Exploratory Data Analysis'],exploratory data analysis,[],0,0,0,0,0,0,0,0,0,0,0,0,0,0,0,0,0,0,0,0,0,0,0,0,0
Algorithms for Battery Management Systems,"{"" Estimation"","" Mathematics"","" Algorithms"","" Probability & Statistics"","" Mathematical Theory & Analysis"","" Systems Design"","" Research and Design"","" General Statistics"","" Critical Thinking"","" Computer Programming"","" Algebra"","" Product Design"","" Correlation And Dependence"","" Design and Product"","" Linear Algebra"","" Problem Solving"","" Process Analysis"","" Data Model"","" Material Handling"","" Leadership and Management"","" Probability Distribution"","" Product Lifecycle"","" Regression""}",4.7,2400.0,Intermediate , 3 - 6 Months,"['Estimation', 'Mathematics', 'Algorithms', 'Probability & Statistics', 'Mathematical Theory & Analysis', 'Systems Design', 'Research and Design', 'General Statistics', 'Critical Thinking', 'Computer Programming', 'Algebra', 'Product Design', 'Correlation And Dependence', 'Design and Product', 'Linear Algebra', 'Problem Solving', 'Process Analysis', 'Data Model', 'Material Handling', 'Leadership and Management', 'Probability Distribution', 'Product Lifecycle', 'Regression']",estimation | mathematics | algorithms | probability & statistics | mathematical theory & analysis | systems design | research and design | general statistics | critical thinking | computer programming | algebra | product design | correlation and dependence | design and product | linear algebra | problem solving | process analysis | data model | material handling | leadership and management | probability distribution | product lifecycle | regression,"['algorithms', 'probability & statistics', 'critical thinking', 'computer programming', 'problem solving', 'leadership and management']",1,0,0,0,1,1,0,0,0,0,0,1,0,0,0,0,1,1,0,0,0,0,0,0,0
Data Analysis with Python,"{"" Python Programming"","" Data Analysis"","" Machine Learning"","" Computer Programming"","" Data Visualization"","" Exploratory Data Analysis"","" General Statistics"","" Machine Learning Algorithms"","" Plot (Graphics)"","" Probability & Statistics"","" Regression""}",4.7,17300.0,Beginner , 1 - 3 Months,"['Python Programming', 'Data Analysis', 'Machine Learning', 'Computer Programming', 'Data Visualization', 'Exploratory Data Analysis', 'General Statistics', 'Machine Learning Algorithms', 'Plot (Graphics)', 'Probability & Statistics', 'Regression']",python programming | data analysis | machine learning | computer programming | data visualization | exploratory data analysis | general statistics | machine learning algorithms | plot (graphics) | probability & statistics | regression,"['python programming', 'data analysis', 'machine learning', 'computer programming', 'machine learning algorithms', 'probability & statistics']",0,0,0,0,1,0,1,0,0,0,0,0,1,1,0,0,1,0,0,1,0,0,0,0,0
Business English Communication Skills,"{"" Business Communication"","" Communication"","" Leadership and Management"","" Planning"","" Negotiation"","" Writing"","" People Management"","" Professional Development"","" Business Intelligence"","" Strategy"","" Business Development"","" Decision Making"","" Organizational Development"","" Project Management"","" Public Relations"","" People Analysis"","" Customer Relationship Management"","" Basic Descriptive Statistics"","" Data Analysis"","" Human Resources"","" Collaboration"","" Visualization (Computer Graphics)"","" Data Visualization"","" Human Learning""}",4.8,4400.0,Intermediate , 3 - 6 Months,"['Business Communication', 'Communication', 'Leadership and Management', 'Planning', 'Negotiation', 'Writing', 'People Management', 'Professional Development', 'Business Intelligence', 'Strategy', 'Business Development', 'Decision Making', 'Organizational Development', 'Project Management', 'Public Relations', 'People Analysis', 'Customer Relationship Management', 'Basic Descriptive Statistics', 'Data Analysis', 'Human Resources', 'Collaboration', 'Visualization (Computer Graphics)', 'Data Visualization', 'Human Learning']",business communication | communication | leadership and management | planning | negotiation | writing | people management | professional development | business intelligence | strategy | business development | decision making | organizational development | project management | public relations | people analysis | customer relationship management | basic descriptive statistics | data analysis | human resources | collaboration | visualization (computer graphics) | data visualization | human learning,"['communication', 'leadership and management', 'planning', 'writing', 'strategy', 'decision making', 'project management', 'data analysis', 'human learning']",0,0,0,1,0,0,1,0,1,0,1,1,0,0,0,1,0,0,1,0,0,0,1,0,1
Cryptography I,"{"" Algorithms"","" Cryptography"","" Mathematics"","" Security Engineering"","" Theoretical Computer Science"","" Probability & Statistics"","" Critical Thinking"","" Mathematical Theory & Analysis"","" Computer Security Models"","" Probability Distribution""}",4.8,4200.0,Mixed , 1 - 3 Months,"['Algorithms', 'Cryptography', 'Mathematics', 'Security Engineering', 'Theoretical Computer Science', 'Probability & Statistics', 'Critical Thinking', 'Mathematical Theory & Analysis', 'Computer Security Models', 'Probability Distribution']",algorithms | cryptography | mathematics | security engineering | theoretical computer science | probability & statistics | critical thinking | mathematical theory & analysis | computer security models | probability distribution,"['algorithms', 'probability & statistics', 'critical thinking']",1,0,0,0,0,1,0,0,0,0,0,0,0,0,0,0,1,0,0,0,0,0,0,0,0
Bayesian Statistics,"{"" Probability & Statistics"","" Bayesian Statistics"","" Probability Distribution"","" General Statistics"","" Statistical Analysis"","" R Programming"","" Statistical Programming"","" Mathematics"","" Regression"","" Data Analysis"","" Estimation"","" Mathematical Theory & Analysis"","" Machine Learning"","" Markov Model"","" Forecasting""}",4.6,3400.0,Intermediate , 3 - 6 Months,"['Probability & Statistics', 'Bayesian Statistics', 'Probability Distribution', 'General Statistics', 'Statistical Analysis', 'R Programming', 'Statistical Programming', 'Mathematics', 'Regression', 'Data Analysis', 'Estimation', 'Mathematical Theory & Analysis', 'Machine Learning', 'Markov Model', 'Forecasting']",probability & statistics | bayesian statistics | probability distribution | general statistics | statistical analysis | r programming | statistical programming | mathematics | regression | data analysis | estimation | mathematical theory & analysis | machine learning | markov model | forecasting,"['probability & statistics', 'data analysis', 'machine learning']",0,0,0,0,0,0,1,0,0,0,0,0,1,0,0,0,1,0,0,0,0,0,0,0,0
Data Visualization and Dashboards with Excel and Cognos,"{"" Data Visualization"","" Plot (Graphics)"","" Microsoft Excel"","" Statistical Visualization"","" Business Analysis"","" Data Analysis"","" Data Visualization Software"","" Interactive Data Visualization"","" Spreadsheet Software""}",4.7,3200.0,Beginner , 1 - 4 Weeks,"['Data Visualization', 'Plot (Graphics)', 'Microsoft Excel', 'Statistical Visualization', 'Business Analysis', 'Data Analysis', 'Data Visualization Software', 'Interactive Data Visualization', 'Spreadsheet Software']",data visualization | plot (graphics) | microsoft excel | statistical visualization | business analysis | data analysis | data visualization software | interactive data visualization | spreadsheet software,"['business analysis', 'data analysis']",0,1,0,0,0,0,1,0,0,0,0,0,0,0,0,0,0,0,0,0,0,0,0,0,0
Software Testing and Automation,"{"" Software Testing"","" Software Engineering"","" Computer Programming"","" Java Programming"","" Mobile Development Tools"","" Web Development"","" Problem Solving"","" Data Analysis Software"","" Programming Principles"","" System Software"","" Android Development"","" HTML and CSS"","" Mobile Development"","" Other Web Frameworks"","" Planning"","" Web Development Tools"","" iOS Development""}",4.3,769.0,Intermediate , 3 - 6 Months,"['Software Testing', 'Software Engineering', 'Computer Programming', 'Java Programming', 'Mobile Development Tools', 'Web Development', 'Problem Solving', 'Data Analysis Software', 'Programming Principles', 'System Software', 'Android Development', 'HTML and CSS', 'Mobile Development', 'Other Web Frameworks', 'Planning', 'Web Development Tools', 'iOS Development']",software testing | software engineering | computer programming | java programming | mobile development tools | web development | problem solving | data analysis software | programming principles | system software | android development | html and css | mobile development | other web frameworks | planning | web development tools | ios development,"['computer programming', 'problem solving', 'planning']",0,0,0,0,1,0,0,0,0,0,0,0,0,0,0,1,0,1,0,0,0,0,0,0,0
AWS Cloud Practitioner Essentials,"{"" Amazon Web Services"","" Cloud Computing""}",4.8,1500.0,Beginner , 1 - 3 Months,"['Amazon Web Services', 'Cloud Computing']",amazon web services | cloud computing,['cloud computing'],0,0,1,0,0,0,0,0,0,0,0,0,0,0,0,0,0,0,0,0,0,0,0,0,0
Google UX Design,"{"" Business Development"","" Business Psychology"","" Communication"","" Decision Making"","" Design and Product"","" Entrepreneurship"","" Leadership and Management"","" Planning"","" Strategy"","" Strategy and Operations"","" Business Design"","" Critical Thinking"","" Data Analysis"","" People Management"","" Resilience"","" Collaboration"","" Creativity"","" Conflict Management"","" People Analysis"","" User Experience""}",4.7,62.0,Beginner , 3 - 6 Months,"['Business Development', 'Business Psychology', 'Communication', 'Decision Making', 'Design and Product', 'Entrepreneurship', 'Leadership and Management', 'Planning', 'Strategy', 'Strategy and Operations', 'Business Design', 'Critical Thinking', 'Data Analysis', 'People Management', 'Resilience', 'Collaboration', 'Creativity', 'Conflict Management', 'People Analysis', 'User Experience']",business development | business psychology | communication | decision making | design and product | entrepreneurship | leadership and management | planning | strategy | strategy and operations | business design | critical thinking | data analysis | people management | resilience | collaboration | creativity | conflict management | people analysis | user experience,"['communication', 'decision making', 'leadership and management', 'planning', 'strategy', 'strategy and operations', 'critical thinking', 'data analysis']",0,0,0,1,0,1,1,0,1,0,0,1,0,0,0,1,0,0,0,0,0,0,1,1,0
Everyday Excel,"{"" Microsoft Excel"","" Data Analysis"","" Spreadsheet Software"","" Business Analysis"","" Data Analysis Software"","" Data Management"","" Critical Thinking"","" Problem Solving"","" Mathematics"","" Data Visualization"","" Computer Programming Tools"","" Finance"","" Market Analysis"","" Regression""}",4.7,3600.0,Beginner , 3 - 6 Months,"['Microsoft Excel', 'Data Analysis', 'Spreadsheet Software', 'Business Analysis', 'Data Analysis Software', 'Data Management', 'Critical Thinking', 'Problem Solving', 'Mathematics', 'Data Visualization', 'Computer Programming Tools', 'Finance', 'Market Analysis', 'Regression']",microsoft excel | data analysis | spreadsheet software | business analysis | data analysis software | data management | critical thinking | problem solving | mathematics | data visualization | computer programming tools | finance | market analysis | regression,"['data analysis', 'business analysis', 'data management', 'critical thinking', 'problem solving', 'finance']",0,1,0,0,0,1,1,1,0,1,0,0,0,0,0,0,0,1,0,0,0,0,0,0,0
Bioinformatics,"{"" Bioinformatics"","" Algorithms"","" Computer Programming"","" Probability & Statistics"","" Computational Thinking"","" Computational Logic"","" Python Programming"","" Theoretical Computer Science"","" Critical Thinking"","" Graph Theory"","" Problem Solving"","" General Statistics"","" Customer Support""}",4.3,1200.0,Beginner , 3 - 6 Months,"['Bioinformatics', 'Algorithms', 'Computer Programming', 'Probability & Statistics', 'Computational Thinking', 'Computational Logic', 'Python Programming', 'Theoretical Computer Science', 'Critical Thinking', 'Graph Theory', 'Problem Solving', 'General Statistics', 'Customer Support']",bioinformatics | algorithms | computer programming | probability & statistics | computational thinking | computational logic | python programming | theoretical computer science | critical thinking | graph theory | problem solving | general statistics | customer support,"['algorithms', 'computer programming', 'probability & statistics', 'python programming', 'critical thinking', 'problem solving']",1,0,0,0,1,1,0,0,0,0,0,0,0,0,0,0,1,1,0,1,0,0,0,0,0
"Food Sustainability, Mindful Eating, and Healthy Cooking","{"" Leadership and Management""}",4.8,426.0,Beginner , 1 - 3 Months,['Leadership and Management'],leadership and management,['leadership and management'],0,0,0,0,0,0,0,0,0,0,0,1,0,0,0,0,0,0,0,0,0,0,0,0,0
Calculus for Machine Learning and Data Science,"{"" Machine Learning"","" Calculus"","" Differential Equations"","" Mathematics"","" Machine Learning Algorithms"","" Regression"","" Algebra"","" Algorithms"","" Artificial Neural Networks""}",4.8,394.0,Beginner , 1 - 4 Weeks,"['Machine Learning', 'Calculus', 'Differential Equations', 'Mathematics', 'Machine Learning Algorithms', 'Regression', 'Algebra', 'Algorithms', 'Artificial Neural Networks']",machine learning | calculus | differential equations | mathematics | machine learning algorithms | regression | algebra | algorithms | artificial neural networks,"['machine learning', 'machine learning algorithms', 'algorithms']",1,0,0,0,0,0,0,0,0,0,0,0,1,1,0,0,0,0,0,0,0,0,0,0,0
Work Smarter with Microsoft Word,"{"" Collaboration"","" Communication"","" Computer Graphics"","" Microsoft Excel"","" Visual Design"","" Research and Design"","" Writing"","" Interactive Data Visualization"","" Software Architecture"","" User Experience Design""}",4.7,964.0,Beginner , 1 - 3 Months,"['Collaboration', 'Communication', 'Computer Graphics', 'Microsoft Excel', 'Visual Design', 'Research and Design', 'Writing', 'Interactive Data Visualization', 'Software Architecture', 'User Experience Design']",collaboration | communication | computer graphics | microsoft excel | visual design | research and design | writing | interactive data visualization | software architecture | user experience design,"['communication', 'writing']",0,0,0,1,0,0,0,0,0,0,0,0,0,0,0,0,0,0,0,0,0,0,0,0,1
Data Science Methodology,"{"" Data Science"","" Data Analysis"","" Data Model"","" Machine Learning"","" Python Programming"","" Statistical Machine Learning"","" Data Mining""}",4.6,19600.0,Beginner , 1 - 4 Weeks,"['Data Science', 'Data Analysis', 'Data Model', 'Machine Learning', 'Python Programming', 'Statistical Machine Learning', 'Data Mining']",data science | data analysis | data model | machine learning | python programming | statistical machine learning | data mining,"['data analysis', 'machine learning', 'python programming']",0,0,0,0,0,0,1,0,0,0,0,0,1,0,0,0,0,0,0,1,0,0,0,0,0
Google IT Support,"{"" Leadership and Management"","" Business Analysis"","" Design and Product"","" Strategy"","" Strategy and Operations"","" Data Analysis"","" Decision Making"","" Cloud Computing"","" Databases"","" Network Security"","" Data Management"","" Security Software"","" Communication"","" Critical Thinking"","" Business Development"","" Planning"","" Operating Systems"","" Linux"","" System Software""}",4.5,166.0,Beginner , 3 - 6 Months,"['Leadership and Management', 'Business Analysis', 'Design and Product', 'Strategy', 'Strategy and Operations', 'Data Analysis', 'Decision Making', 'Cloud Computing', 'Databases', 'Network Security', 'Data Management', 'Security Software', 'Communication', 'Critical Thinking', 'Business Development', 'Planning', 'Operating Systems', 'Linux', 'System Software']",leadership and management | business analysis | design and product | strategy | strategy and operations | data analysis | decision making | cloud computing | databases | network security | data management | security software | communication | critical thinking | business development | planning | operating systems | linux | system software,"['leadership and management', 'business analysis', 'strategy', 'strategy and operations', 'data analysis', 'decision making', 'cloud computing', 'data management', 'communication', 'critical thinking', 'planning']",0,1,1,1,0,1,1,1,1,0,0,1,0,0,0,1,0,0,0,0,0,0,1,1,0
Photography Basics and Beyond: From Smartphone to DSLR,"{"" Creativity"","" Social Media"","" Operations Management"","" Writing""}",4.7,6200.0,Beginner , 3 - 6 Months,"['Creativity', 'Social Media', 'Operations Management', 'Writing']",creativity | social media | operations management | writing,['writing'],0,0,0,0,0,0,0,0,0,0,0,0,0,0,0,0,0,0,0,0,0,0,0,0,1
Probabilistic Graphical Models,"{"" Bayesian Network"","" Probability & Statistics"","" General Statistics"","" Graph Theory"","" Probability Distribution"","" Bayesian Statistics"","" Markov Model"","" Correlation And Dependence"","" Machine Learning"","" Network Model"","" Decision Making"","" Human Learning"","" Algorithms""}",4.6,1500.0,Advanced , 3 - 6 Months,"['Bayesian Network', 'Probability & Statistics', 'General Statistics', 'Graph Theory', 'Probability Distribution', 'Bayesian Statistics', 'Markov Model', 'Correlation And Dependence', 'Machine Learning', 'Network Model', 'Decision Making', 'Human Learning', 'Algorithms']",bayesian network | probability & statistics | general statistics | graph theory | probability distribution | bayesian statistics | markov model | correlation and dependence | machine learning | network model | decision making | human learning | algorithms,"['probability & statistics', 'machine learning', 'decision making', 'human learning', 'algorithms']",1,0,0,0,0,0,0,0,1,0,1,0,1,0,0,0,1,0,0,0,0,0,0,0,0
Sequence Models,"{"" Artificial Neural Networks"","" Deep Learning"","" Machine Learning"","" Natural Language Processing"","" Machine Learning Algorithms"","" Applied Machine Learning"","" Python Programming"","" Human Learning"","" Tensorflow"","" Linear Algebra""}",4.8,29600.0,Intermediate , 1 - 4 Weeks,"['Artificial Neural Networks', 'Deep Learning', 'Machine Learning', 'Natural Language Processing', 'Machine Learning Algorithms', 'Applied Machine Learning', 'Python Programming', 'Human Learning', 'Tensorflow', 'Linear Algebra']",artificial neural networks | deep learning | machine learning | natural language processing | machine learning algorithms | applied machine learning | python programming | human learning | tensorflow | linear algebra,"['machine learning', 'machine learning algorithms', 'python programming', 'human learning']",0,0,0,0,0,0,0,0,0,0,1,0,1,1,0,0,0,0,0,1,0,0,0,0,0
Business Value and Project Management,"{"" Leadership and Management"","" Strategy and Operations"","" Account Management"","" Accounting"","" Finance"","" Financial Accounting"","" Financial Management"","" General Accounting"","" Project Management"","" Accounts Payable and Receivable"","" Business Process Management"","" Financial Analysis"","" Generally Accepted Accounting Principles (GAAP)"","" Management Accounting"","" Cost Accounting"","" Decision Making"","" Entrepreneurship"","" Organizational Development"","" Business Design"","" Change Management"","" Critical Thinking"","" Leadership Development"","" Planning"","" Strategy"","" Adaptability"","" Business Transformation"","" Culture"","" Performance Management"","" Problem Solving"","" Business Psychology"","" Human Resources""}",4.7,7000.0,Beginner , 3 - 6 Months,"['Leadership and Management', 'Strategy and Operations', 'Account Management', 'Accounting', 'Finance', 'Financial Accounting', 'Financial Management', 'General Accounting', 'Project Management', 'Accounts Payable and Receivable', 'Business Process Management', 'Financial Analysis', 'Generally Accepted Accounting Principles (GAAP)', 'Management Accounting', 'Cost Accounting', 'Decision Making', 'Entrepreneurship', 'Organizational Development', 'Business Design', 'Change Management', 'Critical Thinking', 'Leadership Development', 'Planning', 'Strategy', 'Adaptability', 'Business Transformation', 'Culture', 'Performance Management', 'Problem Solving', 'Business Psychology', 'Human Resources']",leadership and management | strategy and operations | account management | accounting | finance | financial accounting | financial management | general accounting | project management | accounts payable and receivable | business process management | financial analysis | generally accepted accounting principles (gaap) | management accounting | cost accounting | decision making | entrepreneurship | organizational development | business design | change management | critical thinking | leadership development | planning | strategy | adaptability | business transformation | culture | performance management | problem solving | business psychology | human resources,"['leadership and management', 'strategy and operations', 'finance', 'project management', 'decision making', 'critical thinking', 'planning', 'strategy', 'problem solving']",0,0,0,0,0,1,0,0,1,1,0,1,0,0,0,1,0,1,1,0,0,0,1,1,0
Advanced Data Science with IBM,"{"" Machine Learning"","" Python Programming"","" Statistical Programming"","" Data Management"","" Machine Learning Algorithms"","" Deep Learning"","" Process Analysis"","" Data Analysis"","" Apache"","" Human Learning"","" Machine Learning Software"","" Applied Machine Learning"","" Extract"","" Transform"","" Load"","" Artificial Neural Networks"","" Feature Engineering"","" Application Development"","" Probability & Statistics"","" Cloud Computing"","" Statistical Machine Learning"","" General Statistics"","" IBM Cloud"","" SQL"","" Computer Programming"","" Tensorflow""}",4.3,3000.0,Advanced , 3 - 6 Months,"['Machine Learning', 'Python Programming', 'Statistical Programming', 'Data Management', 'Machine Learning Algorithms', 'Deep Learning', 'Process Analysis', 'Data Analysis', 'Apache', 'Human Learning', 'Machine Learning Software', 'Applied Machine Learning', 'Extract', 'Transform', 'Load', 'Artificial Neural Networks', 'Feature Engineering', 'Application Development', 'Probability & Statistics', 'Cloud Computing', 'Statistical Machine Learning', 'General Statistics', 'IBM Cloud', 'SQL', 'Computer Programming', 'Tensorflow']",machine learning | python programming | statistical programming | data management | machine learning algorithms | deep learning | process analysis | data analysis | apache | human learning | machine learning software | applied machine learning | extract | transform | load | artificial neural networks | feature engineering | application development | probability & statistics | cloud computing | statistical machine learning | general statistics | ibm cloud | sql | computer programming | tensorflow,"['machine learning', 'python programming', 'data management', 'machine learning algorithms', 'data analysis', 'human learning', 'probability & statistics', 'cloud computing', 'sql', 'computer programming']",0,0,1,0,1,0,1,1,0,0,1,0,1,1,0,0,1,0,0,1,0,1,0,0,0
Create High-Fidelity Designs and Prototypes in Figma,"{"" User Experience""}",4.8,3400.0,Beginner , 1 - 3 Months,['User Experience'],user experience,[],0,0,0,0,0,0,0,0,0,0,0,0,0,0,0,0,0,0,0,0,0,0,0,0,0
AI & Law,"{"" Human Computer Interaction"","" Human Learning"","" Machine Learning"","" Applied Machine Learning"","" Decision Making"","" Machine Learning Algorithms"","" Business Intelligence"","" Leadership and Management"","" Process Analysis"","" Regulations and Compliance""}",4.8,380.0,Beginner , 1 - 4 Weeks,"['Human Computer Interaction', 'Human Learning', 'Machine Learning', 'Applied Machine Learning', 'Decision Making', 'Machine Learning Algorithms', 'Business Intelligence', 'Leadership and Management', 'Process Analysis', 'Regulations and Compliance']",human computer interaction | human learning | machine learning | applied machine learning | decision making | machine learning algorithms | business intelligence | leadership and management | process analysis | regulations and compliance,"['human learning', 'machine learning', 'decision making', 'machine learning algorithms', 'leadership and management']",0,0,0,0,0,0,0,0,1,0,1,1,1,1,0,0,0,0,0,0,0,0,0,0,0
The Singer Songwriter,"{"" Creativity"","" Writing""}",4.8,4200.0,Beginner , 3 - 6 Months,"['Creativity', 'Writing']",creativity | writing,['writing'],0,0,0,0,0,0,0,0,0,0,0,0,0,0,0,0,0,0,0,0,0,0,0,0,1
Business Statistics and Analysis,"{"" Probability & Statistics"","" Statistical Analysis"","" Business Analysis"","" General Statistics"","" Data Analysis"","" Spreadsheet Software"","" Basic Descriptive Statistics"","" Microsoft Excel"","" Statistical Tests"","" Probability Distribution"","" Business Intelligence"","" Data Analysis Software"","" Regression"","" Data Management"","" Critical Thinking"","" Data Visualization"","" Plot (Graphics)"","" Statistical Visualization"","" Problem Solving""}",4.7,12000.0,Beginner , 3 - 6 Months,"['Probability & Statistics', 'Statistical Analysis', 'Business Analysis', 'General Statistics', 'Data Analysis', 'Spreadsheet Software', 'Basic Descriptive Statistics', 'Microsoft Excel', 'Statistical Tests', 'Probability Distribution', 'Business Intelligence', 'Data Analysis Software', 'Regression', 'Data Management', 'Critical Thinking', 'Data Visualization', 'Plot (Graphics)', 'Statistical Visualization', 'Problem Solving']",probability & statistics | statistical analysis | business analysis | general statistics | data analysis | spreadsheet software | basic descriptive statistics | microsoft excel | statistical tests | probability distribution | business intelligence | data analysis software | regression | data management | critical thinking | data visualization | plot (graphics) | statistical visualization | problem solving,"['probability & statistics', 'business analysis', 'data analysis', 'data management', 'critical thinking', 'problem solving']",0,1,0,0,0,1,1,1,0,0,0,0,0,0,0,0,1,1,0,0,0,0,0,0,0
Decentralized Finance (DeFi): The Future of Finance,"{"" BlockChain"","" FinTech"","" Finance"","" Algorithms"","" Cryptography"","" Payments"","" Banking"","" Risk Management"","" Contract Management"","" Computational Logic"","" Innovation"","" Regulations and Compliance"","" Securities Trading"","" Strategy and Operations"","" Cyberattacks"","" Financial Analysis"","" Investment Management"","" Security Engineering""}",4.8,1700.0,Intermediate , 3 - 6 Months,"['BlockChain', 'FinTech', 'Finance', 'Algorithms', 'Cryptography', 'Payments', 'Banking', 'Risk Management', 'Contract Management', 'Computational Logic', 'Innovation', 'Regulations and Compliance', 'Securities Trading', 'Strategy and Operations', 'Cyberattacks', 'Financial Analysis', 'Investment Management', 'Security Engineering']",blockchain | fintech | finance | algorithms | cryptography | payments | banking | risk management | contract management | computational logic | innovation | regulations and compliance | securities trading | strategy and operations | cyberattacks | financial analysis | investment management | security engineering,"['finance', 'algorithms', 'risk management', 'strategy and operations']",1,0,0,0,0,0,0,0,0,1,0,0,0,0,0,0,0,0,0,0,1,0,0,1,0
Learning How to Learn: Powerful mental tools to help you master tough subjects,"{"" Business Psychology"","" Entrepreneurship"","" Human Learning"","" Leadership and Management""}",4.8,88000.0,Beginner , 1 - 4 Weeks,"['Business Psychology', 'Entrepreneurship', 'Human Learning', 'Leadership and Management']",business psychology | entrepreneurship | human learning | leadership and management,"['human learning', 'leadership and management']",0,0,0,0,0,0,0,0,0,0,1,1,0,0,0,0,0,0,0,0,0,0,0,0,0
Google UX Design (PT),"{"" User Experience Design"","" Product Design"","" User Experience"","" Visual Design"","" Collaboration"","" Research and Design"","" Design and Product"","" Interactive Design"","" Graphic Design"","" Web Design"","" Persona Research"","" User Research"","" Mobile Development"","" Product Development"","" People Analysis""}",4.9,2000.0,Beginner , 3 - 6 Months,"['User Experience Design', 'Product Design', 'User Experience', 'Visual Design', 'Collaboration', 'Research and Design', 'Design and Product', 'Interactive Design', 'Graphic Design', 'Web Design', 'Persona Research', 'User Research', 'Mobile Development', 'Product Development', 'People Analysis']",user experience design | product design | user experience | visual design | collaboration | research and design | design and product | interactive design | graphic design | web design | persona research | user research | mobile development | product development | people analysis,[],0,0,0,0,0,0,0,0,0,0,0,0,0,0,0,0,0,0,0,0,0,0,0,0,0
Talent Acquisition,"{"" Mergers & Acquisitions"","" Recruitment""}",4.8,216.0,Beginner , 1 - 4 Weeks,"['Mergers & Acquisitions', 'Recruitment']",mergers & acquisitions | recruitment,[],0,0,0,0,0,0,0,0,0,0,0,0,0,0,0,0,0,0,0,0,0,0,0,0,0
Supply Chain Analytics,"{"" Data Analysis"","" Supply Chain Systems"","" Supply Chain and Logistics"","" Strategy and Operations"","" Leadership and Management"","" Inventory Management"","" Operations Management"","" Business Analysis"","" Planning"","" Operational Analysis"","" Market Analysis"","" Strategy"","" Business Intelligence"","" Process Analysis"","" Forecasting"","" Warehouse Management"","" Data Management"","" Probability & Statistics"","" Statistical Analysis"","" Customer Analysis"","" Decision Making"","" General Statistics"","" Statistical Visualization"","" Data Model"","" Regression"","" Statistical Tests"","" Supplier Relationship Management"","" Basic Descriptive Statistics"","" Data Science""}",4.6,1900.0,Beginner , 3 - 6 Months,"['Data Analysis', 'Supply Chain Systems', 'Supply Chain and Logistics', 'Strategy and Operations', 'Leadership and Management', 'Inventory Management', 'Operations Management', 'Business Analysis', 'Planning', 'Operational Analysis', 'Market Analysis', 'Strategy', 'Business Intelligence', 'Process Analysis', 'Forecasting', 'Warehouse Management', 'Data Management', 'Probability & Statistics', 'Statistical Analysis', 'Customer Analysis', 'Decision Making', 'General Statistics', 'Statistical Visualization', 'Data Model', 'Regression', 'Statistical Tests', 'Supplier Relationship Management', 'Basic Descriptive Statistics', 'Data Science']",data analysis | supply chain systems | supply chain and logistics | strategy and operations | leadership and management | inventory management | operations management | business analysis | planning | operational analysis | market analysis | strategy | business intelligence | process analysis | forecasting | warehouse management | data management | probability & statistics | statistical analysis | customer analysis | decision making | general statistics | statistical visualization | data model | regression | statistical tests | supplier relationship management | basic descriptive statistics | data science,"['data analysis', 'strategy and operations', 'leadership and management', 'business analysis', 'planning', 'strategy', 'data management', 'probability & statistics', 'decision making']",0,1,0,0,0,0,1,1,1,0,0,1,0,0,0,1,1,0,0,0,0,0,1,1,0
Customer Analytics,"{"" Basic Descriptive Statistics"","" Business Analysis"","" Customer Analysis"","" Data Analysis"","" Data Model"","" Exploratory Data Analysis"","" Market Analysis"","" Market Research"","" Marketing"","" Strategy""}",4.6,11600.0,Mixed , 1 - 3 Months,"['Basic Descriptive Statistics', 'Business Analysis', 'Customer Analysis', 'Data Analysis', 'Data Model', 'Exploratory Data Analysis', 'Market Analysis', 'Market Research', 'Marketing', 'Strategy']",basic descriptive statistics | business analysis | customer analysis | data analysis | data model | exploratory data analysis | market analysis | market research | marketing | strategy,"['business analysis', 'data analysis', 'marketing', 'strategy']",0,1,0,0,0,0,1,0,0,0,0,0,0,0,1,0,0,0,0,0,0,0,1,0,0
Creating Business Value with Data and Looker,"{"" Looker (Software)"","" Data Visualization"","" Data Analysis"","" Data Analysis Software"","" Databases"","" Interactive Data Visualization"","" Business Analysis"","" Data Management"","" Business Intelligence"","" Data Visualization Software"","" Exploratory Data Analysis"","" Data Model"","" Cloud Computing"","" Visualization (Computer Graphics)"","" Data Warehousing"","" Machine Learning"","" SQL""}",4.7,1000.0,Intermediate , 3 - 6 Months,"['Looker (Software)', 'Data Visualization', 'Data Analysis', 'Data Analysis Software', 'Databases', 'Interactive Data Visualization', 'Business Analysis', 'Data Management', 'Business Intelligence', 'Data Visualization Software', 'Exploratory Data Analysis', 'Data Model', 'Cloud Computing', 'Visualization (Computer Graphics)', 'Data Warehousing', 'Machine Learning', 'SQL']",looker (software) | data visualization | data analysis | data analysis software | databases | interactive data visualization | business analysis | data management | business intelligence | data visualization software | exploratory data analysis | data model | cloud computing | visualization (computer graphics) | data warehousing | machine learning | sql,"['data analysis', 'business analysis', 'data management', 'cloud computing', 'machine learning', 'sql']",0,1,1,0,0,0,1,1,0,0,0,0,1,0,0,0,0,0,0,0,0,1,0,0,0
English for Career Development,"{"" Business Communication"","" Critical Thinking"","" Human Resources"","" Human Resources Operations"","" Application Development"","" People Management""}",4.8,14700.0,Mixed , 1 - 3 Months,"['Business Communication', 'Critical Thinking', 'Human Resources', 'Human Resources Operations', 'Application Development', 'People Management']",business communication | critical thinking | human resources | human resources operations | application development | people management,['critical thinking'],0,0,0,0,0,1,0,0,0,0,0,0,0,0,0,0,0,0,0,0,0,0,0,0,0
Introduction to Front-End Development,"{"" HTML and CSS"","" React (web framework)"","" Web Development"","" Front-End Web Development"","" Web Design"","" Web Development Tools""}",4.8,9000.0,Beginner , 1 - 4 Weeks,"['HTML and CSS', 'React (web framework)', 'Web Development', 'Front-End Web Development', 'Web Design', 'Web Development Tools']",html and css | react (web framework) | web development | front-end web development | web design | web development tools,[],0,0,0,0,0,0,0,0,0,0,0,0,0,0,0,0,0,0,0,0,0,0,0,0,0
Web Applications for Everybody,"{"" Database Design"","" Databases"","" HTML and CSS"","" Javascript"","" SQL"","" Web Development""}",4.7,8900.0,Intermediate , 3 - 6 Months,"['Database Design', 'Databases', 'HTML and CSS', 'Javascript', 'SQL', 'Web Development']",database design | databases | html and css | javascript | sql | web development,['sql'],0,0,0,0,0,0,0,0,0,0,0,0,0,0,0,0,0,0,0,0,0,1,0,0,0
MLOps | Machine Learning Operations,"{"" Applied Machine Learning"","" Big Data"","" Cloud Computing"","" DevOps"","" Machine Learning"","" Machine Learning Software"","" Microsoft Azure"","" Python Programming""}",4.0,123.0,Advanced , 3 - 6 Months,"['Applied Machine Learning', 'Big Data', 'Cloud Computing', 'DevOps', 'Machine Learning', 'Machine Learning Software', 'Microsoft Azure', 'Python Programming']",applied machine learning | big data | cloud computing | devops | machine learning | machine learning software | microsoft azure | python programming,"['cloud computing', 'machine learning', 'python programming']",0,0,1,0,0,0,0,0,0,0,0,0,1,0,0,0,0,0,0,1,0,0,0,0,0
SQL for Data Science,"{"" Critical Thinking"","" Data Analysis"","" Data Management"","" Database Administration"","" Database Design"","" Databases"","" Problem Solving"","" SQL"","" Computer Programming Tools"","" Data Model""}",4.6,15700.0,Beginner , 1 - 4 Weeks,"['Critical Thinking', 'Data Analysis', 'Data Management', 'Database Administration', 'Database Design', 'Databases', 'Problem Solving', 'SQL', 'Computer Programming Tools', 'Data Model']",critical thinking | data analysis | data management | database administration | database design | databases | problem solving | sql | computer programming tools | data model,"['critical thinking', 'data analysis', 'data management', 'problem solving', 'sql']",0,0,0,0,0,1,1,1,0,0,0,0,0,0,0,0,0,1,0,0,0,1,0,0,0
Data Science Foundations: Statistical Inference,"{"" Probability & Statistics"","" General Statistics"","" Probability Distribution"","" Estimation"","" Statistical Tests"","" Mathematics"","" Correlation And Dependence"","" Calculus""}",4.4,179.0,Intermediate , 3 - 6 Months,"['Probability & Statistics', 'General Statistics', 'Probability Distribution', 'Estimation', 'Statistical Tests', 'Mathematics', 'Correlation And Dependence', 'Calculus']",probability & statistics | general statistics | probability distribution | estimation | statistical tests | mathematics | correlation and dependence | calculus,['probability & statistics'],0,0,0,0,0,0,0,0,0,0,0,0,0,0,0,0,1,0,0,0,0,0,0,0,0
Google Project Management (PT),"{"" Project Management"","" Process Analysis"","" Collaboration"","" Organizational Development"","" Communication"","" Decision Making"","" Strategy"","" Product Management"","" Business Communication"","" Adaptability"","" Agile Software Development"","" Change Management"","" Leadership and Management"","" People Analysis"","" Scrum (Software Development)"","" Strategy and Operations"","" Continuous Integration"","" Risk Management"","" Spreadsheet Software"","" Professional Development"","" Programming Principles"","" Application Development""}",4.9,1900.0,Beginner , 3 - 6 Months,"['Project Management', 'Process Analysis', 'Collaboration', 'Organizational Development', 'Communication', 'Decision Making', 'Strategy', 'Product Management', 'Business Communication', 'Adaptability', 'Agile Software Development', 'Change Management', 'Leadership and Management', 'People Analysis', 'Scrum (Software Development)', 'Strategy and Operations', 'Continuous Integration', 'Risk Management', 'Spreadsheet Software', 'Professional Development', 'Programming Principles', 'Application Development']",project management | process analysis | collaboration | organizational development | communication | decision making | strategy | product management | business communication | adaptability | agile software development | change management | leadership and management | people analysis | scrum (software development) | strategy and operations | continuous integration | risk management | spreadsheet software | professional development | programming principles | application development,"['project management', 'communication', 'decision making', 'strategy', 'leadership and management', 'strategy and operations', 'risk management']",0,0,0,1,0,0,0,0,1,0,0,1,0,0,0,0,0,0,1,0,1,0,1,1,0
Python Project for Data Science,"{"" Python Programming"","" Computer Programming"","" Data Analysis"","" Data Science""}",4.5,3700.0,Intermediate , 1 - 4 Weeks,"['Python Programming', 'Computer Programming', 'Data Analysis', 'Data Science']",python programming | computer programming | data analysis | data science,"['python programming', 'computer programming', 'data analysis']",0,0,0,0,1,0,1,0,0,0,0,0,0,0,0,0,0,0,0,1,0,0,0,0,0
Music Production,"{"" Creativity"","" Planning""}",4.8,2800.0,Beginner , 3 - 6 Months,"['Creativity', 'Planning']",creativity | planning,['planning'],0,0,0,0,0,0,0,0,0,0,0,0,0,0,0,1,0,0,0,0,0,0,0,0,0
"GIS, Mapping, and Spatial Analysis","{"" ArcGIS"","" Data Analysis"","" Data Visualization"","" Geovisualization"","" Spatial Analysis"","" Spatial Data Analysis"","" GIS Software"","" Data Analysis Software"","" Data Visualization Software"","" Data Model"","" Data Management"","" Databases"","" Statistical Analysis"","" Mergers & Acquisitions""}",4.9,2700.0,Beginner , 3 - 6 Months,"['ArcGIS', 'Data Analysis', 'Data Visualization', 'Geovisualization', 'Spatial Analysis', 'Spatial Data Analysis', 'GIS Software', 'Data Analysis Software', 'Data Visualization Software', 'Data Model', 'Data Management', 'Databases', 'Statistical Analysis', 'Mergers & Acquisitions']",arcgis | data analysis | data visualization | geovisualization | spatial analysis | spatial data analysis | gis software | data analysis software | data visualization software | data model | data management | databases | statistical analysis | mergers & acquisitions,"['data analysis', 'data management']",0,0,0,0,0,0,1,1,0,0,0,0,0,0,0,0,0,0,0,0,0,0,0,0,0
Transforming the Fashion Business,"{"" Leadership and Management"","" Research and Design"","" Brand Management"","" Design and Product"","" Strategy and Operations"","" Supply Chain Systems"","" Supply Chain and Logistics"","" Innovation"","" Marketing"","" Product Management"","" Collaboration"","" Entrepreneurship"","" Retail Sales"","" Sales"","" Strategy"","" Business Design"","" E-Commerce"","" Interactive Design"","" Product Lifecycle"","" Forecasting"","" Merchandising"","" Product Design"","" Visual Design""}",4.7,423.0,Intermediate , 1 - 3 Months,"['Leadership and Management', 'Research and Design', 'Brand Management', 'Design and Product', 'Strategy and Operations', 'Supply Chain Systems', 'Supply Chain and Logistics', 'Innovation', 'Marketing', 'Product Management', 'Collaboration', 'Entrepreneurship', 'Retail Sales', 'Sales', 'Strategy', 'Business Design', 'E-Commerce', 'Interactive Design', 'Product Lifecycle', 'Forecasting', 'Merchandising', 'Product Design', 'Visual Design']",leadership and management | research and design | brand management | design and product | strategy and operations | supply chain systems | supply chain and logistics | innovation | marketing | product management | collaboration | entrepreneurship | retail sales | sales | strategy | business design | e-commerce | interactive design | product lifecycle | forecasting | merchandising | product design | visual design,"['leadership and management', 'strategy and operations', 'marketing', 'strategy']",0,0,0,0,0,0,0,0,0,0,0,1,0,0,1,0,0,0,0,0,0,0,1,1,0
Biostatistics in Public Health,"{"" Biostatistics"","" General Statistics"","" Probability & Statistics"","" Statistical Analysis"","" Statistical Tests"","" Data Analysis"","" Regression"","" Basic Descriptive Statistics"","" Critical Thinking"","" Estimation"","" Probability Distribution"","" Data Visualization"","" Problem Solving""}",4.8,2100.0,Beginner , 3 - 6 Months,"['Biostatistics', 'General Statistics', 'Probability & Statistics', 'Statistical Analysis', 'Statistical Tests', 'Data Analysis', 'Regression', 'Basic Descriptive Statistics', 'Critical Thinking', 'Estimation', 'Probability Distribution', 'Data Visualization', 'Problem Solving']",biostatistics | general statistics | probability & statistics | statistical analysis | statistical tests | data analysis | regression | basic descriptive statistics | critical thinking | estimation | probability distribution | data visualization | problem solving,"['probability & statistics', 'data analysis', 'critical thinking', 'problem solving']",0,0,0,0,0,1,1,0,0,0,0,0,0,0,0,0,1,1,0,0,0,0,0,0,0
Foundational Finance for Strategic Decision Making,"{"" Finance"","" Financial Analysis"","" Financial Management"","" Investment Management"","" Decision Making"","" Leadership and Management"","" Business Analysis"","" Critical Thinking"","" Financial Accounting"","" Payments"","" Accounting"","" Market Analysis"","" Microsoft Excel"","" Planning"","" Problem Solving"","" Strategy and Operations"","" Mathematics""}",4.7,1100.0,Beginner , 3 - 6 Months,"['Finance', 'Financial Analysis', 'Financial Management', 'Investment Management', 'Decision Making', 'Leadership and Management', 'Business Analysis', 'Critical Thinking', 'Financial Accounting', 'Payments', 'Accounting', 'Market Analysis', 'Microsoft Excel', 'Planning', 'Problem Solving', 'Strategy and Operations', 'Mathematics']",finance | financial analysis | financial management | investment management | decision making | leadership and management | business analysis | critical thinking | financial accounting | payments | accounting | market analysis | microsoft excel | planning | problem solving | strategy and operations | mathematics,"['finance', 'decision making', 'leadership and management', 'business analysis', 'critical thinking', 'planning', 'problem solving', 'strategy and operations']",0,1,0,0,0,1,0,0,1,1,0,1,0,0,0,1,0,1,0,0,0,0,0,1,0
Statistical Analysis with R for Public Health,"{"" Data Analysis"","" General Statistics"","" Probability & Statistics"","" Statistical Analysis"","" Statistical Tests"","" R Programming"","" Regression"","" Biostatistics"","" Statistical Programming"","" Basic Descriptive Statistics"","" Exploratory Data Analysis"","" Critical Thinking"","" Correlation And Dependence"","" Probability Distribution"","" Epidemiology""}",4.7,1900.0,Beginner , 3 - 6 Months,"['Data Analysis', 'General Statistics', 'Probability & Statistics', 'Statistical Analysis', 'Statistical Tests', 'R Programming', 'Regression', 'Biostatistics', 'Statistical Programming', 'Basic Descriptive Statistics', 'Exploratory Data Analysis', 'Critical Thinking', 'Correlation And Dependence', 'Probability Distribution', 'Epidemiology']",data analysis | general statistics | probability & statistics | statistical analysis | statistical tests | r programming | regression | biostatistics | statistical programming | basic descriptive statistics | exploratory data analysis | critical thinking | correlation and dependence | probability distribution | epidemiology,"['data analysis', 'probability & statistics', 'critical thinking']",0,0,0,0,0,1,1,0,0,0,0,0,0,0,0,0,1,0,0,0,0,0,0,0,0
Renewable Energy,"{"" Strategy and Operations"","" Leadership and Management"","" Planning"","" Systems Design"","" Project Management"","" Operations Management"","" Critical Thinking"","" Market Research"","" Operational Analysis"","" Strategy"","" Supply Chain and Logistics"","" Feature Engineering"","" General Statistics"","" Innovation"","" Operating Systems"","" Research and Design"","" Benefits"","" Change Management"","" Problem Solving"","" Product Strategy"","" Application Development"","" Finance"","" Financial Analysis"","" Financial Management"","" Marketing"","" Organizational Development"","" Technical Product Management""}",4.8,708.0,Beginner , 3 - 6 Months,"['Strategy and Operations', 'Leadership and Management', 'Planning', 'Systems Design', 'Project Management', 'Operations Management', 'Critical Thinking', 'Market Research', 'Operational Analysis', 'Strategy', 'Supply Chain and Logistics', 'Feature Engineering', 'General Statistics', 'Innovation', 'Operating Systems', 'Research and Design', 'Benefits', 'Change Management', 'Problem Solving', 'Product Strategy', 'Application Development', 'Finance', 'Financial Analysis', 'Financial Management', 'Marketing', 'Organizational Development', 'Technical Product Management']",strategy and operations | leadership and management | planning | systems design | project management | operations management | critical thinking | market research | operational analysis | strategy | supply chain and logistics | feature engineering | general statistics | innovation | operating systems | research and design | benefits | change management | problem solving | product strategy | application development | finance | financial analysis | financial management | marketing | organizational development | technical product management,"['strategy and operations', 'leadership and management', 'planning', 'project management', 'critical thinking', 'strategy', 'problem solving', 'finance', 'marketing']",0,0,0,0,0,1,0,0,0,1,0,1,0,0,1,1,0,1,1,0,0,0,1,1,0
"TESOL Certificate, Part 2: Teach English Now!","{"" Writing"","" Human Learning"","" Planning""}",4.9,3700.0,Beginner , 3 - 6 Months,"['Writing', 'Human Learning', 'Planning']",writing | human learning | planning,"['writing', 'human learning', 'planning']",0,0,0,0,0,0,0,0,0,0,1,0,0,0,0,1,0,0,0,0,0,0,0,0,1
Business Analytics,"{"" Data Analysis"","" Business Analysis"","" R Programming"","" Data Visualization"","" Exploratory Data Analysis"","" Data Analysis Software"","" Machine Learning"","" Statistical Machine Learning"","" Data Management"","" Interactive Data Visualization"","" Statistical Programming"","" Algorithms"","" Data Model"","" Extract"","" Transform"","" Load"","" Accounting"","" Communication"","" Customer Analysis"","" Data Mining"","" Data Visualization Software"","" Machine Learning Algorithms"","" Plot (Graphics)"","" Probability & Statistics"","" Statistical Analysis"","" Audit"","" Creativity"","" Market Research"","" Marketing"","" Natural Language Processing"","" Regression"","" Visual Design"","" Visualization (Computer Graphics)"","" Accounting Software"","" General Statistics"","" Market Analysis"","" Computer Programming""}",4.6,894.0,Beginner , 3 - 6 Months,"['Data Analysis', 'Business Analysis', 'R Programming', 'Data Visualization', 'Exploratory Data Analysis', 'Data Analysis Software', 'Machine Learning', 'Statistical Machine Learning', 'Data Management', 'Interactive Data Visualization', 'Statistical Programming', 'Algorithms', 'Data Model', 'Extract', 'Transform', 'Load', 'Accounting', 'Communication', 'Customer Analysis', 'Data Mining', 'Data Visualization Software', 'Machine Learning Algorithms', 'Plot (Graphics)', 'Probability & Statistics', 'Statistical Analysis', 'Audit', 'Creativity', 'Market Research', 'Marketing', 'Natural Language Processing', 'Regression', 'Visual Design', 'Visualization (Computer Graphics)', 'Accounting Software', 'General Statistics', 'Market Analysis', 'Computer Programming']",data analysis | business analysis | r programming | data visualization | exploratory data analysis | data analysis software | machine learning | statistical machine learning | data management | interactive data visualization | statistical programming | algorithms | data model | extract | transform | load | accounting | communication | customer analysis | data mining | data visualization software | machine learning algorithms | plot (graphics) | probability & statistics | statistical analysis | audit | creativity | market research | marketing | natural language processing | regression | visual design | visualization (computer graphics) | accounting software | general statistics | market analysis | computer programming,"['data analysis', 'business analysis', 'machine learning', 'data management', 'algorithms', 'communication', 'machine learning algorithms', 'probability & statistics', 'marketing', 'computer programming']",1,1,0,1,1,0,1,1,0,0,0,0,1,1,1,0,1,0,0,0,0,0,0,0,0
Fundamentals of Accounting,"{"" Accounting"","" Financial Analysis"","" Cost Accounting"","" Management Accounting"","" Financial Accounting"","" Leadership and Management"","" General Accounting"","" Finance"","" Account Management"","" Financial Management"","" Generally Accepted Accounting Principles (GAAP)"","" Accounts Payable and Receivable"","" Business Analysis"","" Decision Making"","" Data Analysis"","" Entrepreneurship"","" Strategy and Operations""}",4.6,1900.0,Beginner , 3 - 6 Months,"['Accounting', 'Financial Analysis', 'Cost Accounting', 'Management Accounting', 'Financial Accounting', 'Leadership and Management', 'General Accounting', 'Finance', 'Account Management', 'Financial Management', 'Generally Accepted Accounting Principles (GAAP)', 'Accounts Payable and Receivable', 'Business Analysis', 'Decision Making', 'Data Analysis', 'Entrepreneurship', 'Strategy and Operations']",accounting | financial analysis | cost accounting | management accounting | financial accounting | leadership and management | general accounting | finance | account management | financial management | generally accepted accounting principles (gaap) | accounts payable and receivable | business analysis | decision making | data analysis | entrepreneurship | strategy and operations,"['leadership and management', 'finance', 'business analysis', 'decision making', 'data analysis', 'strategy and operations']",0,1,0,0,0,0,1,0,1,1,0,1,0,0,0,0,0,0,0,0,0,0,0,1,0
User Experience Research and Design,"{"" User Experience"","" Research and Design"","" User Experience Design"","" User Research"","" Human Computer Interaction"","" Design and Product"","" People Analysis"","" Critical Thinking"","" Data Analysis"","" Survey Creation"","" Product Design"","" Communication"","" Interactive Design"","" Visual Design"","" Systems Design"","" Probability & Statistics""}",4.7,2000.0,Beginner , 3 - 6 Months,"['User Experience', 'Research and Design', 'User Experience Design', 'User Research', 'Human Computer Interaction', 'Design and Product', 'People Analysis', 'Critical Thinking', 'Data Analysis', 'Survey Creation', 'Product Design', 'Communication', 'Interactive Design', 'Visual Design', 'Systems Design', 'Probability & Statistics']",user experience | research and design | user experience design | user research | human computer interaction | design and product | people analysis | critical thinking | data analysis | survey creation | product design | communication | interactive design | visual design | systems design | probability & statistics,"['critical thinking', 'data analysis', 'communication', 'probability & statistics']",0,0,0,1,0,1,1,0,0,0,0,0,0,0,0,0,1,0,0,0,0,0,0,0,0
Goodwill® Career Coach and Navigator,"{"" Leadership and Management"","" Critical Thinking"","" Customer Relationship Management"","" Customer Success"","" Human Learning"","" People Management"","" Problem Solving"","" Professional Development"","" Recruitment""}",4.7,109.0,Beginner , 3 - 6 Months,"['Leadership and Management', 'Critical Thinking', 'Customer Relationship Management', 'Customer Success', 'Human Learning', 'People Management', 'Problem Solving', 'Professional Development', 'Recruitment']",leadership and management | critical thinking | customer relationship management | customer success | human learning | people management | problem solving | professional development | recruitment,"['leadership and management', 'critical thinking', 'human learning', 'problem solving']",0,0,0,0,0,1,0,0,0,0,1,1,0,0,0,0,0,1,0,0,0,0,0,0,0
Futures Thinking,"{"" Adaptability"","" Creativity"","" Forecasting"","" Critical Thinking"","" Innovation"","" Human Learning"","" Decision Making"","" Strategy"","" Problem Solving"","" Collaboration"","" Communication"","" People Analysis"","" Planning"","" Research and Design"","" Scientific Visualization"","" Strategy and Operations"","" Leadership and Management"","" Business Transformation"","" Experiment"","" Storytelling"","" Game Theory"","" Leadership Development""}",4.8,1600.0,Beginner , 3 - 6 Months,"['Adaptability', 'Creativity', 'Forecasting', 'Critical Thinking', 'Innovation', 'Human Learning', 'Decision Making', 'Strategy', 'Problem Solving', 'Collaboration', 'Communication', 'People Analysis', 'Planning', 'Research and Design', 'Scientific Visualization', 'Strategy and Operations', 'Leadership and Management', 'Business Transformation', 'Experiment', 'Storytelling', 'Game Theory', 'Leadership Development']",adaptability | creativity | forecasting | critical thinking | innovation | human learning | decision making | strategy | problem solving | collaboration | communication | people analysis | planning | research and design | scientific visualization | strategy and operations | leadership and management | business transformation | experiment | storytelling | game theory | leadership development,"['critical thinking', 'human learning', 'decision making', 'strategy', 'problem solving', 'communication', 'planning', 'strategy and operations', 'leadership and management']",0,0,0,1,0,1,0,0,1,0,1,1,0,0,0,1,0,1,0,0,0,0,1,1,0
Foundations of Data Structures and Algorithms,"{"" Algorithms"","" Theoretical Computer Science"","" Data Structures"","" Computer Programming"","" Graph Theory"","" Problem Solving"","" Computational Logic"","" Computational Thinking"","" Mathematical Theory & Analysis"","" Mathematics"","" Applied Mathematics"","" Python Programming""}",4.6,371.0,Advanced , 3 - 6 Months,"['Algorithms', 'Theoretical Computer Science', 'Data Structures', 'Computer Programming', 'Graph Theory', 'Problem Solving', 'Computational Logic', 'Computational Thinking', 'Mathematical Theory & Analysis', 'Mathematics', 'Applied Mathematics', 'Python Programming']",algorithms | theoretical computer science | data structures | computer programming | graph theory | problem solving | computational logic | computational thinking | mathematical theory & analysis | mathematics | applied mathematics | python programming,"['algorithms', 'computer programming', 'problem solving', 'python programming']",1,0,0,0,1,0,0,0,0,0,0,0,0,0,0,0,0,1,0,1,0,0,0,0,0
School Health for Children and Adolescents,"{"" Leadership and Management""}",4.8,2800.0,Beginner , 3 - 6 Months,['Leadership and Management'],leadership and management,['leadership and management'],0,0,0,0,0,0,0,0,0,0,0,1,0,0,0,0,0,0,0,0,0,0,0,0,0
First Step Korean,"{"" Communication"","" Culture"","" Writing""}",4.9,48500.0,Beginner , 1 - 3 Months,"['Communication', 'Culture', 'Writing']",communication | culture | writing,"['communication', 'writing']",0,0,0,1,0,0,0,0,0,0,0,0,0,0,0,0,0,0,0,0,0,0,0,0,1
Réussir le Changement,"{"" Change Management"","" Leadership and Management"","" Project Management"","" Strategy"","" Communication"","" Strategy and Operations"","" Organizational Development"","" People Management"","" Business Transformation"","" Performance Management""}",4.5,1900.0,Mixed , 1 - 3 Months,"['Change Management', 'Leadership and Management', 'Project Management', 'Strategy', 'Communication', 'Strategy and Operations', 'Organizational Development', 'People Management', 'Business Transformation', 'Performance Management']",change management | leadership and management | project management | strategy | communication | strategy and operations | organizational development | people management | business transformation | performance management,"['leadership and management', 'project management', 'strategy', 'communication', 'strategy and operations']",0,0,0,1,0,0,0,0,0,0,0,1,0,0,0,0,0,0,1,0,0,0,1,1,0
Self-Driving Cars,"{"" Algorithms"","" Machine Learning"","" Python Programming"","" Computer Programming"","" Mathematics"","" Theoretical Computer Science"","" Estimation"","" Mathematical Theory & Analysis"","" Probability & Statistics"","" Applied Machine Learning"","" Computer Vision"","" Software Engineering"","" Computer Programming Tools"","" Critical Thinking"","" Problem Solving"","" Strategy and Operations"","" Systems Design"","" General Statistics"","" Probability Distribution"","" Regression"","" Artificial Neural Networks"","" Planning""}",4.7,3300.0,Advanced , 3 - 6 Months,"['Algorithms', 'Machine Learning', 'Python Programming', 'Computer Programming', 'Mathematics', 'Theoretical Computer Science', 'Estimation', 'Mathematical Theory & Analysis', 'Probability & Statistics', 'Applied Machine Learning', 'Computer Vision', 'Software Engineering', 'Computer Programming Tools', 'Critical Thinking', 'Problem Solving', 'Strategy and Operations', 'Systems Design', 'General Statistics', 'Probability Distribution', 'Regression', 'Artificial Neural Networks', 'Planning']",algorithms | machine learning | python programming | computer programming | mathematics | theoretical computer science | estimation | mathematical theory & analysis | probability & statistics | applied machine learning | computer vision | software engineering | computer programming tools | critical thinking | problem solving | strategy and operations | systems design | general statistics | probability distribution | regression | artificial neural networks | planning,"['algorithms', 'machine learning', 'python programming', 'computer programming', 'probability & statistics', 'critical thinking', 'problem solving', 'strategy and operations', 'planning']",1,0,0,0,1,1,0,0,0,0,0,0,1,0,0,1,1,1,0,1,0,0,0,1,0
Assess for Success: Marketing Analytics and Measurement,"{"" Digital Marketing"","" Marketing"","" Marketing Management"","" Data Analysis"","" Media Strategy & Planning"","" Data Management"","" Market Analysis""}",4.6,1000.0,Beginner , 1 - 4 Weeks,"['Digital Marketing', 'Marketing', 'Marketing Management', 'Data Analysis', 'Media Strategy & Planning', 'Data Management', 'Market Analysis']",digital marketing | marketing | marketing management | data analysis | media strategy & planning | data management | market analysis,"['marketing', 'data analysis', 'data management']",0,0,0,0,0,0,1,1,0,0,0,0,0,0,1,0,0,0,0,0,0,0,0,0,0
Neuroscience and Neuroimaging,"{"" Statistical Programming"","" R Programming"","" Probability & Statistics"","" Data Management"","" Data Structures"","" Data Analysis"","" Statistical Analysis"","" Data Visualization"","" Visualization (Computer Graphics)"","" General Statistics"","" Research and Design"","" Experiment"","" Correlation And Dependence"","" Mathematical Theory & Analysis"","" Process Analysis"","" Spatial Analysis"","" Spatial Data Analysis"","" Bioinformatics"","" Extract"","" Transform"","" Load"","" Computer Programming""}",4.6,3100.0,Intermediate , 3 - 6 Months,"['Statistical Programming', 'R Programming', 'Probability & Statistics', 'Data Management', 'Data Structures', 'Data Analysis', 'Statistical Analysis', 'Data Visualization', 'Visualization (Computer Graphics)', 'General Statistics', 'Research and Design', 'Experiment', 'Correlation And Dependence', 'Mathematical Theory & Analysis', 'Process Analysis', 'Spatial Analysis', 'Spatial Data Analysis', 'Bioinformatics', 'Extract', 'Transform', 'Load', 'Computer Programming']",statistical programming | r programming | probability & statistics | data management | data structures | data analysis | statistical analysis | data visualization | visualization (computer graphics) | general statistics | research and design | experiment | correlation and dependence | mathematical theory & analysis | process analysis | spatial analysis | spatial data analysis | bioinformatics | extract | transform | load | computer programming,"['probability & statistics', 'data management', 'data analysis', 'computer programming']",0,0,0,0,1,0,1,1,0,0,0,0,0,0,0,0,1,0,0,0,0,0,0,0,0
Impact Measurement & Management for the SDGs,"{"" Entrepreneurship"","" Leadership and Management"","" Marketing"","" Sales"","" Strategy"","" Strategy and Operations"","" Business Psychology"","" Organizational Development"","" Business Process Management"","" Finance""}",4.8,487.0,Mixed , 1 - 3 Months,"['Entrepreneurship', 'Leadership and Management', 'Marketing', 'Sales', 'Strategy', 'Strategy and Operations', 'Business Psychology', 'Organizational Development', 'Business Process Management', 'Finance']",entrepreneurship | leadership and management | marketing | sales | strategy | strategy and operations | business psychology | organizational development | business process management | finance,"['leadership and management', 'marketing', 'strategy', 'strategy and operations', 'finance']",0,0,0,0,0,0,0,0,0,1,0,1,0,0,1,0,0,0,0,0,0,0,1,1,0
Introduction to Data Engineering,"{"" Data Engineering"","" Data Management"","" Extract"","" Transform"","" Load"","" Databases"","" Network Security"","" Big Data"","" Data Warehousing"","" Leadership and Management"","" SQL"","" Data Science"","" NoSQL""}",4.7,2100.0,Beginner , 1 - 4 Weeks,"['Data Engineering', 'Data Management', 'Extract', 'Transform', 'Load', 'Databases', 'Network Security', 'Big Data', 'Data Warehousing', 'Leadership and Management', 'SQL', 'Data Science', 'NoSQL']",data engineering | data management | extract | transform | load | databases | network security | big data | data warehousing | leadership and management | sql | data science | nosql,"['data management', 'leadership and management', 'sql']",0,0,0,0,0,0,0,1,0,0,0,1,0,0,0,0,0,0,0,0,0,1,0,0,0
Digital Product Management: Modern Fundamentals,"{"" Product Management"","" Leadership and Management"","" Planning"","" Product Strategy"","" Strategy""}",4.7,5000.0,Beginner , 1 - 4 Weeks,"['Product Management', 'Leadership and Management', 'Planning', 'Product Strategy', 'Strategy']",product management | leadership and management | planning | product strategy | strategy,"['leadership and management', 'planning', 'strategy']",0,0,0,0,0,0,0,0,0,0,0,1,0,0,0,1,0,0,0,0,0,0,1,0,0
An Introduction to Consumer Neuroscience & Neuromarketing,"{"" Business Psychology"","" Market Research"","" Marketing"","" Behavioral Economics"","" Customer Analysis"","" Decision Making"","" People Analysis"","" Emotional Intelligence"","" Experiment"","" Research and Design""}",4.7,3100.0,Beginner , 1 - 3 Months,"['Business Psychology', 'Market Research', 'Marketing', 'Behavioral Economics', 'Customer Analysis', 'Decision Making', 'People Analysis', 'Emotional Intelligence', 'Experiment', 'Research and Design']",business psychology | market research | marketing | behavioral economics | customer analysis | decision making | people analysis | emotional intelligence | experiment | research and design,"['marketing', 'decision making']",0,0,0,0,0,0,0,0,1,0,0,0,0,0,1,0,0,0,0,0,0,0,0,0,0
"Strategic Leadership: Impact, Change, and Decision-Making","{"" Leadership and Management"","" Critical Thinking"","" Leadership Development"","" Decision Making"","" Professional Development"","" Strategy"","" Strategy and Operations"","" People Development"","" People Management"","" People Analysis"","" Organizational Development"","" Problem Solving"","" Talent Management"","" Communication"","" Emotional Intelligence"","" Change Management"","" Human Resources"","" Business Analysis"","" Business Psychology"","" Entrepreneurship"","" Research and Design"","" Performance Management"","" Influencing""}",4.8,326.0,Beginner , 3 - 6 Months,"['Leadership and Management', 'Critical Thinking', 'Leadership Development', 'Decision Making', 'Professional Development', 'Strategy', 'Strategy and Operations', 'People Development', 'People Management', 'People Analysis', 'Organizational Development', 'Problem Solving', 'Talent Management', 'Communication', 'Emotional Intelligence', 'Change Management', 'Human Resources', 'Business Analysis', 'Business Psychology', 'Entrepreneurship', 'Research and Design', 'Performance Management', 'Influencing']",leadership and management | critical thinking | leadership development | decision making | professional development | strategy | strategy and operations | people development | people management | people analysis | organizational development | problem solving | talent management | communication | emotional intelligence | change management | human resources | business analysis | business psychology | entrepreneurship | research and design | performance management | influencing,"['leadership and management', 'critical thinking', 'decision making', 'strategy', 'strategy and operations', 'problem solving', 'communication', 'business analysis']",0,1,0,1,0,1,0,0,1,0,0,1,0,0,0,0,0,1,0,0,0,0,1,1,0
Fundamentals of Graphic Design,"{"" Communication"","" Computer Graphic Techniques"","" Computer Graphics"","" Creativity"","" Design and Product"","" Geometry"","" Graphic Design"","" Interactive Design"","" Visual Design"","" Visualization (Computer Graphics)""}",4.8,16800.0,Beginner , 1 - 3 Months,"['Communication', 'Computer Graphic Techniques', 'Computer Graphics', 'Creativity', 'Design and Product', 'Geometry', 'Graphic Design', 'Interactive Design', 'Visual Design', 'Visualization (Computer Graphics)']",communication | computer graphic techniques | computer graphics | creativity | design and product | geometry | graphic design | interactive design | visual design | visualization (computer graphics),['communication'],0,0,0,1,0,0,0,0,0,0,0,0,0,0,0,0,0,0,0,0,0,0,0,0,0
Healthcare IT Support,"{"" Problem Solving"","" Communication"","" Customer Support"","" Benefits""}",4.7,956.0,Beginner , 3 - 6 Months,"['Problem Solving', 'Communication', 'Customer Support', 'Benefits']",problem solving | communication | customer support | benefits,"['problem solving', 'communication']",0,0,0,1,0,0,0,0,0,0,0,0,0,0,0,0,0,1,0,0,0,0,0,0,0
Build Dynamic User Interfaces (UI) for Websites,"{"" User Experience"","" User Research"","" Web Design"","" Web Development Tools""}",4.8,2800.0,Beginner , 1 - 3 Months,"['User Experience', 'User Research', 'Web Design', 'Web Development Tools']",user experience | user research | web design | web development tools,[],0,0,0,0,0,0,0,0,0,0,0,0,0,0,0,0,0,0,0,0,0,0,0,0,0
Getting Started with Power BI Desktop,"{"" Business Intelligence"","" Data Analysis"","" Data Visualization"","" Interactive Data Visualization"","" Power BI""}",4.7,3500.0,Beginner , Less Than 2 Hours,"['Business Intelligence', 'Data Analysis', 'Data Visualization', 'Interactive Data Visualization', 'Power BI']",business intelligence | data analysis | data visualization | interactive data visualization | power bi,['data analysis'],0,0,0,0,0,0,1,0,0,0,0,0,0,0,0,0,0,0,0,0,0,0,0,0,0
Six Sigma Green Belt,"{"" Data Analysis"","" Probability & Statistics"","" Business Analysis"","" Process Analysis"","" Statistical Analysis"","" General Statistics"","" Operational Analysis"","" Business Process Management"","" Organizational Development"","" Performance Management"","" Problem Solving"","" Project Management"","" Statistical Tests"","" Statistical Visualization"","" Strategy and Operations"","" Decision Making"","" Leadership and Management"","" Mathematics"","" Operations Management"","" Basic Descriptive Statistics"","" Supply Chain and Logistics"","" Entrepreneurship"","" Planning"","" Probability Distribution"","" Customer Analysis"","" Mathematical Theory & Analysis"","" Experiment"","" Interactive Data Visualization"","" Interactive Design""}",4.7,4000.0,Intermediate , 3 - 6 Months,"['Data Analysis', 'Probability & Statistics', 'Business Analysis', 'Process Analysis', 'Statistical Analysis', 'General Statistics', 'Operational Analysis', 'Business Process Management', 'Organizational Development', 'Performance Management', 'Problem Solving', 'Project Management', 'Statistical Tests', 'Statistical Visualization', 'Strategy and Operations', 'Decision Making', 'Leadership and Management', 'Mathematics', 'Operations Management', 'Basic Descriptive Statistics', 'Supply Chain and Logistics', 'Entrepreneurship', 'Planning', 'Probability Distribution', 'Customer Analysis', 'Mathematical Theory & Analysis', 'Experiment', 'Interactive Data Visualization', 'Interactive Design']",data analysis | probability & statistics | business analysis | process analysis | statistical analysis | general statistics | operational analysis | business process management | organizational development | performance management | problem solving | project management | statistical tests | statistical visualization | strategy and operations | decision making | leadership and management | mathematics | operations management | basic descriptive statistics | supply chain and logistics | entrepreneurship | planning | probability distribution | customer analysis | mathematical theory & analysis | experiment | interactive data visualization | interactive design,"['data analysis', 'probability & statistics', 'business analysis', 'problem solving', 'project management', 'strategy and operations', 'decision making', 'leadership and management', 'planning']",0,1,0,0,0,0,1,0,1,0,0,1,0,0,0,1,1,1,1,0,0,0,0,1,0
Probability & Statistics for Machine Learning & Data Science,"{"" General Statistics"","" Probability & Statistics"","" Statistical Analysis""}",4.6,181.0,Beginner , 1 - 4 Weeks,"['General Statistics', 'Probability & Statistics', 'Statistical Analysis']",general statistics | probability & statistics | statistical analysis,['probability & statistics'],0,0,0,0,0,0,0,0,0,0,0,0,0,0,0,0,1,0,0,0,0,0,0,0,0
FPGA Design for Embedded Systems,"{"" Hardware Design"","" Computational Logic"","" Computer Architecture"","" Leadership and Management"","" Design and Product"","" Microarchitecture"","" Systems Design"","" Computer Programming Tools"","" Critical Thinking"","" Computer Programming"","" Programming Principles"","" System Programming""}",4.5,1600.0,Intermediate , 3 - 6 Months,"['Hardware Design', 'Computational Logic', 'Computer Architecture', 'Leadership and Management', 'Design and Product', 'Microarchitecture', 'Systems Design', 'Computer Programming Tools', 'Critical Thinking', 'Computer Programming', 'Programming Principles', 'System Programming']",hardware design | computational logic | computer architecture | leadership and management | design and product | microarchitecture | systems design | computer programming tools | critical thinking | computer programming | programming principles | system programming,"['leadership and management', 'critical thinking', 'computer programming']",0,0,0,0,1,1,0,0,0,0,0,1,0,0,0,0,0,0,0,0,0,0,0,0,0
AWS Cloud Technical Essentials,"{"" Amazon Web Services"","" Cloud Computing"","" Cloud Storage"","" Leadership and Management""}",4.8,4300.0,Beginner , 1 - 3 Months,"['Amazon Web Services', 'Cloud Computing', 'Cloud Storage', 'Leadership and Management']",amazon web services | cloud computing | cloud storage | leadership and management,"['cloud computing', 'leadership and management']",0,0,1,0,0,0,0,0,0,0,0,1,0,0,0,0,0,0,0,0,0,0,0,0,0
Market Research,"{"" Market Research"","" Research and Design"","" Marketing"","" Market Analysis"","" Communication"","" Business Research"","" Data Analysis"","" User Research"","" Critical Thinking"","" Decision Making"","" Strategy"","" Survey Creation"","" Business Communication"","" Customer Analysis"","" Exploratory Data Analysis"","" Planning"","" General Statistics"","" Data Visualization"","" Probability & Statistics"","" Problem Solving"","" Storytelling"","" Visual Design"","" Writing"","" Digital Marketing""}",4.6,1300.0,Beginner , 3 - 6 Months,"['Market Research', 'Research and Design', 'Marketing', 'Market Analysis', 'Communication', 'Business Research', 'Data Analysis', 'User Research', 'Critical Thinking', 'Decision Making', 'Strategy', 'Survey Creation', 'Business Communication', 'Customer Analysis', 'Exploratory Data Analysis', 'Planning', 'General Statistics', 'Data Visualization', 'Probability & Statistics', 'Problem Solving', 'Storytelling', 'Visual Design', 'Writing', 'Digital Marketing']",market research | research and design | marketing | market analysis | communication | business research | data analysis | user research | critical thinking | decision making | strategy | survey creation | business communication | customer analysis | exploratory data analysis | planning | general statistics | data visualization | probability & statistics | problem solving | storytelling | visual design | writing | digital marketing,"['marketing', 'communication', 'data analysis', 'critical thinking', 'decision making', 'strategy', 'planning', 'probability & statistics', 'problem solving', 'writing']",0,0,0,1,0,1,1,0,1,0,0,0,0,0,1,1,1,1,0,0,0,0,1,0,1
Forensic Accounting and Fraud Examination,"{"" Accounting"","" Audit"","" Critical Thinking"","" Financial Accounting"","" Risk Management"","" Regulations and Compliance"","" Data Analysis"","" Finance"","" Problem Solving"","" Leadership and Management""}",4.7,5400.0,Mixed , 1 - 3 Months,"['Accounting', 'Audit', 'Critical Thinking', 'Financial Accounting', 'Risk Management', 'Regulations and Compliance', 'Data Analysis', 'Finance', 'Problem Solving', 'Leadership and Management']",accounting | audit | critical thinking | financial accounting | risk management | regulations and compliance | data analysis | finance | problem solving | leadership and management,"['critical thinking', 'risk management', 'data analysis', 'finance', 'problem solving', 'leadership and management']",0,0,0,0,0,1,1,0,0,1,0,1,0,0,0,0,0,1,0,0,1,0,0,0,0
Coding for Everyone: C and C++,"{"" C Programming Language Family"","" Computer Programming"","" Programming Principles"","" Algorithms"","" Data Structures"","" C++ Programming"","" Computational Logic"","" Computer Programming Tools"","" Computational Thinking"","" Critical Thinking"","" Mathematics"","" Problem Solving"","" Graph Theory"","" Theoretical Computer Science""}",4.5,8900.0,Beginner , 3 - 6 Months,"['C Programming Language Family', 'Computer Programming', 'Programming Principles', 'Algorithms', 'Data Structures', 'C++ Programming', 'Computational Logic', 'Computer Programming Tools', 'Computational Thinking', 'Critical Thinking', 'Mathematics', 'Problem Solving', 'Graph Theory', 'Theoretical Computer Science']",c programming language family | computer programming | programming principles | algorithms | data structures | c++ programming | computational logic | computer programming tools | computational thinking | critical thinking | mathematics | problem solving | graph theory | theoretical computer science,"['computer programming', 'algorithms', 'critical thinking', 'problem solving']",1,0,0,0,1,1,0,0,0,0,0,0,0,0,0,0,0,1,0,0,0,0,0,0,0
Digital Manufacturing & Design Technology,"{"" Design and Product"","" Leadership and Management"","" Product Lifecycle"","" Product Management"","" Strategy and Operations"","" Product Development"","" Business Process Management"","" Product Design"","" Supply Chain Systems"","" Data Management"","" Systems Design"","" Computer Networking"","" Supply Chain and Logistics"","" Human Computer Interaction"","" Process Analysis"","" Technical Product Management"","" Data Analysis"","" Project Management"","" System Security"","" Business Transformation"","" Cloud Computing"","" Cyberattacks"","" Operations Management"","" Security Engineering"","" Big Data"","" Cloud Storage"","" Communication"","" Computer Architecture"","" Computer Security Models"","" Network Security"","" Security Software"","" Security Strategy"","" Software Security"","" Supplier Relationship Management"","" Data Analysis Software"","" Digital Marketing"","" Machine Learning"","" Computer Security Incident Management"","" Data Visualization"","" Internet Of Things"","" Exploratory Data Analysis"","" Business Communication"","" Marketing""}",4.6,6600.0,Beginner , 3 - 6 Months,"['Design and Product', 'Leadership and Management', 'Product Lifecycle', 'Product Management', 'Strategy and Operations', 'Product Development', 'Business Process Management', 'Product Design', 'Supply Chain Systems', 'Data Management', 'Systems Design', 'Computer Networking', 'Supply Chain and Logistics', 'Human Computer Interaction', 'Process Analysis', 'Technical Product Management', 'Data Analysis', 'Project Management', 'System Security', 'Business Transformation', 'Cloud Computing', 'Cyberattacks', 'Operations Management', 'Security Engineering', 'Big Data', 'Cloud Storage', 'Communication', 'Computer Architecture', 'Computer Security Models', 'Network Security', 'Security Software', 'Security Strategy', 'Software Security', 'Supplier Relationship Management', 'Data Analysis Software', 'Digital Marketing', 'Machine Learning', 'Computer Security Incident Management', 'Data Visualization', 'Internet Of Things', 'Exploratory Data Analysis', 'Business Communication', 'Marketing']",design and product | leadership and management | product lifecycle | product management | strategy and operations | product development | business process management | product design | supply chain systems | data management | systems design | computer networking | supply chain and logistics | human computer interaction | process analysis | technical product management | data analysis | project management | system security | business transformation | cloud computing | cyberattacks | operations management | security engineering | big data | cloud storage | communication | computer architecture | computer security models | network security | security software | security strategy | software security | supplier relationship management | data analysis software | digital marketing | machine learning | computer security incident management | data visualization | internet of things | exploratory data analysis | business communication | marketing,"['leadership and management', 'strategy and operations', 'data management', 'data analysis', 'project management', 'cloud computing', 'communication', 'machine learning', 'marketing']",0,0,1,1,0,0,1,1,0,0,0,1,1,0,1,0,0,0,1,0,0,0,0,1,0
Understanding Clinical Research: Behind the Statistics,"{"" Basic Descriptive Statistics"","" Data Analysis"","" General Statistics"","" Probability & Statistics"","" Statistical Tests"","" Critical Thinking"","" Biostatistics"","" Clinical Data Management"","" Statistical Visualization""}",4.8,3300.0,Beginner , 1 - 3 Months,"['Basic Descriptive Statistics', 'Data Analysis', 'General Statistics', 'Probability & Statistics', 'Statistical Tests', 'Critical Thinking', 'Biostatistics', 'Clinical Data Management', 'Statistical Visualization']",basic descriptive statistics | data analysis | general statistics | probability & statistics | statistical tests | critical thinking | biostatistics | clinical data management | statistical visualization,"['data analysis', 'probability & statistics', 'critical thinking']",0,0,0,0,0,1,1,0,0,0,0,0,0,0,0,0,1,0,0,0,0,0,0,0,0
Practical Guide to Trading,"{"" Finance"","" Investment Management"","" Financial Analysis"","" Leadership and Management"","" Risk Management"","" Securities Trading"","" Financial Management"","" Market Analysis"","" Strategy"","" Strategy and Operations"","" Business Analysis"","" Accounting"","" Data Analysis"","" Securities Sales"","" Taxes""}",4.4,485.0,Beginner , 3 - 6 Months,"['Finance', 'Investment Management', 'Financial Analysis', 'Leadership and Management', 'Risk Management', 'Securities Trading', 'Financial Management', 'Market Analysis', 'Strategy', 'Strategy and Operations', 'Business Analysis', 'Accounting', 'Data Analysis', 'Securities Sales', 'Taxes']",finance | investment management | financial analysis | leadership and management | risk management | securities trading | financial management | market analysis | strategy | strategy and operations | business analysis | accounting | data analysis | securities sales | taxes,"['finance', 'leadership and management', 'risk management', 'strategy', 'strategy and operations', 'business analysis', 'data analysis']",0,1,0,0,0,0,1,0,0,1,0,1,0,0,0,0,0,0,0,0,1,0,1,1,0
Meta AR Developer,"{"" Javascript""}",4.6,84.0,Intermediate , 3 - 6 Months,['Javascript'],javascript,[],0,0,0,0,0,0,0,0,0,0,0,0,0,0,0,0,0,0,0,0,0,0,0,0,0
Health Informatics,"{"" Leadership and Management"","" Data Analysis"","" Data Management"","" Clinical Data Management"","" Decision Making"","" Systems Design"","" Data Model"","" Data Structures"","" Databases"","" User Experience"","" Change Management"","" Critical Thinking"","" Human Computer Interaction"","" Big Data"","" Data Analysis Software"","" Database Design"","" Database Theory"","" Process Analysis"","" Project Management"","" Data Science"","" Health""}",4.4,746.0,Beginner , 3 - 6 Months,"['Leadership and Management', 'Data Analysis', 'Data Management', 'Clinical Data Management', 'Decision Making', 'Systems Design', 'Data Model', 'Data Structures', 'Databases', 'User Experience', 'Change Management', 'Critical Thinking', 'Human Computer Interaction', 'Big Data', 'Data Analysis Software', 'Database Design', 'Database Theory', 'Process Analysis', 'Project Management', 'Data Science', 'Health']",leadership and management | data analysis | data management | clinical data management | decision making | systems design | data model | data structures | databases | user experience | change management | critical thinking | human computer interaction | big data | data analysis software | database design | database theory | process analysis | project management | data science | health,"['leadership and management', 'data analysis', 'data management', 'decision making', 'critical thinking', 'project management']",0,0,0,0,0,1,1,1,1,0,0,1,0,0,0,0,0,0,1,0,0,0,0,0,0
PostgreSQL for Everybody,"{"" SQL"","" Databases"","" Database Design"","" PostgreSQL"","" Database Application"","" Data Management"","" Database Theory"","" Data Structures"","" Python Programming"","" Data Architecture"","" NoSQL"","" Data Model"","" Natural Language Processing""}",4.7,1000.0,Intermediate , 3 - 6 Months,"['SQL', 'Databases', 'Database Design', 'PostgreSQL', 'Database Application', 'Data Management', 'Database Theory', 'Data Structures', 'Python Programming', 'Data Architecture', 'NoSQL', 'Data Model', 'Natural Language Processing']",sql | databases | database design | postgresql | database application | data management | database theory | data structures | python programming | data architecture | nosql | data model | natural language processing,"['sql', 'data management', 'python programming']",0,0,0,0,0,0,0,1,0,0,0,0,0,0,0,0,0,0,0,1,0,1,0,0,0
Introduction to Software Engineering,"{"" Software Engineering"","" Computer Programming"","" Software Engineering Tools"","" Application Development"","" Programming Principles"","" Software Architecture"","" Agile Software Development"","" Communication"","" Product Management"","" Software-Defined Networking"","" Python Programming""}",4.7,581.0,Beginner , 1 - 3 Months,"['Software Engineering', 'Computer Programming', 'Software Engineering Tools', 'Application Development', 'Programming Principles', 'Software Architecture', 'Agile Software Development', 'Communication', 'Product Management', 'Software-Defined Networking', 'Python Programming']",software engineering | computer programming | software engineering tools | application development | programming principles | software architecture | agile software development | communication | product management | software-defined networking | python programming,"['computer programming', 'communication', 'python programming']",0,0,0,1,1,0,0,0,0,0,0,0,0,0,0,0,0,0,0,1,0,0,0,0,0
Positive Psychiatry and Mental Health,"{"" Resilience""}",4.8,3400.0,Mixed , 1 - 3 Months,['Resilience'],resilience,[],0,0,0,0,0,0,0,0,0,0,0,0,0,0,0,0,0,0,0,0,0,0,0,0,0
Machine Learning Data Lifecycle in Production,"{"" Python Programming"","" Statistical Programming"","" Tensorflow"","" Exploratory Data Analysis"","" Feature Engineering"","" Machine Learning"","" Probability & Statistics""}",4.3,754.0,Advanced , 1 - 4 Weeks,"['Python Programming', 'Statistical Programming', 'Tensorflow', 'Exploratory Data Analysis', 'Feature Engineering', 'Machine Learning', 'Probability & Statistics']",python programming | statistical programming | tensorflow | exploratory data analysis | feature engineering | machine learning | probability & statistics,"['python programming', 'machine learning', 'probability & statistics']",0,0,0,0,0,0,0,0,0,0,0,0,1,0,0,0,1,0,0,1,0,0,0,0,0
Healthy and Sustainable Foods and Products,"{"" Product Lifecycle""}",3.9,24.0,Intermediate , 3 - 6 Months,['Product Lifecycle'],product lifecycle,[],0,0,0,0,0,0,0,0,0,0,0,0,0,0,0,0,0,0,0,0,0,0,0,0,0
Corporate Strategy,"{"" Entrepreneurship"","" Leadership and Management"","" Marketing"","" Sales"","" Strategy"","" Strategy and Operations"","" Finance"","" Mergers & Acquisitions"","" Business Development""}",4.8,1900.0,Beginner , 1 - 4 Weeks,"['Entrepreneurship', 'Leadership and Management', 'Marketing', 'Sales', 'Strategy', 'Strategy and Operations', 'Finance', 'Mergers & Acquisitions', 'Business Development']",entrepreneurship | leadership and management | marketing | sales | strategy | strategy and operations | finance | mergers & acquisitions | business development,"['leadership and management', 'marketing', 'strategy', 'strategy and operations', 'finance']",0,0,0,0,0,0,0,0,0,1,0,1,0,0,1,0,0,0,0,0,0,0,1,1,0
Healthcare Law,"{"" Regulations and Compliance"","" Leadership and Management"","" Innovation"","" Strategy"","" System Security"","" Critical Thinking"","" Data Management"","" Risk Management"","" Strategy and Operations"","" Research and Design""}",4.7,411.0,Intermediate , 3 - 6 Months,"['Regulations and Compliance', 'Leadership and Management', 'Innovation', 'Strategy', 'System Security', 'Critical Thinking', 'Data Management', 'Risk Management', 'Strategy and Operations', 'Research and Design']",regulations and compliance | leadership and management | innovation | strategy | system security | critical thinking | data management | risk management | strategy and operations | research and design,"['leadership and management', 'strategy', 'critical thinking', 'data management', 'risk management', 'strategy and operations']",0,0,0,0,0,1,0,1,0,0,0,1,0,0,0,0,0,0,0,0,1,0,1,1,0
Financial Management,"{"" Financial Management"","" Finance"","" Financial Analysis"","" Financial Accounting"","" Leadership and Management"","" Accounting"","" Investment Management"","" Risk Management"","" Cash Management"","" Accounts Payable and Receivable"","" General Accounting"","" Management Accounting"","" Account Management"","" Corporate Accouting"","" Generally Accepted Accounting Principles (GAAP)"","" Cost Accounting"","" Decision Making"","" Market Analysis"","" Securities Trading"","" Strategy"","" Correlation And Dependence"","" Taxes"","" Mergers & Acquisitions""}",4.7,6400.0,Intermediate , 3 - 6 Months,"['Financial Management', 'Finance', 'Financial Analysis', 'Financial Accounting', 'Leadership and Management', 'Accounting', 'Investment Management', 'Risk Management', 'Cash Management', 'Accounts Payable and Receivable', 'General Accounting', 'Management Accounting', 'Account Management', 'Corporate Accouting', 'Generally Accepted Accounting Principles (GAAP)', 'Cost Accounting', 'Decision Making', 'Market Analysis', 'Securities Trading', 'Strategy', 'Correlation And Dependence', 'Taxes', 'Mergers & Acquisitions']",financial management | finance | financial analysis | financial accounting | leadership and management | accounting | investment management | risk management | cash management | accounts payable and receivable | general accounting | management accounting | account management | corporate accouting | generally accepted accounting principles (gaap) | cost accounting | decision making | market analysis | securities trading | strategy | correlation and dependence | taxes | mergers & acquisitions,"['finance', 'leadership and management', 'risk management', 'decision making', 'strategy']",0,0,0,0,0,0,0,0,1,1,0,1,0,0,0,0,0,0,0,0,1,0,1,0,0
Digital Technologies and the Future of Manufacturing,"{"" Product Management"","" Leadership and Management"","" Strategy and Operations"","" Design and Product"","" Strategy"","" Product Lifecycle"","" Feature Engineering"","" Business Process Management"","" Innovation"","" Internet Of Things"","" Operations Management"","" Technical Product Management"","" Entrepreneurship"","" Product Strategy"","" Cloud-Based Integration"","" Organizational Development""}",4.6,199.0,Beginner , 1 - 3 Months,"['Product Management', 'Leadership and Management', 'Strategy and Operations', 'Design and Product', 'Strategy', 'Product Lifecycle', 'Feature Engineering', 'Business Process Management', 'Innovation', 'Internet Of Things', 'Operations Management', 'Technical Product Management', 'Entrepreneurship', 'Product Strategy', 'Cloud-Based Integration', 'Organizational Development']",product management | leadership and management | strategy and operations | design and product | strategy | product lifecycle | feature engineering | business process management | innovation | internet of things | operations management | technical product management | entrepreneurship | product strategy | cloud-based integration | organizational development,"['leadership and management', 'strategy and operations', 'strategy']",0,0,0,0,0,0,0,0,0,0,0,1,0,0,0,0,0,0,0,0,0,0,1,1,0
Java FullStack Developer,"{"" Algorithms"","" Computer Programming"","" Java Programming"","" Javascript"","" Web Development""}",4.4,71.0,Intermediate , 1 - 3 Months,"['Algorithms', 'Computer Programming', 'Java Programming', 'Javascript', 'Web Development']",algorithms | computer programming | java programming | javascript | web development,"['algorithms', 'computer programming']",1,0,0,0,1,0,0,0,0,0,0,0,0,0,0,0,0,0,0,0,0,0,0,0,0
The Path to Insights: Data Models and Pipelines,"{"" Data Management"","" Data Model"","" Extract"","" Transform"","" Load""}",4.7,262.0,Advanced , 1 - 4 Weeks,"['Data Management', 'Data Model', 'Extract', 'Transform', 'Load']",data management | data model | extract | transform | load,['data management'],0,0,0,0,0,0,0,1,0,0,0,0,0,0,0,0,0,0,0,0,0,0,0,0,0
Write Professional Emails in English,"{"" Writing"","" Business Communication"","" Professional Development""}",4.8,16700.0,Mixed , 1 - 3 Months,"['Writing', 'Business Communication', 'Professional Development']",writing | business communication | professional development,['writing'],0,0,0,0,0,0,0,0,0,0,0,0,0,0,0,0,0,0,0,0,0,0,0,0,1
Game Design: Art and Concepts,"{"" Creativity"","" Storytelling"","" Writing""}",4.7,3800.0,Beginner , 3 - 6 Months,"['Creativity', 'Storytelling', 'Writing']",creativity | storytelling | writing,['writing'],0,0,0,0,0,0,0,0,0,0,0,0,0,0,0,0,0,0,0,0,0,0,0,0,1
Convolutional Neural Networks in TensorFlow,"{"" Machine Learning"","" Deep Learning"","" Machine Learning Algorithms"","" Applied Machine Learning"","" Artificial Neural Networks"","" Computer Vision"","" Human Learning"","" Tensorflow"","" Python Programming"","" Machine Learning Software""}",4.7,7900.0,Intermediate , 1 - 4 Weeks,"['Machine Learning', 'Deep Learning', 'Machine Learning Algorithms', 'Applied Machine Learning', 'Artificial Neural Networks', 'Computer Vision', 'Human Learning', 'Tensorflow', 'Python Programming', 'Machine Learning Software']",machine learning | deep learning | machine learning algorithms | applied machine learning | artificial neural networks | computer vision | human learning | tensorflow | python programming | machine learning software,"['machine learning', 'machine learning algorithms', 'human learning', 'python programming']",0,0,0,0,0,0,0,0,0,0,1,0,1,1,0,0,0,0,0,1,0,0,0,0,0
Work Smarter with Microsoft Excel,"{"" Critical Thinking"","" Data Analysis"","" Data Visualization"","" Microsoft Excel"","" Spreadsheet Software"","" Data Analysis Software"","" Data Model"","" Databases"","" Operational Analysis"","" Visual Design""}",4.7,1500.0,Beginner , 1 - 3 Months,"['Critical Thinking', 'Data Analysis', 'Data Visualization', 'Microsoft Excel', 'Spreadsheet Software', 'Data Analysis Software', 'Data Model', 'Databases', 'Operational Analysis', 'Visual Design']",critical thinking | data analysis | data visualization | microsoft excel | spreadsheet software | data analysis software | data model | databases | operational analysis | visual design,"['critical thinking', 'data analysis']",0,0,0,0,0,1,1,0,0,0,0,0,0,0,0,0,0,0,0,0,0,0,0,0,0
Managerial Accounting Fundamentals,"{"" Accounting"","" Cost Accounting"","" Leadership and Management"","" Management Accounting"","" Account Management"","" Financial Accounting"","" Budget Management"","" General Accounting"","" Finance"","" Generally Accepted Accounting Principles (GAAP)""}",4.8,721.0,Beginner , 1 - 4 Weeks,"['Accounting', 'Cost Accounting', 'Leadership and Management', 'Management Accounting', 'Account Management', 'Financial Accounting', 'Budget Management', 'General Accounting', 'Finance', 'Generally Accepted Accounting Principles (GAAP)']",accounting | cost accounting | leadership and management | management accounting | account management | financial accounting | budget management | general accounting | finance | generally accepted accounting principles (gaap),"['leadership and management', 'finance']",0,0,0,0,0,0,0,0,0,1,0,1,0,0,0,0,0,0,0,0,0,0,0,0,0
Learn Spanish: Basic Spanish Vocabulary,"{"" Communication"","" Writing"","" Culture""}",4.6,3500.0,Beginner , 3 - 6 Months,"['Communication', 'Writing', 'Culture']",communication | writing | culture,"['communication', 'writing']",0,0,0,1,0,0,0,0,0,0,0,0,0,0,0,0,0,0,0,0,0,0,0,0,1
Extended Reality for Everybody,"{"" Human Computer Interaction"","" Virtual Reality"","" Computer Graphics"","" Interactive Design"","" User Experience"","" User Experience Design"","" Design and Product"","" Research and Design"","" Application Development"","" Product Development"","" Computer Programming"","" Product Design"","" Visual Design"","" Systems Design""}",4.6,423.0,Beginner , 1 - 3 Months,"['Human Computer Interaction', 'Virtual Reality', 'Computer Graphics', 'Interactive Design', 'User Experience', 'User Experience Design', 'Design and Product', 'Research and Design', 'Application Development', 'Product Development', 'Computer Programming', 'Product Design', 'Visual Design', 'Systems Design']",human computer interaction | virtual reality | computer graphics | interactive design | user experience | user experience design | design and product | research and design | application development | product development | computer programming | product design | visual design | systems design,['computer programming'],0,0,0,0,1,0,0,0,0,0,0,0,0,0,0,0,0,0,0,0,0,0,0,0,0
Data Management for Clinical Research,"{"" Clinical Data Management"","" Data Management"","" Data Structures"","" Planning"","" Critical Thinking"","" Database Administration""}",4.7,1500.0,Beginner , 1 - 3 Months,"['Clinical Data Management', 'Data Management', 'Data Structures', 'Planning', 'Critical Thinking', 'Database Administration']",clinical data management | data management | data structures | planning | critical thinking | database administration,"['data management', 'planning', 'critical thinking']",0,0,0,0,0,1,0,1,0,0,0,0,0,0,0,1,0,0,0,0,0,0,0,0,0
Data Analysis with R,"{"" General Statistics"","" Probability & Statistics"","" Statistical Analysis"","" Data Analysis"","" Statistical Tests"","" Probability Distribution"","" R Programming"","" Statistical Programming"","" Basic Descriptive Statistics"","" Statistical Visualization"","" Bayesian Statistics"","" Exploratory Data Analysis"","" Plot (Graphics)"","" Problem Solving"","" Critical Thinking"","" Correlation And Dependence"","" Regression"","" Bayesian Network"","" Computer Programming""}",4.7,7100.0,Beginner , 3 - 6 Months,"['General Statistics', 'Probability & Statistics', 'Statistical Analysis', 'Data Analysis', 'Statistical Tests', 'Probability Distribution', 'R Programming', 'Statistical Programming', 'Basic Descriptive Statistics', 'Statistical Visualization', 'Bayesian Statistics', 'Exploratory Data Analysis', 'Plot (Graphics)', 'Problem Solving', 'Critical Thinking', 'Correlation And Dependence', 'Regression', 'Bayesian Network', 'Computer Programming']",general statistics | probability & statistics | statistical analysis | data analysis | statistical tests | probability distribution | r programming | statistical programming | basic descriptive statistics | statistical visualization | bayesian statistics | exploratory data analysis | plot (graphics) | problem solving | critical thinking | correlation and dependence | regression | bayesian network | computer programming,"['probability & statistics', 'data analysis', 'problem solving', 'critical thinking', 'computer programming']",0,0,0,0,1,1,1,0,0,0,0,0,0,0,0,0,1,1,0,0,0,0,0,0,0
Build a Modern Computer from First Principles: From Nand to Tetris (Project-Centered Course),"{"" Computational Logic"","" Computer Architecture"","" Computer Programming"","" Hardware Design"","" Theoretical Computer Science"","" Computer Programming Tools"","" Critical Thinking"","" Problem Solving"","" Systems Design""}",4.9,3500.0,Mixed , 1 - 3 Months,"['Computational Logic', 'Computer Architecture', 'Computer Programming', 'Hardware Design', 'Theoretical Computer Science', 'Computer Programming Tools', 'Critical Thinking', 'Problem Solving', 'Systems Design']",computational logic | computer architecture | computer programming | hardware design | theoretical computer science | computer programming tools | critical thinking | problem solving | systems design,"['computer programming', 'critical thinking', 'problem solving']",0,0,0,0,1,1,0,0,0,0,0,0,0,0,0,0,0,1,0,0,0,0,0,0,0
Behavioral Finance,"{"" Behavioral Economics"","" Business Psychology"","" Critical Thinking"","" Decision Making"","" Finance"","" Investment Management"","" People Analysis"","" Probability & Statistics"","" Problem Solving"","" Strategy""}",4.4,3800.0,Beginner , 1 - 4 Weeks,"['Behavioral Economics', 'Business Psychology', 'Critical Thinking', 'Decision Making', 'Finance', 'Investment Management', 'People Analysis', 'Probability & Statistics', 'Problem Solving', 'Strategy']",behavioral economics | business psychology | critical thinking | decision making | finance | investment management | people analysis | probability & statistics | problem solving | strategy,"['critical thinking', 'decision making', 'finance', 'probability & statistics', 'problem solving', 'strategy']",0,0,0,0,0,1,0,0,1,1,0,0,0,0,0,0,1,1,0,0,0,0,1,0,0
Customer Experiences with Contact Center AI - Dialogflow CX,"{"" Machine Learning"","" Natural Language Processing"","" User Experience"","" Design and Product"","" Application Development"","" Google Cloud Platform"","" Interactive Design"","" Human Computer Interaction"","" Cloud-Based Integration"","" Machine Learning Software"","" Strategy and Operations"","" User Experience Design"","" Applied Machine Learning"","" Computer Architecture"","" Customer Relationship Management"","" Search Engine Optimization"","" Computer Programming Tools"","" Customer Success"","" Data Management"","" Operations Management""}",4.4,219.0,Beginner , 3 - 6 Months,"['Machine Learning', 'Natural Language Processing', 'User Experience', 'Design and Product', 'Application Development', 'Google Cloud Platform', 'Interactive Design', 'Human Computer Interaction', 'Cloud-Based Integration', 'Machine Learning Software', 'Strategy and Operations', 'User Experience Design', 'Applied Machine Learning', 'Computer Architecture', 'Customer Relationship Management', 'Search Engine Optimization', 'Computer Programming Tools', 'Customer Success', 'Data Management', 'Operations Management']",machine learning | natural language processing | user experience | design and product | application development | google cloud platform | interactive design | human computer interaction | cloud-based integration | machine learning software | strategy and operations | user experience design | applied machine learning | computer architecture | customer relationship management | search engine optimization | computer programming tools | customer success | data management | operations management,"['machine learning', 'strategy and operations', 'data management']",0,0,0,0,0,0,0,1,0,0,0,0,1,0,0,0,0,0,0,0,0,0,0,1,0
"Introduction to Web Development with HTML, CSS, JavaScript","{"" Web Development"","" Cloud Applications"","" Javascript""}",4.6,1700.0,Beginner , 1 - 3 Months,"['Web Development', 'Cloud Applications', 'Javascript']",web development | cloud applications | javascript,[],0,0,0,0,0,0,0,0,0,0,0,0,0,0,0,0,0,0,0,0,0,0,0,0,0
Organizational Leadership,"{"" Leadership and Management"","" Communication"","" Leadership Development"","" Strategy and Operations"","" Critical Thinking"","" Decision Making"","" Strategy"","" Business Psychology"","" Collaboration"","" People Analysis"","" People Development"","" Performance Management"","" Influencing"","" Organizational Development"","" Change Management"","" Employee Relations"","" Negotiation"","" Marketing"","" Innovation"","" Storytelling""}",4.7,4500.0,Intermediate , 3 - 6 Months,"['Leadership and Management', 'Communication', 'Leadership Development', 'Strategy and Operations', 'Critical Thinking', 'Decision Making', 'Strategy', 'Business Psychology', 'Collaboration', 'People Analysis', 'People Development', 'Performance Management', 'Influencing', 'Organizational Development', 'Change Management', 'Employee Relations', 'Negotiation', 'Marketing', 'Innovation', 'Storytelling']",leadership and management | communication | leadership development | strategy and operations | critical thinking | decision making | strategy | business psychology | collaboration | people analysis | people development | performance management | influencing | organizational development | change management | employee relations | negotiation | marketing | innovation | storytelling,"['leadership and management', 'communication', 'strategy and operations', 'critical thinking', 'decision making', 'strategy', 'marketing']",0,0,0,1,0,1,0,0,1,0,0,1,0,0,1,0,0,0,0,0,0,0,1,1,0
Autodesk Certified Professional: AutoCAD for Design and Drafting Exam Prep,"{"" Computer Graphics"","" Computer Graphic Techniques"","" Design and Product"","" Feature Engineering"","" Research and Design"","" Software Architecture"","" Software Engineering"","" User Experience Design"","" Visualization (Computer Graphics)""}",4.7,2500.0,Advanced , 1 - 4 Weeks,"['Computer Graphics', 'Computer Graphic Techniques', 'Design and Product', 'Feature Engineering', 'Research and Design', 'Software Architecture', 'Software Engineering', 'User Experience Design', 'Visualization (Computer Graphics)']",computer graphics | computer graphic techniques | design and product | feature engineering | research and design | software architecture | software engineering | user experience design | visualization (computer graphics),[],0,0,0,0,0,0,0,0,0,0,0,0,0,0,0,0,0,0,0,0,0,0,0,0,0
Investment and Portfolio Management,"{"" Finance"","" Investment Management"","" Financial Analysis"","" Leadership and Management"","" Risk Management"","" Behavioral Economics"","" Probability & Statistics"","" Market Analysis"","" Mathematics"","" Statistical Tests"","" Business Psychology"","" Correlation And Dependence"","" Mathematical Theory & Analysis""}",4.5,2400.0,Beginner , 3 - 6 Months,"['Finance', 'Investment Management', 'Financial Analysis', 'Leadership and Management', 'Risk Management', 'Behavioral Economics', 'Probability & Statistics', 'Market Analysis', 'Mathematics', 'Statistical Tests', 'Business Psychology', 'Correlation And Dependence', 'Mathematical Theory & Analysis']",finance | investment management | financial analysis | leadership and management | risk management | behavioral economics | probability & statistics | market analysis | mathematics | statistical tests | business psychology | correlation and dependence | mathematical theory & analysis,"['finance', 'leadership and management', 'risk management', 'probability & statistics']",0,0,0,0,0,0,0,0,0,1,0,1,0,0,0,0,1,0,0,0,1,0,0,0,0
Viral Marketing and How to Craft Contagious Content,"{"" Brand Management"","" Communication"","" Critical Thinking"","" Influencing"","" Marketing"","" Media Strategy & Planning"","" People Analysis"","" Social Media"","" Strategy"","" Market Analysis""}",4.8,5100.0,Mixed , 1 - 4 Weeks,"['Brand Management', 'Communication', 'Critical Thinking', 'Influencing', 'Marketing', 'Media Strategy & Planning', 'People Analysis', 'Social Media', 'Strategy', 'Market Analysis']",brand management | communication | critical thinking | influencing | marketing | media strategy & planning | people analysis | social media | strategy | market analysis,"['communication', 'critical thinking', 'marketing', 'strategy']",0,0,0,1,0,1,0,0,0,0,0,0,0,0,1,0,0,0,0,0,0,0,1,0,0
"Aspectos básicos: Datos, datos, en todas partes","{"" Data Analysis"","" Databases"","" Business Analysis"","" Data Management"","" Exploratory Data Analysis"","" Process Analysis"","" Data Analysis Software"","" Data Structures"","" SQL"","" Spreadsheet Software"","" Strategy"","" Microsoft Excel""}",4.8,4900.0,Beginner , 1 - 3 Months,"['Data Analysis', 'Databases', 'Business Analysis', 'Data Management', 'Exploratory Data Analysis', 'Process Analysis', 'Data Analysis Software', 'Data Structures', 'SQL', 'Spreadsheet Software', 'Strategy', 'Microsoft Excel']",data analysis | databases | business analysis | data management | exploratory data analysis | process analysis | data analysis software | data structures | sql | spreadsheet software | strategy | microsoft excel,"['data analysis', 'business analysis', 'data management', 'sql', 'strategy']",0,1,0,0,0,0,1,1,0,0,0,0,0,0,0,0,0,0,0,0,0,1,1,0,0
Project Planning,"{"" Leadership and Management"","" Planning""}",4.8,167.0,Beginner , 1 - 3 Months,"['Leadership and Management', 'Planning']",leadership and management | planning,"['leadership and management', 'planning']",0,0,0,0,0,0,0,0,0,0,0,1,0,0,0,1,0,0,0,0,0,0,0,0,0
"Make the Sale: Build, Launch, and Manage E-commerce Stores","{"" E-Commerce"","" Sales"","" Advertising"","" Digital Marketing"","" Marketing"","" Marketing Management"","" Media Strategy & Planning"","" Strategy""}",4.8,909.0,Beginner , 1 - 4 Weeks,"['E-Commerce', 'Sales', 'Advertising', 'Digital Marketing', 'Marketing', 'Marketing Management', 'Media Strategy & Planning', 'Strategy']",e-commerce | sales | advertising | digital marketing | marketing | marketing management | media strategy & planning | strategy,"['marketing', 'strategy']",0,0,0,0,0,0,0,0,0,0,0,0,0,0,1,0,0,0,0,0,0,0,1,0,0
"AI, Business & the Future of Work","{"" Leadership and Management"","" Strategy"","" Algorithms"","" Human Computer Interaction"","" Human Resources"","" Machine Learning"","" Machine Learning Algorithms"","" Business Process Management"","" Human Learning"","" Organizational Development""}",4.7,269.0,Beginner , 1 - 4 Weeks,"['Leadership and Management', 'Strategy', 'Algorithms', 'Human Computer Interaction', 'Human Resources', 'Machine Learning', 'Machine Learning Algorithms', 'Business Process Management', 'Human Learning', 'Organizational Development']",leadership and management | strategy | algorithms | human computer interaction | human resources | machine learning | machine learning algorithms | business process management | human learning | organizational development,"['leadership and management', 'strategy', 'algorithms', 'machine learning', 'machine learning algorithms', 'human learning']",1,0,0,0,0,0,0,0,0,0,1,1,1,1,0,0,0,0,0,0,0,0,1,0,0
Climate Change and Sustainable Investing,"{"" Finance"","" Investment Management"","" Risk Management"","" Leadership and Management"","" Financial Analysis"","" Banking"","" Financial Accounting""}",4.7,281.0,Beginner , 3 - 6 Months,"['Finance', 'Investment Management', 'Risk Management', 'Leadership and Management', 'Financial Analysis', 'Banking', 'Financial Accounting']",finance | investment management | risk management | leadership and management | financial analysis | banking | financial accounting,"['finance', 'risk management', 'leadership and management']",0,0,0,0,0,0,0,0,0,1,0,1,0,0,0,0,0,0,0,0,1,0,0,0,0
Go Beyond the Numbers: Translate Data into Insights,"{"" Data Analysis"","" Exploratory Data Analysis"","" Python Programming"","" Tableau Software""}",4.7,310.0,Advanced , 1 - 3 Months,"['Data Analysis', 'Exploratory Data Analysis', 'Python Programming', 'Tableau Software']",data analysis | exploratory data analysis | python programming | tableau software,"['data analysis', 'python programming']",0,0,0,0,0,0,1,0,0,0,0,0,0,0,0,0,0,0,0,1,0,0,0,0,0
"Modern Robotics:  Mechanics, Planning, and Control","{"" Mathematics"","" Linear Algebra"","" Algebra"","" Geometry"","" Computer Programming"","" Mathematical Theory & Analysis"","" Computer Programming Tools"","" Matlab"","" Python Programming"","" Algorithms"","" Critical Thinking"","" Problem Solving"","" Differential Equations"","" Graph Theory"","" Spatial Analysis"","" Planning"","" Supply Chain and Logistics""}",4.7,1000.0,Intermediate , 3 - 6 Months,"['Mathematics', 'Linear Algebra', 'Algebra', 'Geometry', 'Computer Programming', 'Mathematical Theory & Analysis', 'Computer Programming Tools', 'Matlab', 'Python Programming', 'Algorithms', 'Critical Thinking', 'Problem Solving', 'Differential Equations', 'Graph Theory', 'Spatial Analysis', 'Planning', 'Supply Chain and Logistics']",mathematics | linear algebra | algebra | geometry | computer programming | mathematical theory & analysis | computer programming tools | matlab | python programming | algorithms | critical thinking | problem solving | differential equations | graph theory | spatial analysis | planning | supply chain and logistics,"['computer programming', 'python programming', 'algorithms', 'critical thinking', 'problem solving', 'planning']",1,0,0,0,1,1,0,0,0,0,0,0,0,0,0,1,0,1,0,1,0,0,0,0,0
Epidemiology in Public Health Practice,"{"" Epidemiology"","" Data Analysis"","" Data Visualization"","" Problem Solving"","" Estimation""}",4.7,4200.0,Beginner , 3 - 6 Months,"['Epidemiology', 'Data Analysis', 'Data Visualization', 'Problem Solving', 'Estimation']",epidemiology | data analysis | data visualization | problem solving | estimation,"['data analysis', 'problem solving']",0,0,0,0,0,0,1,0,0,0,0,0,0,0,0,0,0,1,0,0,0,0,0,0,0
Excel to MySQL: Analytic Techniques for Business,"{"" Business Analysis"","" Data Analysis"","" Data Model"","" Spreadsheet Software"","" Statistical Analysis"","" Exploratory Data Analysis"","" Probability & Statistics"","" Data Analysis Software"","" Financial Analysis"","" General Statistics"","" Mathematics"","" Data Management"","" Mathematical Theory & Analysis"","" Regression"","" Databases"","" Problem Solving"","" Statistical Tests"","" Big Data"","" Data Structures"","" SQL"","" Microsoft Excel"","" Data Visualization Software"","" Database Theory"","" Extract"","" Transform"","" Load"","" Linear Algebra"","" Cost Accounting"","" Tableau Software"","" Data Visualization""}",4.6,15100.0,Beginner , 3 - 6 Months,"['Business Analysis', 'Data Analysis', 'Data Model', 'Spreadsheet Software', 'Statistical Analysis', 'Exploratory Data Analysis', 'Probability & Statistics', 'Data Analysis Software', 'Financial Analysis', 'General Statistics', 'Mathematics', 'Data Management', 'Mathematical Theory & Analysis', 'Regression', 'Databases', 'Problem Solving', 'Statistical Tests', 'Big Data', 'Data Structures', 'SQL', 'Microsoft Excel', 'Data Visualization Software', 'Database Theory', 'Extract', 'Transform', 'Load', 'Linear Algebra', 'Cost Accounting', 'Tableau Software', 'Data Visualization']",business analysis | data analysis | data model | spreadsheet software | statistical analysis | exploratory data analysis | probability & statistics | data analysis software | financial analysis | general statistics | mathematics | data management | mathematical theory & analysis | regression | databases | problem solving | statistical tests | big data | data structures | sql | microsoft excel | data visualization software | database theory | extract | transform | load | linear algebra | cost accounting | tableau software | data visualization,"['business analysis', 'data analysis', 'probability & statistics', 'data management', 'problem solving', 'sql']",0,1,0,0,0,0,1,1,0,0,0,0,0,0,0,0,1,1,0,0,0,1,0,0,0
Site Reliability Engineering: Measuring and Managing Reliability,"{"" DevOps"","" Software Engineering"","" Strategy and Operations"","" Decision Making"","" Leadership and Management"","" Operational Analysis"","" Performance Management"","" User Experience"","" Problem Solving"","" Cloud Engineering""}",4.5,861.0,Intermediate , 1 - 3 Months,"['DevOps', 'Software Engineering', 'Strategy and Operations', 'Decision Making', 'Leadership and Management', 'Operational Analysis', 'Performance Management', 'User Experience', 'Problem Solving', 'Cloud Engineering']",devops | software engineering | strategy and operations | decision making | leadership and management | operational analysis | performance management | user experience | problem solving | cloud engineering,"['strategy and operations', 'decision making', 'leadership and management', 'problem solving']",0,0,0,0,0,0,0,0,1,0,0,1,0,0,0,0,0,1,0,0,0,0,0,1,0
Emotional Intelligence: Cultivating Immensely Human Interactions,"{"" Communication"","" Emotional Intelligence"","" Leadership and Management""}",4.7,240.0,Intermediate , 1 - 4 Weeks,"['Communication', 'Emotional Intelligence', 'Leadership and Management']",communication | emotional intelligence | leadership and management,"['communication', 'leadership and management']",0,0,0,1,0,0,0,0,0,0,0,1,0,0,0,0,0,0,0,0,0,0,0,0,0
Learn English: Beginning Grammar,"{"" Writing"","" Communication""}",4.9,3000.0,Beginner , 1 - 3 Months,"['Writing', 'Communication']",writing | communication,"['writing', 'communication']",0,0,0,1,0,0,0,0,0,0,0,0,0,0,0,0,0,0,0,0,0,0,0,0,1
"Songwriting: Writing, Arranging, and Producing Music","{"" Writing""}",4.8,2000.0,Beginner , 3 - 6 Months,['Writing'],writing,['writing'],0,0,0,0,0,0,0,0,0,0,0,0,0,0,0,0,0,0,0,0,0,0,0,0,1
Google Cloud Fundamentals: Core Infrastructure,"{"" Cloud Applications"","" Cloud Computing"","" Google Cloud Platform"","" Cloud Engineering"","" Cloud Infrastructure"","" Cloud Platforms"","" Other Cloud Platforms and Tools"","" Cloud Management"","" Cloud Storage"","" Cloud-Based Integration"","" Google App Engine"","" Kubernetes""}",4.7,47400.0,Beginner , 1 - 3 Months,"['Cloud Applications', 'Cloud Computing', 'Google Cloud Platform', 'Cloud Engineering', 'Cloud Infrastructure', 'Cloud Platforms', 'Other Cloud Platforms and Tools', 'Cloud Management', 'Cloud Storage', 'Cloud-Based Integration', 'Google App Engine', 'Kubernetes']",cloud applications | cloud computing | google cloud platform | cloud engineering | cloud infrastructure | cloud platforms | other cloud platforms and tools | cloud management | cloud storage | cloud-based integration | google app engine | kubernetes,['cloud computing'],0,0,1,0,0,0,0,0,0,0,0,0,0,0,0,0,0,0,0,0,0,0,0,0,0
Optical Engineering,"{"" Systems Design"","" Algorithms""}",4.4,329.0,Advanced , 3 - 6 Months,"['Systems Design', 'Algorithms']",systems design | algorithms,['algorithms'],1,0,0,0,0,0,0,0,0,0,0,0,0,0,0,0,0,0,0,0,0,0,0,0,0
Value Chain Management,"{"" Leadership and Management"","" Accounting"","" Management Accounting"","" Account Management"","" Cost Accounting"","" Decision Making"","" Financial Accounting"","" Financial Analysis"","" Marketing Management"","" Marketing"","" Media Strategy & Planning"","" Financial Management"","" Strategy"","" General Accounting"","" Brand Management"","" Market Research"","" Planning"","" Budget Management"","" Communication"","" Sales"","" Market Analysis"","" Probability Distribution"","" Supply Chain and Logistics"","" Business Research"","" Probability & Statistics"","" Operations Management""}",4.7,4900.0,Intermediate , 3 - 6 Months,"['Leadership and Management', 'Accounting', 'Management Accounting', 'Account Management', 'Cost Accounting', 'Decision Making', 'Financial Accounting', 'Financial Analysis', 'Marketing Management', 'Marketing', 'Media Strategy & Planning', 'Financial Management', 'Strategy', 'General Accounting', 'Brand Management', 'Market Research', 'Planning', 'Budget Management', 'Communication', 'Sales', 'Market Analysis', 'Probability Distribution', 'Supply Chain and Logistics', 'Business Research', 'Probability & Statistics', 'Operations Management']",leadership and management | accounting | management accounting | account management | cost accounting | decision making | financial accounting | financial analysis | marketing management | marketing | media strategy & planning | financial management | strategy | general accounting | brand management | market research | planning | budget management | communication | sales | market analysis | probability distribution | supply chain and logistics | business research | probability & statistics | operations management,"['leadership and management', 'decision making', 'marketing', 'strategy', 'planning', 'communication', 'probability & statistics']",0,0,0,1,0,0,0,0,1,0,0,1,0,0,1,1,1,0,0,0,0,0,1,0,0
Introductory Human Physiology,"{"" Health""}",4.8,4700.0,Beginner , 1 - 3 Months,['Health'],health,[],0,0,0,0,0,0,0,0,0,0,0,0,0,0,0,0,0,0,0,0,0,0,0,0,0
Become an EMT,"{"" Leadership and Management"","" Communication""}",4.8,2300.0,Beginner , 3 - 6 Months,"['Leadership and Management', 'Communication']",leadership and management | communication,"['leadership and management', 'communication']",0,0,0,1,0,0,0,0,0,0,0,1,0,0,0,0,0,0,0,0,0,0,0,0,0
Customer Service Fundamentals,"{"" Communication"","" Customer Support"","" Leadership and Management"","" Problem Solving"","" Customer Relationship Management"","" Customer Success"","" Strategy"","" Adaptability"","" Critical Thinking"","" User Experience""}",4.8,1600.0,Beginner , 1 - 4 Weeks,"['Communication', 'Customer Support', 'Leadership and Management', 'Problem Solving', 'Customer Relationship Management', 'Customer Success', 'Strategy', 'Adaptability', 'Critical Thinking', 'User Experience']",communication | customer support | leadership and management | problem solving | customer relationship management | customer success | strategy | adaptability | critical thinking | user experience,"['communication', 'leadership and management', 'problem solving', 'strategy', 'critical thinking']",0,0,0,1,0,1,0,0,0,0,0,1,0,0,0,0,0,1,0,0,0,0,1,0,0
"Advanced Valuation and Strategy - M&A, Private Equity, and Venture Capital","{"" Finance"","" Mergers & Acquisitions"","" Business Analysis"","" Data Analysis"","" Financial Analysis"","" Investment Management"","" Accounting"","" Entrepreneurship"","" Marketing"","" Strategy"","" Strategy and Operations"","" Game Theory""}",4.6,1200.0,Advanced , 1 - 3 Months,"['Finance', 'Mergers & Acquisitions', 'Business Analysis', 'Data Analysis', 'Financial Analysis', 'Investment Management', 'Accounting', 'Entrepreneurship', 'Marketing', 'Strategy', 'Strategy and Operations', 'Game Theory']",finance | mergers & acquisitions | business analysis | data analysis | financial analysis | investment management | accounting | entrepreneurship | marketing | strategy | strategy and operations | game theory,"['finance', 'business analysis', 'data analysis', 'marketing', 'strategy', 'strategy and operations']",0,1,0,0,0,0,1,0,0,1,0,0,0,0,1,0,0,0,0,0,0,0,1,1,0
Gamification,"{"" Game Theory"","" Critical Thinking"","" User Experience"","" Business Psychology"","" Strategy"","" User Experience Design"","" Behavioral Economics"","" Human Learning"","" Problem Solving"","" Research and Design""}",4.8,2400.0,Mixed , 1 - 3 Months,"['Game Theory', 'Critical Thinking', 'User Experience', 'Business Psychology', 'Strategy', 'User Experience Design', 'Behavioral Economics', 'Human Learning', 'Problem Solving', 'Research and Design']",game theory | critical thinking | user experience | business psychology | strategy | user experience design | behavioral economics | human learning | problem solving | research and design,"['critical thinking', 'strategy', 'human learning', 'problem solving']",0,0,0,0,0,1,0,0,0,0,1,0,0,0,0,0,0,1,0,0,0,0,1,0,0
Music Education for Teachers,"{"" Writing""}",4.8,2800.0,Intermediate , 3 - 6 Months,['Writing'],writing,['writing'],0,0,0,0,0,0,0,0,0,0,0,0,0,0,0,0,0,0,0,0,0,0,0,0,1
Medical Terminology,"{"" Human Learning"","" Communication""}",4.9,401.0,Beginner , 3 - 6 Months,"['Human Learning', 'Communication']",human learning | communication,"['human learning', 'communication']",0,0,0,1,0,0,0,0,0,0,1,0,0,0,0,0,0,0,0,0,0,0,0,0,0
Fundamentals of Flight mechanics,"{"" Mathematical Theory & Analysis""}",4.7,345.0,Beginner , 3 - 6 Months,['Mathematical Theory & Analysis'],mathematical theory & analysis,[],0,0,0,0,0,0,0,0,0,0,0,0,0,0,0,0,0,0,0,0,0,0,0,0,0
Using Public Policy for Social Change,"{"" Problem Solving""}",5.0,6.0,Beginner , 1 - 4 Weeks,['Problem Solving'],problem solving,['problem solving'],0,0,0,0,0,0,0,0,0,0,0,0,0,0,0,0,0,1,0,0,0,0,0,0,0
Blockchain Revolution,"{"" BlockChain"","" Finance"","" FinTech"","" Innovation"","" Cryptography"","" Strategy and Operations"","" System Security"","" Distributed Computing Architecture"","" Leadership and Management"","" Contract Management"","" Entrepreneurship"","" Internet Of Things"","" Network Model"","" Network Security"","" Regulations and Compliance"","" Research and Design"","" Strategy"","" Human Resources"","" Software Security"","" Recruitment""}",4.7,2900.0,Beginner , 3 - 6 Months,"['BlockChain', 'Finance', 'FinTech', 'Innovation', 'Cryptography', 'Strategy and Operations', 'System Security', 'Distributed Computing Architecture', 'Leadership and Management', 'Contract Management', 'Entrepreneurship', 'Internet Of Things', 'Network Model', 'Network Security', 'Regulations and Compliance', 'Research and Design', 'Strategy', 'Human Resources', 'Software Security', 'Recruitment']",blockchain | finance | fintech | innovation | cryptography | strategy and operations | system security | distributed computing architecture | leadership and management | contract management | entrepreneurship | internet of things | network model | network security | regulations and compliance | research and design | strategy | human resources | software security | recruitment,"['finance', 'strategy and operations', 'leadership and management', 'strategy']",0,0,0,0,0,0,0,0,0,1,0,1,0,0,0,0,0,0,0,0,0,0,1,1,0
TensorFlow: Data and Deployment,"{"" Machine Learning"","" Applied Machine Learning"","" Deep Learning"","" Tensorflow"","" Computer Programming"","" Javascript"","" Artificial Neural Networks"","" Python Programming"","" Data Model"","" Machine Learning Algorithms"","" Machine Learning Software"","" Mobile Development"","" Web Development"","" Computer Vision"","" Mobile Development Tools"","" Extract"","" Transform"","" Load"","" Human Learning"","" Network Model"","" iOS Development""}",4.6,1400.0,Intermediate , 3 - 6 Months,"['Machine Learning', 'Applied Machine Learning', 'Deep Learning', 'Tensorflow', 'Computer Programming', 'Javascript', 'Artificial Neural Networks', 'Python Programming', 'Data Model', 'Machine Learning Algorithms', 'Machine Learning Software', 'Mobile Development', 'Web Development', 'Computer Vision', 'Mobile Development Tools', 'Extract', 'Transform', 'Load', 'Human Learning', 'Network Model', 'iOS Development']",machine learning | applied machine learning | deep learning | tensorflow | computer programming | javascript | artificial neural networks | python programming | data model | machine learning algorithms | machine learning software | mobile development | web development | computer vision | mobile development tools | extract | transform | load | human learning | network model | ios development,"['machine learning', 'computer programming', 'python programming', 'machine learning algorithms', 'human learning']",0,0,0,0,1,0,0,0,0,0,1,0,1,1,0,0,0,0,0,1,0,0,0,0,0
Exploratory Data Analysis for Machine Learning,"{"" Data Analysis"","" Exploratory Data Analysis"","" Machine Learning"","" Statistical Machine Learning"","" Feature Engineering"","" General Statistics"","" Probability & Statistics"","" Statistical Analysis"","" Algorithms"","" Data Structures""}",4.6,1400.0,Intermediate , 1 - 3 Months,"['Data Analysis', 'Exploratory Data Analysis', 'Machine Learning', 'Statistical Machine Learning', 'Feature Engineering', 'General Statistics', 'Probability & Statistics', 'Statistical Analysis', 'Algorithms', 'Data Structures']",data analysis | exploratory data analysis | machine learning | statistical machine learning | feature engineering | general statistics | probability & statistics | statistical analysis | algorithms | data structures,"['data analysis', 'machine learning', 'probability & statistics', 'algorithms']",1,0,0,0,0,0,1,0,0,0,0,0,1,0,0,0,1,0,0,0,0,0,0,0,0
Programming in C++: A Hands-on Introduction,"{"" Computer Programming"","" Computer Science"","" Problem Solving""}",4.6,921.0,Beginner , 3 - 6 Months,"['Computer Programming', 'Computer Science', 'Problem Solving']",computer programming | computer science | problem solving,"['computer programming', 'problem solving']",0,0,0,0,1,0,0,0,0,0,0,0,0,0,0,0,0,1,0,0,0,0,0,0,0
Introduction to Corporate Finance,"{"" Accounting"","" Budget Management"","" Finance"","" General Accounting"","" Business Analysis"","" Data Analysis"","" Decision Making"","" Entrepreneurship"","" Mathematical Theory & Analysis"","" Strategy and Operations""}",4.6,5800.0,Mixed , 1 - 4 Weeks,"['Accounting', 'Budget Management', 'Finance', 'General Accounting', 'Business Analysis', 'Data Analysis', 'Decision Making', 'Entrepreneurship', 'Mathematical Theory & Analysis', 'Strategy and Operations']",accounting | budget management | finance | general accounting | business analysis | data analysis | decision making | entrepreneurship | mathematical theory & analysis | strategy and operations,"['finance', 'business analysis', 'data analysis', 'decision making', 'strategy and operations']",0,1,0,0,0,0,1,0,1,1,0,0,0,0,0,0,0,0,0,0,0,0,0,1,0
Agile Leadership,"{"" Leadership and Management"","" Business Psychology"","" Entrepreneurship"","" Communication"","" Strategy and Operations"","" Leadership Development"","" Change Management"","" Organizational Development"","" Project Management"","" Adaptability"","" Collaboration"","" Emotional Intelligence"","" Human Resources"","" Resilience"","" Business Transformation"","" Strategy"","" Business Communication"","" Professional Development"","" Scrum (Software Development)""}",4.8,2200.0,Beginner , 3 - 6 Months,"['Leadership and Management', 'Business Psychology', 'Entrepreneurship', 'Communication', 'Strategy and Operations', 'Leadership Development', 'Change Management', 'Organizational Development', 'Project Management', 'Adaptability', 'Collaboration', 'Emotional Intelligence', 'Human Resources', 'Resilience', 'Business Transformation', 'Strategy', 'Business Communication', 'Professional Development', 'Scrum (Software Development)']",leadership and management | business psychology | entrepreneurship | communication | strategy and operations | leadership development | change management | organizational development | project management | adaptability | collaboration | emotional intelligence | human resources | resilience | business transformation | strategy | business communication | professional development | scrum (software development),"['leadership and management', 'communication', 'strategy and operations', 'project management', 'strategy']",0,0,0,1,0,0,0,0,0,0,0,1,0,0,0,0,0,0,1,0,0,0,1,1,0
تحليلات البيانات من Google,"{"" Computer Programming"","" Problem Solving"","" Python Programming"","" Programming Principles"","" Computer Programming Tools"","" Algebra"","" Computational Thinking"","" Exploratory Data Analysis"","" Mathematics"","" Data Analysis"","" Process Analysis"","" Differential Equations"","" Theoretical Computer Science"","" Critical Thinking"","" Data Analysis Software"","" Data Visualization"","" Databases"","" Decision Making"","" People Analysis"","" SQL"","" Communication""}",4.8,162.0,Beginner , 3 - 6 Months,"['Computer Programming', 'Problem Solving', 'Python Programming', 'Programming Principles', 'Computer Programming Tools', 'Algebra', 'Computational Thinking', 'Exploratory Data Analysis', 'Mathematics', 'Data Analysis', 'Process Analysis', 'Differential Equations', 'Theoretical Computer Science', 'Critical Thinking', 'Data Analysis Software', 'Data Visualization', 'Databases', 'Decision Making', 'People Analysis', 'SQL', 'Communication']",computer programming | problem solving | python programming | programming principles | computer programming tools | algebra | computational thinking | exploratory data analysis | mathematics | data analysis | process analysis | differential equations | theoretical computer science | critical thinking | data analysis software | data visualization | databases | decision making | people analysis | sql | communication,"['computer programming', 'problem solving', 'python programming', 'data analysis', 'critical thinking', 'decision making', 'sql', 'communication']",0,0,0,1,1,1,1,0,1,0,0,0,0,0,0,0,0,1,0,1,0,1,0,0,0
Introduction to Cyber Security,"{"" Security Engineering"","" Cyberattacks"","" Network Security"","" System Security"","" Security Strategy"","" Computer Networking"","" Security Software"","" Computer Security Models"","" Network Architecture"","" Strategy"","" Cryptography"","" Problem Solving"","" Software Security"","" Algorithms"","" Computer Security Incident Management"","" Critical Thinking"","" Operational Analysis"","" Computational Thinking"","" BlockChain"","" Cloud Computing"","" Mobile Security""}",4.7,3400.0,Beginner , 3 - 6 Months,"['Security Engineering', 'Cyberattacks', 'Network Security', 'System Security', 'Security Strategy', 'Computer Networking', 'Security Software', 'Computer Security Models', 'Network Architecture', 'Strategy', 'Cryptography', 'Problem Solving', 'Software Security', 'Algorithms', 'Computer Security Incident Management', 'Critical Thinking', 'Operational Analysis', 'Computational Thinking', 'BlockChain', 'Cloud Computing', 'Mobile Security']",security engineering | cyberattacks | network security | system security | security strategy | computer networking | security software | computer security models | network architecture | strategy | cryptography | problem solving | software security | algorithms | computer security incident management | critical thinking | operational analysis | computational thinking | blockchain | cloud computing | mobile security,"['strategy', 'problem solving', 'algorithms', 'critical thinking', 'cloud computing']",1,0,1,0,0,1,0,0,0,0,0,0,0,0,0,0,0,1,0,0,0,0,1,0,0
Google Data Analytics (DE),"{"" Design and Product"","" Data Analysis"","" Software Engineering"","" Microsoft Excel"","" Business Analysis"","" Computer Programming"","" SQL""}",4.4,28.0,Beginner , 3 - 6 Months,"['Design and Product', 'Data Analysis', 'Software Engineering', 'Microsoft Excel', 'Business Analysis', 'Computer Programming', 'SQL']",design and product | data analysis | software engineering | microsoft excel | business analysis | computer programming | sql,"['data analysis', 'business analysis', 'computer programming', 'sql']",0,1,0,0,1,0,1,0,0,0,0,0,0,0,0,0,0,0,0,0,0,1,0,0,0
Python and Statistics for Financial Analysis,"{"" Basic Descriptive Statistics"","" Computer Programming"","" Data Analysis"","" Finance"","" Financial Analysis"","" Probability & Statistics"","" Python Programming"","" Statistical Analysis"","" Data Analysis Software"","" General Statistics"","" Probability Distribution""}",4.4,3900.0,Intermediate , 1 - 4 Weeks,"['Basic Descriptive Statistics', 'Computer Programming', 'Data Analysis', 'Finance', 'Financial Analysis', 'Probability & Statistics', 'Python Programming', 'Statistical Analysis', 'Data Analysis Software', 'General Statistics', 'Probability Distribution']",basic descriptive statistics | computer programming | data analysis | finance | financial analysis | probability & statistics | python programming | statistical analysis | data analysis software | general statistics | probability distribution,"['computer programming', 'data analysis', 'finance', 'probability & statistics', 'python programming']",0,0,0,0,1,0,1,0,0,1,0,0,0,0,0,0,1,0,0,1,0,0,0,0,0
Natural Language Processing with Probabilistic Models,"{"" Machine Learning"","" Natural Language Processing"","" Python Programming"","" Statistical Programming"","" Statistical Machine Learning""}",4.7,1600.0,Intermediate , 1 - 4 Weeks,"['Machine Learning', 'Natural Language Processing', 'Python Programming', 'Statistical Programming', 'Statistical Machine Learning']",machine learning | natural language processing | python programming | statistical programming | statistical machine learning,"['machine learning', 'python programming']",0,0,0,0,0,0,0,0,0,0,0,0,1,0,0,0,0,0,0,1,0,0,0,0,0
Economics of Money and Banking,"{"" Banking"","" Finance""}",4.9,1500.0,Mixed , 3 - 6 Months,"['Banking', 'Finance']",banking | finance,['finance'],0,0,0,0,0,0,0,0,0,1,0,0,0,0,0,0,0,0,0,0,0,0,0,0,0
Design a User Experience for Social Good & Prepare for Jobs,"{"" User Experience"","" Social Media"","" User Research"","" Web Design""}",4.8,2900.0,Beginner , 1 - 3 Months,"['User Experience', 'Social Media', 'User Research', 'Web Design']",user experience | social media | user research | web design,[],0,0,0,0,0,0,0,0,0,0,0,0,0,0,0,0,0,0,0,0,0,0,0,0,0
Fundamentos de la gestión de proyectos,"{"" Leadership and Management"","" Organizational Development"","" Planning"","" Project Management"","" Strategy"","" Strategy and Operations"","" Change Management"","" Communication"","" Adaptability"","" Business Communication""}",4.9,4800.0,Beginner , 1 - 4 Weeks,"['Leadership and Management', 'Organizational Development', 'Planning', 'Project Management', 'Strategy', 'Strategy and Operations', 'Change Management', 'Communication', 'Adaptability', 'Business Communication']",leadership and management | organizational development | planning | project management | strategy | strategy and operations | change management | communication | adaptability | business communication,"['leadership and management', 'planning', 'project management', 'strategy', 'strategy and operations', 'communication']",0,0,0,1,0,0,0,0,0,0,0,1,0,0,0,1,0,0,1,0,0,0,1,1,0
"Sequences, Time Series and Prediction","{"" Machine Learning"","" Forecasting"","" Tensorflow"","" Applied Machine Learning"","" Deep Learning"","" Artificial Neural Networks"","" Human Learning"","" Data Visualization"","" Statistical Analysis"","" Statistical Machine Learning""}",4.7,4900.0,Intermediate , 1 - 4 Weeks,"['Machine Learning', 'Forecasting', 'Tensorflow', 'Applied Machine Learning', 'Deep Learning', 'Artificial Neural Networks', 'Human Learning', 'Data Visualization', 'Statistical Analysis', 'Statistical Machine Learning']",machine learning | forecasting | tensorflow | applied machine learning | deep learning | artificial neural networks | human learning | data visualization | statistical analysis | statistical machine learning,"['machine learning', 'human learning']",0,0,0,0,0,0,0,0,0,0,1,0,1,0,0,0,0,0,0,0,0,0,0,0,0
The Manager's Toolkit: A Practical Guide to Managing People at Work,"{"" Human Resources"","" Leadership and Management"","" People Management"","" Conflict Management"","" Decision Making"","" Human Resources Operations"","" People Analysis"","" Performance Management"","" Recruitment"","" Business Analysis"","" Employee Relations"","" Leadership Development"","" Organizational Development"","" People Development""}",4.7,3600.0,Mixed , 1 - 3 Months,"['Human Resources', 'Leadership and Management', 'People Management', 'Conflict Management', 'Decision Making', 'Human Resources Operations', 'People Analysis', 'Performance Management', 'Recruitment', 'Business Analysis', 'Employee Relations', 'Leadership Development', 'Organizational Development', 'People Development']",human resources | leadership and management | people management | conflict management | decision making | human resources operations | people analysis | performance management | recruitment | business analysis | employee relations | leadership development | organizational development | people development,"['leadership and management', 'decision making', 'business analysis']",0,1,0,0,0,0,0,0,1,0,0,1,0,0,0,0,0,0,0,0,0,0,0,0,0
Managing Cybersecurity,"{"" Security Engineering"","" System Security"","" Risk Management"","" Computer Security Incident Management"","" Leadership and Management"","" Security Strategy"","" Network Security"","" Strategy"","" Cyberattacks"","" Strategy and Operations"","" Computer Security Models"","" Software Security"","" Security Software"","" Computer Networking"","" Planning"","" Regulations and Compliance"","" Business Analysis"","" Network Architecture"","" Networking Hardware"","" Operations Management"","" Cryptography"","" Network Model"","" Systems Design""}",4.8,1000.0,Beginner , 3 - 6 Months,"['Security Engineering', 'System Security', 'Risk Management', 'Computer Security Incident Management', 'Leadership and Management', 'Security Strategy', 'Network Security', 'Strategy', 'Cyberattacks', 'Strategy and Operations', 'Computer Security Models', 'Software Security', 'Security Software', 'Computer Networking', 'Planning', 'Regulations and Compliance', 'Business Analysis', 'Network Architecture', 'Networking Hardware', 'Operations Management', 'Cryptography', 'Network Model', 'Systems Design']",security engineering | system security | risk management | computer security incident management | leadership and management | security strategy | network security | strategy | cyberattacks | strategy and operations | computer security models | software security | security software | computer networking | planning | regulations and compliance | business analysis | network architecture | networking hardware | operations management | cryptography | network model | systems design,"['risk management', 'leadership and management', 'strategy', 'strategy and operations', 'planning', 'business analysis']",0,1,0,0,0,0,0,0,0,0,0,1,0,0,0,1,0,0,0,0,1,0,1,1,0
Python Data Structures,"{"" Algorithms"","" Computational Logic"","" Computer Programming"","" Computer Programming Tools"","" Critical Thinking"","" Data Management"","" Data Structures"","" Problem Solving"","" Python Programming"","" Software Engineering""}",4.9,94000.0,Beginner , 1 - 3 Months,"['Algorithms', 'Computational Logic', 'Computer Programming', 'Computer Programming Tools', 'Critical Thinking', 'Data Management', 'Data Structures', 'Problem Solving', 'Python Programming', 'Software Engineering']",algorithms | computational logic | computer programming | computer programming tools | critical thinking | data management | data structures | problem solving | python programming | software engineering,"['algorithms', 'computer programming', 'critical thinking', 'data management', 'problem solving', 'python programming']",1,0,0,0,1,1,0,1,0,0,0,0,0,0,0,0,0,1,0,1,0,0,0,0,0
Cybersecurity Operations Fundamentals,"{"" Operations Management""}",4.8,123.0,Beginner , 3 - 6 Months,['Operations Management'],operations management,[],0,0,0,0,0,0,0,0,0,0,0,0,0,0,0,0,0,0,0,0,0,0,0,0,0
Build Basic Generative Adversarial Networks (GANs),"{"" Artificial Neural Networks"","" Machine Learning"","" Machine Learning Algorithms"","" Machine Learning Software"","" Python Programming"","" Statistical Programming"","" Deep Learning""}",4.7,1800.0,Intermediate , 1 - 4 Weeks,"['Artificial Neural Networks', 'Machine Learning', 'Machine Learning Algorithms', 'Machine Learning Software', 'Python Programming', 'Statistical Programming', 'Deep Learning']",artificial neural networks | machine learning | machine learning algorithms | machine learning software | python programming | statistical programming | deep learning,"['machine learning', 'machine learning algorithms', 'python programming']",0,0,0,0,0,0,0,0,0,0,0,0,1,1,0,0,0,0,0,1,0,0,0,0,0
Microsoft Azure Data Fundamentals DP-900 Exam Prep,"{"" Data Management"","" Databases"","" Microsoft Azure"","" Cloud Computing"","" SQL"","" Big Data"","" Data Analysis"","" Database Application"","" Data Architecture"","" Data Warehousing"","" Cloud Storage"","" Data Structures"","" Data Visualization"","" Extract"","" Transform"","" Load"","" Leadership and Management"","" NoSQL"","" Data Analysis Software"","" Data Visualization Software"","" Database Administration"","" Cloud Infrastructure"","" Cloud Management"","" Database Theory"","" PostgreSQL""}",4.7,549.0,Beginner , 3 - 6 Months,"['Data Management', 'Databases', 'Microsoft Azure', 'Cloud Computing', 'SQL', 'Big Data', 'Data Analysis', 'Database Application', 'Data Architecture', 'Data Warehousing', 'Cloud Storage', 'Data Structures', 'Data Visualization', 'Extract', 'Transform', 'Load', 'Leadership and Management', 'NoSQL', 'Data Analysis Software', 'Data Visualization Software', 'Database Administration', 'Cloud Infrastructure', 'Cloud Management', 'Database Theory', 'PostgreSQL']",data management | databases | microsoft azure | cloud computing | sql | big data | data analysis | database application | data architecture | data warehousing | cloud storage | data structures | data visualization | extract | transform | load | leadership and management | nosql | data analysis software | data visualization software | database administration | cloud infrastructure | cloud management | database theory | postgresql,"['data management', 'cloud computing', 'sql', 'data analysis', 'leadership and management']",0,0,1,0,0,0,1,1,0,0,0,1,0,0,0,0,0,0,0,0,0,1,0,0,0
Reporting extra-financier et stratégie RSE,"{"" Strategy"","" Audit"","" Strategy and Operations"","" Change Management"","" Communication"","" Finance"","" Leadership and Management"","" Regulations and Compliance""}",4.7,370.0,Beginner , 1 - 4 Weeks,"['Strategy', 'Audit', 'Strategy and Operations', 'Change Management', 'Communication', 'Finance', 'Leadership and Management', 'Regulations and Compliance']",strategy | audit | strategy and operations | change management | communication | finance | leadership and management | regulations and compliance,"['strategy', 'strategy and operations', 'communication', 'finance', 'leadership and management']",0,0,0,1,0,0,0,0,0,1,0,1,0,0,0,0,0,0,0,0,0,0,1,1,0
Introduction to DevOps,"{"" DevOps"","" Continuous Delivery"","" Continuous Integration"","" Software Engineering""}",4.8,2100.0,Beginner , 1 - 3 Months,"['DevOps', 'Continuous Delivery', 'Continuous Integration', 'Software Engineering']",devops | continuous delivery | continuous integration | software engineering,[],0,0,0,0,0,0,0,0,0,0,0,0,0,0,0,0,0,0,0,0,0,0,0,0,0
International Marketing & Cross Industry Growth,"{"" Marketing"","" Strategy"","" Leadership and Management"","" Customer Analysis"","" Market Analysis"","" Marketing Management"","" Product Marketing"","" Brand Management"","" Customer Relationship Management"","" Marketing Design"","" Media Strategy & Planning"","" Product Strategy"","" Product Management"","" Decision Making"","" Strategy and Operations"","" B2B Sales"","" Business Development"","" Social Media"","" Communication"","" Creativity"","" Operations Management"","" Sales"","" Performance Management"","" Reinforcement Learning""}",4.7,2200.0,Beginner , 3 - 6 Months,"['Marketing', 'Strategy', 'Leadership and Management', 'Customer Analysis', 'Market Analysis', 'Marketing Management', 'Product Marketing', 'Brand Management', 'Customer Relationship Management', 'Marketing Design', 'Media Strategy & Planning', 'Product Strategy', 'Product Management', 'Decision Making', 'Strategy and Operations', 'B2B Sales', 'Business Development', 'Social Media', 'Communication', 'Creativity', 'Operations Management', 'Sales', 'Performance Management', 'Reinforcement Learning']",marketing | strategy | leadership and management | customer analysis | market analysis | marketing management | product marketing | brand management | customer relationship management | marketing design | media strategy & planning | product strategy | product management | decision making | strategy and operations | b2b sales | business development | social media | communication | creativity | operations management | sales | performance management | reinforcement learning,"['marketing', 'strategy', 'leadership and management', 'decision making', 'strategy and operations', 'communication']",0,0,0,1,0,0,0,0,1,0,0,1,0,0,1,0,0,0,0,0,0,0,1,1,0
Computational Thinking for Problem Solving,"{"" Computational Thinking"","" Computer Programming"","" Problem Solving"","" Algorithms"","" Computational Logic"","" Critical Thinking"","" Programming Principles"","" Python Programming"","" Theoretical Computer Science"","" Computer Programming Tools""}",4.7,1300.0,Beginner , 1 - 4 Weeks,"['Computational Thinking', 'Computer Programming', 'Problem Solving', 'Algorithms', 'Computational Logic', 'Critical Thinking', 'Programming Principles', 'Python Programming', 'Theoretical Computer Science', 'Computer Programming Tools']",computational thinking | computer programming | problem solving | algorithms | computational logic | critical thinking | programming principles | python programming | theoretical computer science | computer programming tools,"['computer programming', 'problem solving', 'algorithms', 'critical thinking', 'python programming']",1,0,0,0,1,1,0,0,0,0,0,0,0,0,0,0,0,1,0,1,0,0,0,0,0
Algebra: Elementary to Advanced,"{"" Algebra"","" Mathematics"","" Problem Solving"","" Linear Algebra"","" Applied Mathematics"","" Critical Thinking"","" Plot (Graphics)"","" Mathematical Theory & Analysis"","" Computational Thinking"","" Decision Making""}",4.8,500.0,Beginner , 3 - 6 Months,"['Algebra', 'Mathematics', 'Problem Solving', 'Linear Algebra', 'Applied Mathematics', 'Critical Thinking', 'Plot (Graphics)', 'Mathematical Theory & Analysis', 'Computational Thinking', 'Decision Making']",algebra | mathematics | problem solving | linear algebra | applied mathematics | critical thinking | plot (graphics) | mathematical theory & analysis | computational thinking | decision making,"['problem solving', 'critical thinking', 'decision making']",0,0,0,0,0,1,0,0,1,0,0,0,0,0,0,0,0,1,0,0,0,0,0,0,0
Culture-Driven Team Building,"{"" Leadership and Management"","" Collaboration"","" Communication"","" Business Psychology"","" Emotional Intelligence"","" Entrepreneurship"","" Culture"","" People Management"","" Strategy and Operations"","" Professional Development"","" Conflict Management"","" Organizational Development"","" Human Learning""}",4.6,894.0,Beginner , 3 - 6 Months,"['Leadership and Management', 'Collaboration', 'Communication', 'Business Psychology', 'Emotional Intelligence', 'Entrepreneurship', 'Culture', 'People Management', 'Strategy and Operations', 'Professional Development', 'Conflict Management', 'Organizational Development', 'Human Learning']",leadership and management | collaboration | communication | business psychology | emotional intelligence | entrepreneurship | culture | people management | strategy and operations | professional development | conflict management | organizational development | human learning,"['leadership and management', 'communication', 'strategy and operations', 'human learning']",0,0,0,1,0,0,0,0,0,0,1,1,0,0,0,0,0,0,0,0,0,0,0,1,0
Python Programming Fundamentals,"{"" Algorithms"","" Computer Programming"","" Problem Solving"","" Python Programming""}",4.4,7.0,Beginner , 1 - 4 Weeks,"['Algorithms', 'Computer Programming', 'Problem Solving', 'Python Programming']",algorithms | computer programming | problem solving | python programming,"['algorithms', 'computer programming', 'problem solving', 'python programming']",1,0,0,0,1,0,0,0,0,0,0,0,0,0,0,0,0,1,0,1,0,0,0,0,0
Music Business,"{"" Critical Thinking"","" Creativity"","" Regulations and Compliance"","" Strategy"","" Decision Making"","" Problem Solving"","" Process Analysis"","" Communication"","" Leadership and Management"","" Brand Management"","" Entrepreneurship"","" Planning"","" Writing"","" Business Analysis"","" Deep Learning"","" Marketing"","" Social Media"","" Innovation""}",4.8,3200.0,Beginner , 3 - 6 Months,"['Critical Thinking', 'Creativity', 'Regulations and Compliance', 'Strategy', 'Decision Making', 'Problem Solving', 'Process Analysis', 'Communication', 'Leadership and Management', 'Brand Management', 'Entrepreneurship', 'Planning', 'Writing', 'Business Analysis', 'Deep Learning', 'Marketing', 'Social Media', 'Innovation']",critical thinking | creativity | regulations and compliance | strategy | decision making | problem solving | process analysis | communication | leadership and management | brand management | entrepreneurship | planning | writing | business analysis | deep learning | marketing | social media | innovation,"['critical thinking', 'strategy', 'decision making', 'problem solving', 'communication', 'leadership and management', 'planning', 'writing', 'business analysis', 'marketing']",0,1,0,1,0,1,0,0,1,0,0,1,0,0,1,1,0,1,0,0,0,0,1,0,1
Functional Programming in Scala,"{"" Computer Programming"","" Programming Principles"","" Scala Programming"","" Theoretical Computer Science"","" Computational Thinking"","" Critical Thinking"","" Data Structures"","" Big Data"","" Algorithms"","" Apache"","" SQL""}",4.7,10600.0,Intermediate , 3 - 6 Months,"['Computer Programming', 'Programming Principles', 'Scala Programming', 'Theoretical Computer Science', 'Computational Thinking', 'Critical Thinking', 'Data Structures', 'Big Data', 'Algorithms', 'Apache', 'SQL']",computer programming | programming principles | scala programming | theoretical computer science | computational thinking | critical thinking | data structures | big data | algorithms | apache | sql,"['computer programming', 'critical thinking', 'algorithms', 'sql']",1,0,0,0,1,1,0,0,0,0,0,0,0,0,0,0,0,0,0,0,0,1,0,0,0
Organizational Change and Culture for Adopting Google Cloud,"{"" Cloud Computing"","" Leadership and Management"","" Strategy and Operations"","" Business Transformation"","" DevOps"","" Innovation"","" Cloud-Based Integration"","" Collaboration"","" Google Cloud Platform"","" Strategy"","" Cloud Platforms"","" Communication"","" Product Development"","" Business Analysis"","" Change Management"","" Cloud Applications"","" Cloud Clients"","" Cloud Infrastructure"","" Design and Product"","" Kubernetes"","" Organizational Development"","" Other Cloud Platforms and Tools"","" Business Intelligence"","" Customer Analysis"","" Data Analysis"","" Entrepreneurship"","" Product Management"","" Google App Engine"","" Software Engineering Tools"","" Research and Design"","" Culture""}",4.7,3500.0,Beginner , 3 - 6 Months,"['Cloud Computing', 'Leadership and Management', 'Strategy and Operations', 'Business Transformation', 'DevOps', 'Innovation', 'Cloud-Based Integration', 'Collaboration', 'Google Cloud Platform', 'Strategy', 'Cloud Platforms', 'Communication', 'Product Development', 'Business Analysis', 'Change Management', 'Cloud Applications', 'Cloud Clients', 'Cloud Infrastructure', 'Design and Product', 'Kubernetes', 'Organizational Development', 'Other Cloud Platforms and Tools', 'Business Intelligence', 'Customer Analysis', 'Data Analysis', 'Entrepreneurship', 'Product Management', 'Google App Engine', 'Software Engineering Tools', 'Research and Design', 'Culture']",cloud computing | leadership and management | strategy and operations | business transformation | devops | innovation | cloud-based integration | collaboration | google cloud platform | strategy | cloud platforms | communication | product development | business analysis | change management | cloud applications | cloud clients | cloud infrastructure | design and product | kubernetes | organizational development | other cloud platforms and tools | business intelligence | customer analysis | data analysis | entrepreneurship | product management | google app engine | software engineering tools | research and design | culture,"['cloud computing', 'leadership and management', 'strategy and operations', 'strategy', 'communication', 'business analysis', 'data analysis']",0,1,1,1,0,0,1,0,0,0,0,1,0,0,0,0,0,0,0,0,0,0,1,1,0
Professional Skills for the Workplace,"{"" Leadership and Management"","" Communication"","" Emotional Intelligence"","" Professional Development"","" Collaboration"","" Problem Solving"","" Critical Thinking"","" People Development"","" Business Psychology"","" Strategy and Operations"","" Adaptability"","" People Analysis"","" Strategy"","" Resilience"","" Entrepreneurship"","" Planning""}",4.8,2400.0,Beginner , 3 - 6 Months,"['Leadership and Management', 'Communication', 'Emotional Intelligence', 'Professional Development', 'Collaboration', 'Problem Solving', 'Critical Thinking', 'People Development', 'Business Psychology', 'Strategy and Operations', 'Adaptability', 'People Analysis', 'Strategy', 'Resilience', 'Entrepreneurship', 'Planning']",leadership and management | communication | emotional intelligence | professional development | collaboration | problem solving | critical thinking | people development | business psychology | strategy and operations | adaptability | people analysis | strategy | resilience | entrepreneurship | planning,"['leadership and management', 'communication', 'problem solving', 'critical thinking', 'strategy and operations', 'strategy', 'planning']",0,0,0,1,0,1,0,0,0,0,0,1,0,0,0,1,0,1,0,0,0,0,1,1,0
Introduction to Public Relations and the Media,"{"" Communication"","" Public Relations"","" Media Strategy & Planning"","" Strategy"","" Brand Management"","" Leadership and Management"","" Marketing"","" Strategy and Operations"","" Planning"","" Social Media"","" Critical Thinking"","" Customer Relationship Management"","" Journalism""}",4.7,360.0,Beginner , 3 - 6 Months,"['Communication', 'Public Relations', 'Media Strategy & Planning', 'Strategy', 'Brand Management', 'Leadership and Management', 'Marketing', 'Strategy and Operations', 'Planning', 'Social Media', 'Critical Thinking', 'Customer Relationship Management', 'Journalism']",communication | public relations | media strategy & planning | strategy | brand management | leadership and management | marketing | strategy and operations | planning | social media | critical thinking | customer relationship management | journalism,"['communication', 'strategy', 'leadership and management', 'marketing', 'strategy and operations', 'planning', 'critical thinking']",0,0,0,1,0,1,0,0,0,0,0,1,0,0,1,1,0,0,0,0,0,0,1,1,0
"Information Systems Auditing, Controls and Assurance","{"" Security Engineering"","" Strategy and Operations"","" Change Management"","" Audit"","" Leadership and Management"","" Risk Management""}",4.7,3200.0,Beginner , 1 - 4 Weeks,"['Security Engineering', 'Strategy and Operations', 'Change Management', 'Audit', 'Leadership and Management', 'Risk Management']",security engineering | strategy and operations | change management | audit | leadership and management | risk management,"['strategy and operations', 'leadership and management', 'risk management']",0,0,0,0,0,0,0,0,0,0,0,1,0,0,0,0,0,0,0,0,1,0,0,1,0
SAP Professional Fundamentals,"{"" Leadership and Management"","" Strategy"","" Strategy and Operations"","" Business Process Management"","" Planning"","" Project Management"","" Business Analysis"","" Business Transformation"","" Cloud-Based Integration"","" Product Management"","" Supply Chain and Logistics""}",4.7,366.0,Beginner , 1 - 3 Months,"['Leadership and Management', 'Strategy', 'Strategy and Operations', 'Business Process Management', 'Planning', 'Project Management', 'Business Analysis', 'Business Transformation', 'Cloud-Based Integration', 'Product Management', 'Supply Chain and Logistics']",leadership and management | strategy | strategy and operations | business process management | planning | project management | business analysis | business transformation | cloud-based integration | product management | supply chain and logistics,"['leadership and management', 'strategy', 'strategy and operations', 'planning', 'project management', 'business analysis']",0,1,0,0,0,0,0,0,0,0,0,1,0,0,0,1,0,0,1,0,0,0,1,1,0
"Python Functions, Files, and Dictionaries","{"" Python Programming"","" Computer Programming""}",4.9,5100.0,Beginner , 1 - 3 Months,"['Python Programming', 'Computer Programming']",python programming | computer programming,"['python programming', 'computer programming']",0,0,0,0,1,0,0,0,0,0,0,0,0,0,0,0,0,0,0,1,0,0,0,0,0
Finance for Technical Managers,"{"" Finance"","" Financial Analysis"","" Accounting"","" Investment Management"","" Cost Accounting"","" Leadership and Management"","" Financial Accounting"","" Financial Management"","" Strategy and Operations""}",4.7,87.0,Beginner , 3 - 6 Months,"['Finance', 'Financial Analysis', 'Accounting', 'Investment Management', 'Cost Accounting', 'Leadership and Management', 'Financial Accounting', 'Financial Management', 'Strategy and Operations']",finance | financial analysis | accounting | investment management | cost accounting | leadership and management | financial accounting | financial management | strategy and operations,"['finance', 'leadership and management', 'strategy and operations']",0,0,0,0,0,0,0,0,0,1,0,1,0,0,0,0,0,0,0,0,0,0,0,1,0
Electric Industry Operations and Markets,"{"" Operations Management"","" Strategy and Operations"","" Operational Analysis"","" Market Analysis"","" Supply Chain Systems"","" Operating Systems"","" Planning"","" Strategy"","" Systems Design"","" Transportation Operations Management""}",4.8,1200.0,Beginner , 1 - 4 Weeks,"['Operations Management', 'Strategy and Operations', 'Operational Analysis', 'Market Analysis', 'Supply Chain Systems', 'Operating Systems', 'Planning', 'Strategy', 'Systems Design', 'Transportation Operations Management']",operations management | strategy and operations | operational analysis | market analysis | supply chain systems | operating systems | planning | strategy | systems design | transportation operations management,"['strategy and operations', 'planning', 'strategy']",0,0,0,0,0,0,0,0,0,0,0,0,0,0,0,1,0,0,0,0,0,0,1,1,0
"Hotel Management: Distribution, Revenue and Demand Management","{"" Business Analysis"","" Leadership and Management"","" Strategy and Operations"","" Market Analysis"","" Marketing"","" Strategy"","" Business Process Management"","" Forecasting"","" Media Strategy & Planning"","" Operations Management"","" Performance Management""}",4.6,2000.0,Beginner , 3 - 6 Months,"['Business Analysis', 'Leadership and Management', 'Strategy and Operations', 'Market Analysis', 'Marketing', 'Strategy', 'Business Process Management', 'Forecasting', 'Media Strategy & Planning', 'Operations Management', 'Performance Management']",business analysis | leadership and management | strategy and operations | market analysis | marketing | strategy | business process management | forecasting | media strategy & planning | operations management | performance management,"['business analysis', 'leadership and management', 'strategy and operations', 'marketing', 'strategy']",0,1,0,0,0,0,0,0,0,0,0,1,0,0,1,0,0,0,0,0,0,0,1,1,0
Entrepreneurial Finance: Strategy and Innovation,"{"" Finance"","" Entrepreneurial Finance"","" Risk Management"","" Probability & Statistics"","" R Programming"","" Entrepreneurship"","" Data Analysis"","" Investment Management"","" Statistical Analysis"","" Statistical Programming"","" Financial Analysis"","" Leadership and Management"","" BlockChain"","" Cryptography"","" FinTech"","" Statistical Tests"","" Financial Management"","" Algorithms"","" Innovation"","" System Security"","" Microsoft Excel""}",4.5,1300.0,Intermediate , 3 - 6 Months,"['Finance', 'Entrepreneurial Finance', 'Risk Management', 'Probability & Statistics', 'R Programming', 'Entrepreneurship', 'Data Analysis', 'Investment Management', 'Statistical Analysis', 'Statistical Programming', 'Financial Analysis', 'Leadership and Management', 'BlockChain', 'Cryptography', 'FinTech', 'Statistical Tests', 'Financial Management', 'Algorithms', 'Innovation', 'System Security', 'Microsoft Excel']",finance | entrepreneurial finance | risk management | probability & statistics | r programming | entrepreneurship | data analysis | investment management | statistical analysis | statistical programming | financial analysis | leadership and management | blockchain | cryptography | fintech | statistical tests | financial management | algorithms | innovation | system security | microsoft excel,"['finance', 'risk management', 'probability & statistics', 'data analysis', 'leadership and management', 'algorithms']",1,0,0,0,0,0,1,0,0,1,0,1,0,0,0,0,1,0,0,0,1,0,0,0,0
Fundraising and Development,"{"" Planning"","" Strategy"","" Communication"","" Marketing"","" Leadership and Management"","" Organizational Development"","" Prospecting and Qualification"","" Strategy and Operations"","" Decision Making"","" People Development"","" Business Development"","" Taxes"","" Writing""}",4.6,308.0,Beginner , 3 - 6 Months,"['Planning', 'Strategy', 'Communication', 'Marketing', 'Leadership and Management', 'Organizational Development', 'Prospecting and Qualification', 'Strategy and Operations', 'Decision Making', 'People Development', 'Business Development', 'Taxes', 'Writing']",planning | strategy | communication | marketing | leadership and management | organizational development | prospecting and qualification | strategy and operations | decision making | people development | business development | taxes | writing,"['planning', 'strategy', 'communication', 'marketing', 'leadership and management', 'strategy and operations', 'decision making', 'writing']",0,0,0,1,0,0,0,0,1,0,0,1,0,0,1,1,0,0,0,0,0,0,1,1,1
Finance for Non-Finance Professionals,"{"" Accounting"","" Business Analysis"","" Data Analysis"","" Finance"","" Financial Analysis"","" Financial Management"","" Financial Accounting"","" Investment Management"","" Budget Management""}",4.8,2600.0,Beginner , 1 - 3 Months,"['Accounting', 'Business Analysis', 'Data Analysis', 'Finance', 'Financial Analysis', 'Financial Management', 'Financial Accounting', 'Investment Management', 'Budget Management']",accounting | business analysis | data analysis | finance | financial analysis | financial management | financial accounting | investment management | budget management,"['business analysis', 'data analysis', 'finance']",0,1,0,0,0,0,1,0,0,1,0,0,0,0,0,0,0,0,0,0,0,0,0,0,0
GPU Programming,"{"" Python Programming"","" Machine Learning"","" Computer Programming"","" Artificial Neural Networks"","" C Programming Language Family"","" C++ Programming"","" Algorithms"","" Data Science"","" Linear Algebra""}",2.8,66.0,Intermediate , 3 - 6 Months,"['Python Programming', 'Machine Learning', 'Computer Programming', 'Artificial Neural Networks', 'C Programming Language Family', 'C++ Programming', 'Algorithms', 'Data Science', 'Linear Algebra']",python programming | machine learning | computer programming | artificial neural networks | c programming language family | c++ programming | algorithms | data science | linear algebra,"['python programming', 'machine learning', 'computer programming', 'algorithms']",1,0,0,0,1,0,0,0,0,0,0,0,1,0,0,0,0,0,0,1,0,0,0,0,0
Étudier en France: French Intermediate course B1-B2,"{"" Communication"","" Culture"","" Writing""}",4.8,4600.0,Intermediate , 1 - 3 Months,"['Communication', 'Culture', 'Writing']",communication | culture | writing,"['communication', 'writing']",0,0,0,1,0,0,0,0,0,0,0,0,0,0,0,0,0,0,0,0,0,0,0,0,1
Engineering Project Management,"{"" Leadership and Management"","" Project Management"","" Strategy and Operations"","" Planning"","" Operations Management"","" Strategy"","" Critical Thinking"","" Decision Making"","" Performance Management"","" Risk Management"","" Organizational Development"","" Leadership Development"","" People Management"","" Business Process Management"","" Change Management"","" Conflict Management"","" Estimation""}",4.7,4200.0,Beginner , 3 - 6 Months,"['Leadership and Management', 'Project Management', 'Strategy and Operations', 'Planning', 'Operations Management', 'Strategy', 'Critical Thinking', 'Decision Making', 'Performance Management', 'Risk Management', 'Organizational Development', 'Leadership Development', 'People Management', 'Business Process Management', 'Change Management', 'Conflict Management', 'Estimation']",leadership and management | project management | strategy and operations | planning | operations management | strategy | critical thinking | decision making | performance management | risk management | organizational development | leadership development | people management | business process management | change management | conflict management | estimation,"['leadership and management', 'project management', 'strategy and operations', 'planning', 'strategy', 'critical thinking', 'decision making', 'risk management']",0,0,0,0,0,1,0,0,1,0,0,1,0,0,0,1,0,0,1,0,1,0,1,1,0
Robotic Process Automation (RPA),"{"" Computer Programming"","" User Experience Design""}",4.7,321.0,Beginner , 3 - 6 Months,"['Computer Programming', 'User Experience Design']",computer programming | user experience design,['computer programming'],0,0,0,0,1,0,0,0,0,0,0,0,0,0,0,0,0,0,0,0,0,0,0,0,0
ESG Risks and Opportunities,"{"" Critical Thinking"","" Investment Management"","" Leadership and Management"","" Regulations and Compliance"","" Risk Management"","" Strategy"","" Strategy and Operations"","" Business Analysis"","" Business Transformation"","" Decision Making""}",4.6,524.0,Beginner , 1 - 4 Weeks,"['Critical Thinking', 'Investment Management', 'Leadership and Management', 'Regulations and Compliance', 'Risk Management', 'Strategy', 'Strategy and Operations', 'Business Analysis', 'Business Transformation', 'Decision Making']",critical thinking | investment management | leadership and management | regulations and compliance | risk management | strategy | strategy and operations | business analysis | business transformation | decision making,"['critical thinking', 'leadership and management', 'risk management', 'strategy', 'strategy and operations', 'business analysis', 'decision making']",0,1,0,0,0,1,0,0,1,0,0,1,0,0,0,0,0,0,0,0,1,0,1,1,0
Natural Language Processing in TensorFlow,"{"" Machine Learning"","" Natural Language Processing"","" Deep Learning"","" Machine Learning Algorithms"","" Tensorflow"","" Python Programming"","" Computer Programming"","" Artificial Neural Networks"","" Machine Learning Software"","" Network Model""}",4.6,6300.0,Intermediate , 1 - 4 Weeks,"['Machine Learning', 'Natural Language Processing', 'Deep Learning', 'Machine Learning Algorithms', 'Tensorflow', 'Python Programming', 'Computer Programming', 'Artificial Neural Networks', 'Machine Learning Software', 'Network Model']",machine learning | natural language processing | deep learning | machine learning algorithms | tensorflow | python programming | computer programming | artificial neural networks | machine learning software | network model,"['machine learning', 'machine learning algorithms', 'python programming', 'computer programming']",0,0,0,0,1,0,0,0,0,0,0,0,1,1,0,0,0,0,0,1,0,0,0,0,0
Construction Project Management,"{"" Project Management"","" Strategy and Operations"","" Leadership and Management"","" Operations Management"","" Change Management"","" Entrepreneurship"","" Planning"","" Supply Chain and Logistics""}",4.8,6300.0,Beginner , 1 - 3 Months,"['Project Management', 'Strategy and Operations', 'Leadership and Management', 'Operations Management', 'Change Management', 'Entrepreneurship', 'Planning', 'Supply Chain and Logistics']",project management | strategy and operations | leadership and management | operations management | change management | entrepreneurship | planning | supply chain and logistics,"['project management', 'strategy and operations', 'leadership and management', 'planning']",0,0,0,0,0,0,0,0,0,0,0,1,0,0,0,1,0,0,1,0,0,0,0,1,0
Machine Learning Foundations for Product Managers,"{"" Machine Learning"","" Machine Learning Algorithms"","" Probability & Statistics"","" Regression"","" Applied Machine Learning"","" Data Analysis"","" Data Mining"","" Deep Learning"","" Algorithms"","" Data Science""}",4.6,261.0,Beginner , 1 - 3 Months,"['Machine Learning', 'Machine Learning Algorithms', 'Probability & Statistics', 'Regression', 'Applied Machine Learning', 'Data Analysis', 'Data Mining', 'Deep Learning', 'Algorithms', 'Data Science']",machine learning | machine learning algorithms | probability & statistics | regression | applied machine learning | data analysis | data mining | deep learning | algorithms | data science,"['machine learning', 'machine learning algorithms', 'probability & statistics', 'data analysis', 'algorithms']",1,0,0,0,0,0,1,0,0,0,0,0,1,1,0,0,1,0,0,0,0,0,0,0,0
Principles of Sustainable Finance,"{"" Finance"","" Risk Management"","" Critical Thinking"","" Financial Management"","" Leadership and Management"","" Strategy and Operations"","" Business Transformation"","" Decision Making"","" Financial Analysis"","" Strategy""}",4.7,1500.0,Intermediate , 1 - 3 Months,"['Finance', 'Risk Management', 'Critical Thinking', 'Financial Management', 'Leadership and Management', 'Strategy and Operations', 'Business Transformation', 'Decision Making', 'Financial Analysis', 'Strategy']",finance | risk management | critical thinking | financial management | leadership and management | strategy and operations | business transformation | decision making | financial analysis | strategy,"['finance', 'risk management', 'critical thinking', 'leadership and management', 'strategy and operations', 'decision making', 'strategy']",0,0,0,0,0,1,0,0,1,1,0,1,0,0,0,0,0,0,0,0,1,0,1,1,0
Marketing Analytics,"{"" Business Analysis"","" Data Analysis"","" Market Analysis"","" Marketing"","" Brand Management"","" Customer Analysis"","" Customer Relationship Management"","" Strategy"","" Digital Marketing"","" Probability & Statistics"","" Regression""}",4.7,6300.0,Beginner , 1 - 3 Months,"['Business Analysis', 'Data Analysis', 'Market Analysis', 'Marketing', 'Brand Management', 'Customer Analysis', 'Customer Relationship Management', 'Strategy', 'Digital Marketing', 'Probability & Statistics', 'Regression']",business analysis | data analysis | market analysis | marketing | brand management | customer analysis | customer relationship management | strategy | digital marketing | probability & statistics | regression,"['business analysis', 'data analysis', 'marketing', 'strategy', 'probability & statistics']",0,1,0,0,0,0,1,0,0,0,0,0,0,0,1,0,1,0,0,0,0,0,1,0,0
Fractal Data Science,"{"" Communication"","" Critical Thinking"","" Data Analysis"","" Data Model"","" Exploratory Data Analysis"","" Feature Engineering"","" Power BI"","" Problem Solving"","" SQL"","" Storytelling""}",3.9,19.0,Beginner , 3 - 6 Months,"['Communication', 'Critical Thinking', 'Data Analysis', 'Data Model', 'Exploratory Data Analysis', 'Feature Engineering', 'Power BI', 'Problem Solving', 'SQL', 'Storytelling']",communication | critical thinking | data analysis | data model | exploratory data analysis | feature engineering | power bi | problem solving | sql | storytelling,"['communication', 'critical thinking', 'data analysis', 'problem solving', 'sql']",0,0,0,1,0,1,1,0,0,0,0,0,0,0,0,0,0,1,0,0,0,1,0,0,0
Programming with JavaScript,"{"" Javascript"","" Front-End Web Development"","" Computer Programming"","" Web Development Tools""}",4.7,3100.0,Beginner , 1 - 3 Months,"['Javascript', 'Front-End Web Development', 'Computer Programming', 'Web Development Tools']",javascript | front-end web development | computer programming | web development tools,['computer programming'],0,0,0,0,1,0,0,0,0,0,0,0,0,0,0,0,0,0,0,0,0,0,0,0,0
Coaching Skills for Managers,"{"" Leadership and Management"","" Human Resources"","" Communication"","" Employee Relations"","" People Management"","" Leadership Development"","" People Development"","" Performance Management"","" Professional Development"","" Organizational Development"","" Talent Management"","" Business Psychology"","" Emotional Intelligence"","" Problem Solving"","" Training"","" People Analysis"","" Entrepreneurship"","" Strategy and Operations"","" Strategy""}",4.8,2500.0,Intermediate , 3 - 6 Months,"['Leadership and Management', 'Human Resources', 'Communication', 'Employee Relations', 'People Management', 'Leadership Development', 'People Development', 'Performance Management', 'Professional Development', 'Organizational Development', 'Talent Management', 'Business Psychology', 'Emotional Intelligence', 'Problem Solving', 'Training', 'People Analysis', 'Entrepreneurship', 'Strategy and Operations', 'Strategy']",leadership and management | human resources | communication | employee relations | people management | leadership development | people development | performance management | professional development | organizational development | talent management | business psychology | emotional intelligence | problem solving | training | people analysis | entrepreneurship | strategy and operations | strategy,"['leadership and management', 'communication', 'problem solving', 'strategy and operations', 'strategy']",0,0,0,1,0,0,0,0,0,0,0,1,0,0,0,0,0,1,0,0,0,0,1,1,0
Driving business towards the Sustainable Development Goals,"{"" Critical Thinking"","" Innovation"","" Leadership and Management"","" Problem Solving"","" Strategy"","" Business Transformation"","" Collaboration"","" Entrepreneurship"","" People Development"","" Organizational Development""}",4.8,1200.0,Beginner , 1 - 3 Months,"['Critical Thinking', 'Innovation', 'Leadership and Management', 'Problem Solving', 'Strategy', 'Business Transformation', 'Collaboration', 'Entrepreneurship', 'People Development', 'Organizational Development']",critical thinking | innovation | leadership and management | problem solving | strategy | business transformation | collaboration | entrepreneurship | people development | organizational development,"['critical thinking', 'leadership and management', 'problem solving', 'strategy']",0,0,0,0,0,1,0,0,0,0,0,1,0,0,0,0,0,1,0,0,0,0,1,0,0
Financial Accounting Fundamentals,"{"" Account Management"","" Accounting"","" Accounts Payable and Receivable"","" Finance"","" Financial Accounting"","" Financial Analysis"","" General Accounting"","" Generally Accepted Accounting Principles (GAAP)"","" Financial Management"","" Payments""}",4.8,2500.0,Beginner , 1 - 3 Months,"['Account Management', 'Accounting', 'Accounts Payable and Receivable', 'Finance', 'Financial Accounting', 'Financial Analysis', 'General Accounting', 'Generally Accepted Accounting Principles (GAAP)', 'Financial Management', 'Payments']",account management | accounting | accounts payable and receivable | finance | financial accounting | financial analysis | general accounting | generally accepted accounting principles (gaap) | financial management | payments,['finance'],0,0,0,0,0,0,0,0,0,1,0,0,0,0,0,0,0,0,0,0,0,0,0,0,0
Marketing Strategy,"{"" Marketing"","" Market Analysis"","" Strategy"","" Marketing Management"","" Market Research"","" Product Marketing"","" Brand Management"","" Customer Analysis"","" Media Strategy & Planning"","" Product Strategy"","" Strategy and Operations"","" People Analysis"","" Decision Making"","" Behavioral Economics"","" Customer Success"","" Process Analysis"","" Product Management"","" Data Analysis"","" Planning"","" Product Development"","" Communication""}",4.5,5800.0,Beginner , 3 - 6 Months,"['Marketing', 'Market Analysis', 'Strategy', 'Marketing Management', 'Market Research', 'Product Marketing', 'Brand Management', 'Customer Analysis', 'Media Strategy & Planning', 'Product Strategy', 'Strategy and Operations', 'People Analysis', 'Decision Making', 'Behavioral Economics', 'Customer Success', 'Process Analysis', 'Product Management', 'Data Analysis', 'Planning', 'Product Development', 'Communication']",marketing | market analysis | strategy | marketing management | market research | product marketing | brand management | customer analysis | media strategy & planning | product strategy | strategy and operations | people analysis | decision making | behavioral economics | customer success | process analysis | product management | data analysis | planning | product development | communication,"['marketing', 'strategy', 'strategy and operations', 'decision making', 'data analysis', 'planning', 'communication']",0,0,0,1,0,0,1,0,1,0,0,0,0,0,1,1,0,0,0,0,0,0,1,1,0
Science of Exercise,"{"" Health"","" Training""}",4.8,4400.0,Beginner , 1 - 4 Weeks,"['Health', 'Training']",health | training,[],0,0,0,0,0,0,0,0,0,0,0,0,0,0,0,0,0,0,0,0,0,0,0,0,0
Data Visualization with Python,"{"" Data Visualization"","" Python Programming"","" Statistical Programming"","" Statistical Visualization"","" Plot (Graphics)"","" Computer Programming""}",4.5,11300.0,Intermediate , 1 - 3 Months,"['Data Visualization', 'Python Programming', 'Statistical Programming', 'Statistical Visualization', 'Plot (Graphics)', 'Computer Programming']",data visualization | python programming | statistical programming | statistical visualization | plot (graphics) | computer programming,"['python programming', 'computer programming']",0,0,0,0,1,0,0,0,0,0,0,0,0,0,0,0,0,0,0,1,0,0,0,0,0
C Programming with Linux,"{"" Computer Programming"","" Computer Programming Tools"","" Linux""}",4.6,258.0,Beginner , 3 - 6 Months,"['Computer Programming', 'Computer Programming Tools', 'Linux']",computer programming | computer programming tools | linux,['computer programming'],0,0,0,0,1,0,0,0,0,0,0,0,0,0,0,0,0,0,0,0,0,0,0,0,0
Cybersecurity Attack and Defense Fundamentals,"{"" Network Security"","" Security Engineering"","" System Security"","" Computer Networking"","" Computer Security Incident Management"","" Software Security"","" Computer Security Models"","" Mobile Security"","" Cyberattacks"","" Security Software"","" Internet Of Things"","" Network Architecture"","" Cloud Computing"","" Critical Thinking"","" Kubernetes"","" Regulations and Compliance""}",4.6,279.0,Beginner , 3 - 6 Months,"['Network Security', 'Security Engineering', 'System Security', 'Computer Networking', 'Computer Security Incident Management', 'Software Security', 'Computer Security Models', 'Mobile Security', 'Cyberattacks', 'Security Software', 'Internet Of Things', 'Network Architecture', 'Cloud Computing', 'Critical Thinking', 'Kubernetes', 'Regulations and Compliance']",network security | security engineering | system security | computer networking | computer security incident management | software security | computer security models | mobile security | cyberattacks | security software | internet of things | network architecture | cloud computing | critical thinking | kubernetes | regulations and compliance,"['cloud computing', 'critical thinking']",0,0,1,0,0,1,0,0,0,0,0,0,0,0,0,0,0,0,0,0,0,0,0,0,0
Sports Performance Analytics,"{"" Data Analysis"","" Python Programming"","" Statistical Analysis"","" General Statistics"","" Probability & Statistics"","" Statistical Programming"","" Regression"","" Exploratory Data Analysis"","" Statistical Tests"","" Basic Descriptive Statistics"","" Correlation And Dependence"","" Machine Learning Algorithms""}",4.5,206.0,Intermediate , 3 - 6 Months,"['Data Analysis', 'Python Programming', 'Statistical Analysis', 'General Statistics', 'Probability & Statistics', 'Statistical Programming', 'Regression', 'Exploratory Data Analysis', 'Statistical Tests', 'Basic Descriptive Statistics', 'Correlation And Dependence', 'Machine Learning Algorithms']",data analysis | python programming | statistical analysis | general statistics | probability & statistics | statistical programming | regression | exploratory data analysis | statistical tests | basic descriptive statistics | correlation and dependence | machine learning algorithms,"['data analysis', 'python programming', 'probability & statistics', 'machine learning algorithms']",0,0,0,0,0,0,1,0,0,0,0,0,0,1,0,0,1,0,0,1,0,0,0,0,0
Marketing en redes sociales de Meta,"{"" Communication"","" Marketing"","" Social Media"","" Advertising"","" Marketing Management"","" Strategy"","" Media Strategy & Planning"","" Market Analysis"","" Strategy and Operations"","" Leadership and Management"","" Product Marketing"","" Brand Management"","" Marketing Design"","" Digital Marketing"","" E-Commerce"","" Decision Making"","" Influencing"","" Public Relations"","" Planning"","" User Experience"","" Budget Management"","" Business Analysis"","" Entrepreneurship"","" Market Research"","" Statistical Analysis"","" Emotional Intelligence""}",4.9,885.0,Beginner , 3 - 6 Months,"['Communication', 'Marketing', 'Social Media', 'Advertising', 'Marketing Management', 'Strategy', 'Media Strategy & Planning', 'Market Analysis', 'Strategy and Operations', 'Leadership and Management', 'Product Marketing', 'Brand Management', 'Marketing Design', 'Digital Marketing', 'E-Commerce', 'Decision Making', 'Influencing', 'Public Relations', 'Planning', 'User Experience', 'Budget Management', 'Business Analysis', 'Entrepreneurship', 'Market Research', 'Statistical Analysis', 'Emotional Intelligence']",communication | marketing | social media | advertising | marketing management | strategy | media strategy & planning | market analysis | strategy and operations | leadership and management | product marketing | brand management | marketing design | digital marketing | e-commerce | decision making | influencing | public relations | planning | user experience | budget management | business analysis | entrepreneurship | market research | statistical analysis | emotional intelligence,"['communication', 'marketing', 'strategy', 'strategy and operations', 'leadership and management', 'decision making', 'planning', 'business analysis']",0,1,0,1,0,0,0,0,1,0,0,1,0,0,1,1,0,0,0,0,0,0,1,1,0
Introduction to Computers and Operating Systems and Security,"{"" Cloud Computing"","" Computer Architecture"","" Operating Systems""}",4.8,441.0,Beginner , 1 - 4 Weeks,"['Cloud Computing', 'Computer Architecture', 'Operating Systems']",cloud computing | computer architecture | operating systems,['cloud computing'],0,0,1,0,0,0,0,0,0,0,0,0,0,0,0,0,0,0,0,0,0,0,0,0,0
Introductory C Programming,"{"" Python Programming"","" Computer Programming"","" C Programming Language Family"","" Algorithms"","" Computational Logic"","" Critical Thinking"","" Problem Solving"","" Process Analysis"","" Programming Principles"","" Computer Programming Tools"","" Data Visualization"","" Theoretical Computer Science"","" Computational Thinking"","" Software Testing"","" Writing"","" Software Engineering"","" User Experience""}",4.6,7100.0,Beginner , 3 - 6 Months,"['Python Programming', 'Computer Programming', 'C Programming Language Family', 'Algorithms', 'Computational Logic', 'Critical Thinking', 'Problem Solving', 'Process Analysis', 'Programming Principles', 'Computer Programming Tools', 'Data Visualization', 'Theoretical Computer Science', 'Computational Thinking', 'Software Testing', 'Writing', 'Software Engineering', 'User Experience']",python programming | computer programming | c programming language family | algorithms | computational logic | critical thinking | problem solving | process analysis | programming principles | computer programming tools | data visualization | theoretical computer science | computational thinking | software testing | writing | software engineering | user experience,"['python programming', 'computer programming', 'algorithms', 'critical thinking', 'problem solving', 'writing']",1,0,0,0,1,1,0,0,0,0,0,0,0,0,0,0,0,1,0,1,0,0,0,0,1
Artificial Intelligence: an Overview,"{"" Machine Learning"","" Leadership and Management"","" Algorithms"","" Machine Learning Algorithms"","" Human Computer Interaction"","" Human Learning"","" Regulations and Compliance"","" Reinforcement Learning"","" Computational Thinking"","" Critical Thinking"","" Strategy"","" Planning""}",4.5,185.0,Beginner , 3 - 6 Months,"['Machine Learning', 'Leadership and Management', 'Algorithms', 'Machine Learning Algorithms', 'Human Computer Interaction', 'Human Learning', 'Regulations and Compliance', 'Reinforcement Learning', 'Computational Thinking', 'Critical Thinking', 'Strategy', 'Planning']",machine learning | leadership and management | algorithms | machine learning algorithms | human computer interaction | human learning | regulations and compliance | reinforcement learning | computational thinking | critical thinking | strategy | planning,"['machine learning', 'leadership and management', 'algorithms', 'machine learning algorithms', 'human learning', 'critical thinking', 'strategy', 'planning']",1,0,0,0,0,1,0,0,0,0,1,1,1,1,0,1,0,0,0,0,0,0,1,0,0
Social Media Management,"{"" Brand Management"","" Digital Marketing"","" Marketing"","" Media Strategy & Planning"","" Social Media"","" Strategy and Operations"","" Advertising"","" Communication"","" Creativity"","" Leadership and Management"","" Planning""}",4.9,4500.0,Beginner , 1 - 4 Weeks,"['Brand Management', 'Digital Marketing', 'Marketing', 'Media Strategy & Planning', 'Social Media', 'Strategy and Operations', 'Advertising', 'Communication', 'Creativity', 'Leadership and Management', 'Planning']",brand management | digital marketing | marketing | media strategy & planning | social media | strategy and operations | advertising | communication | creativity | leadership and management | planning,"['marketing', 'strategy and operations', 'communication', 'leadership and management', 'planning']",0,0,0,1,0,0,0,0,0,0,0,1,0,0,1,1,0,0,0,0,0,0,0,1,0
The Pronunciation of American English,"{"" Communication""}",4.8,963.0,Beginner , 3 - 6 Months,['Communication'],communication,['communication'],0,0,0,1,0,0,0,0,0,0,0,0,0,0,0,0,0,0,0,0,0,0,0,0,0
AI Applications in Marketing and Finance,"{"" Business Analysis"","" Machine Learning"","" Customer Analysis"","" Finance"","" Financial Accounting"","" Marketing"","" Probability & Statistics"","" Statistical Machine Learning"","" User Experience""}",4.7,147.0,Mixed , 1 - 4 Weeks,"['Business Analysis', 'Machine Learning', 'Customer Analysis', 'Finance', 'Financial Accounting', 'Marketing', 'Probability & Statistics', 'Statistical Machine Learning', 'User Experience']",business analysis | machine learning | customer analysis | finance | financial accounting | marketing | probability & statistics | statistical machine learning | user experience,"['business analysis', 'machine learning', 'finance', 'marketing', 'probability & statistics']",0,1,0,0,0,0,0,0,0,1,0,0,1,0,1,0,1,0,0,0,0,0,0,0,0
Pre-MBA Statistics,"{"" Data Analysis"","" Data Science"","" General Statistics""}",4.5,143.0,Beginner , 1 - 3 Months,"['Data Analysis', 'Data Science', 'General Statistics']",data analysis | data science | general statistics,['data analysis'],0,0,0,0,0,0,1,0,0,0,0,0,0,0,0,0,0,0,0,0,0,0,0,0,0
Hands-on Introduction to Linux Commands and Shell Scripting,"{"" Linux""}",4.7,933.0,Beginner , 1 - 4 Weeks,['Linux'],linux,[],0,0,0,0,0,0,0,0,0,0,0,0,0,0,0,0,0,0,0,0,0,0,0,0,0
An Introduction to Programming the Internet of Things (IOT),"{"" Internet Of Things"","" Computer Programming"","" Computer Programming Tools"","" Hardware Design"","" Computer Networking"","" Programming Principles"","" Networking Hardware"","" Python Programming"","" System Programming"","" Communication"","" Computational Thinking"","" Computer Architecture"","" Operating Systems"","" Microarchitecture"","" Systems Design"","" C Programming Language Family"","" Human Computer Interaction"","" Network Architecture"","" Problem Solving"","" C++ Programming"","" Application Development"","" Graphics Software"","" Network Model"","" Other Programming Languages"","" Software-Defined Networking""}",4.7,19600.0,Beginner , 3 - 6 Months,"['Internet Of Things', 'Computer Programming', 'Computer Programming Tools', 'Hardware Design', 'Computer Networking', 'Programming Principles', 'Networking Hardware', 'Python Programming', 'System Programming', 'Communication', 'Computational Thinking', 'Computer Architecture', 'Operating Systems', 'Microarchitecture', 'Systems Design', 'C Programming Language Family', 'Human Computer Interaction', 'Network Architecture', 'Problem Solving', 'C++ Programming', 'Application Development', 'Graphics Software', 'Network Model', 'Other Programming Languages', 'Software-Defined Networking']",internet of things | computer programming | computer programming tools | hardware design | computer networking | programming principles | networking hardware | python programming | system programming | communication | computational thinking | computer architecture | operating systems | microarchitecture | systems design | c programming language family | human computer interaction | network architecture | problem solving | c++ programming | application development | graphics software | network model | other programming languages | software-defined networking,"['computer programming', 'python programming', 'communication', 'problem solving']",0,0,0,1,1,0,0,0,0,0,0,0,0,0,0,0,0,1,0,1,0,0,0,0,0
Sales and CRM Overview,"{"" Customer Relationship Management"","" Sales"","" Databases"","" Sales Systems"","" Salesforce"","" B2B Sales"","" Customer Success"","" Leadership and Management"","" Marketing"","" Operations Management""}",4.5,826.0,Beginner , 1 - 4 Weeks,"['Customer Relationship Management', 'Sales', 'Databases', 'Sales Systems', 'Salesforce', 'B2B Sales', 'Customer Success', 'Leadership and Management', 'Marketing', 'Operations Management']",customer relationship management | sales | databases | sales systems | salesforce | b2b sales | customer success | leadership and management | marketing | operations management,"['leadership and management', 'marketing']",0,0,0,0,0,0,0,0,0,0,0,1,0,0,1,0,0,0,0,0,0,0,0,0,0
Harnessing the Power of Data with Power BI,"{"" Data Analysis"","" Extract"","" Transform"","" Load"","" Power BI""}",4.5,201.0,Beginner , 1 - 4 Weeks,"['Data Analysis', 'Extract', 'Transform', 'Load', 'Power BI']",data analysis | extract | transform | load | power bi,['data analysis'],0,0,0,0,0,0,1,0,0,0,0,0,0,0,0,0,0,0,0,0,0,0,0,0,0
Finding Your Professional Voice: Confidence & Impact,"{"" Communication""}",4.8,237.0,Beginner , 1 - 4 Weeks,['Communication'],communication,['communication'],0,0,0,1,0,0,0,0,0,0,0,0,0,0,0,0,0,0,0,0,0,0,0,0,0
Fundamentos de la ciberseguridad,"{"" Python Programming"","" SQL""}",4.9,887.0,Beginner , 1 - 4 Weeks,"['Python Programming', 'SQL']",python programming | sql,"['python programming', 'sql']",0,0,0,0,0,0,0,0,0,0,0,0,0,0,0,0,0,0,0,1,0,1,0,0,0
Creative Thinking: Techniques and Tools for Success,"{"" Creativity"","" Problem Solving""}",4.7,4000.0,Beginner , 1 - 3 Months,"['Creativity', 'Problem Solving']",creativity | problem solving,['problem solving'],0,0,0,0,0,0,0,0,0,0,0,0,0,0,0,0,0,1,0,0,0,0,0,0,0
Leading Diverse Teams & Organizations,"{"" Communication"","" Leadership and Management""}",4.8,326.0,Beginner , 1 - 4 Weeks,"['Communication', 'Leadership and Management']",communication | leadership and management,"['communication', 'leadership and management']",0,0,0,1,0,0,0,0,0,0,0,1,0,0,0,0,0,0,0,0,0,0,0,0,0
Learn English: Intermediate Grammar,"{"" Writing"","" Communication""}",4.8,5100.0,Intermediate , 3 - 6 Months,"['Writing', 'Communication']",writing | communication,"['writing', 'communication']",0,0,0,1,0,0,0,0,0,0,0,0,0,0,0,0,0,0,0,0,0,0,0,0,1
International Organizations Management,"{"" Entrepreneurship"","" Leadership and Management"","" Business Psychology"","" Organizational Development"","" Collaboration"","" Communication"","" Marketing"","" Sales"","" Strategy"","" Strategy and Operations""}",4.8,1700.0,Beginner , 1 - 3 Months,"['Entrepreneurship', 'Leadership and Management', 'Business Psychology', 'Organizational Development', 'Collaboration', 'Communication', 'Marketing', 'Sales', 'Strategy', 'Strategy and Operations']",entrepreneurship | leadership and management | business psychology | organizational development | collaboration | communication | marketing | sales | strategy | strategy and operations,"['leadership and management', 'communication', 'marketing', 'strategy', 'strategy and operations']",0,0,0,1,0,0,0,0,0,0,0,1,0,0,1,0,0,0,0,0,0,0,1,1,0
Programming with Google Go,"{"" Computer Programming"","" Programming Principles"","" Software Engineering"","" Theoretical Computer Science"","" Computational Thinking"","" Critical Thinking"","" Algorithms"","" Data Structures"","" Problem Solving"","" Computational Logic"","" Computer Programming Tools"","" Operating Systems"","" Software Architecture"","" System Software"","" Application Development"","" Computer Architecture""}",4.6,2700.0,Intermediate , 3 - 6 Months,"['Computer Programming', 'Programming Principles', 'Software Engineering', 'Theoretical Computer Science', 'Computational Thinking', 'Critical Thinking', 'Algorithms', 'Data Structures', 'Problem Solving', 'Computational Logic', 'Computer Programming Tools', 'Operating Systems', 'Software Architecture', 'System Software', 'Application Development', 'Computer Architecture']",computer programming | programming principles | software engineering | theoretical computer science | computational thinking | critical thinking | algorithms | data structures | problem solving | computational logic | computer programming tools | operating systems | software architecture | system software | application development | computer architecture,"['computer programming', 'critical thinking', 'algorithms', 'problem solving']",1,0,0,0,1,1,0,0,0,0,0,0,0,0,0,0,0,1,0,0,0,0,0,0,0
Microeconomics: The Power of Markets,"{"" Problem Solving"","" Market Analysis"","" Behavioral Economics"","" Business Analysis"","" Decision Making"","" Finance"","" Market Research"","" Mathematics"","" Econometrics""}",4.7,1400.0,Mixed , 1 - 3 Months,"['Problem Solving', 'Market Analysis', 'Behavioral Economics', 'Business Analysis', 'Decision Making', 'Finance', 'Market Research', 'Mathematics', 'Econometrics']",problem solving | market analysis | behavioral economics | business analysis | decision making | finance | market research | mathematics | econometrics,"['problem solving', 'business analysis', 'decision making', 'finance']",0,1,0,0,0,0,0,0,1,1,0,0,0,0,0,0,0,1,0,0,0,0,0,0,0
Fundamentals of Computing,"{"" Computer Programming"","" Python Programming"","" Programming Principles"","" Mathematics"","" Algorithms"","" Computational Logic"","" Computational Thinking"","" Computer Programming Tools"","" Critical Thinking"","" Problem Solving"","" Theoretical Computer Science"","" Visualization (Computer Graphics)"","" Computer Graphics"","" Data Structures"","" Graph Theory"","" Probability & Statistics"","" Combinatorics""}",4.8,4000.0,Beginner , 3 - 6 Months,"['Computer Programming', 'Python Programming', 'Programming Principles', 'Mathematics', 'Algorithms', 'Computational Logic', 'Computational Thinking', 'Computer Programming Tools', 'Critical Thinking', 'Problem Solving', 'Theoretical Computer Science', 'Visualization (Computer Graphics)', 'Computer Graphics', 'Data Structures', 'Graph Theory', 'Probability & Statistics', 'Combinatorics']",computer programming | python programming | programming principles | mathematics | algorithms | computational logic | computational thinking | computer programming tools | critical thinking | problem solving | theoretical computer science | visualization (computer graphics) | computer graphics | data structures | graph theory | probability & statistics | combinatorics,"['computer programming', 'python programming', 'algorithms', 'critical thinking', 'problem solving', 'probability & statistics']",1,0,0,0,1,1,0,0,0,0,0,0,0,0,0,0,1,1,0,1,0,0,0,0,0
Getting Started with Git and GitHub,"{"" Collaboration"","" Leadership and Management"","" Mergers & Acquisitions"","" Software Engineering"","" Software Engineering Tools""}",4.7,673.0,Beginner , 1 - 4 Weeks,"['Collaboration', 'Leadership and Management', 'Mergers & Acquisitions', 'Software Engineering', 'Software Engineering Tools']",collaboration | leadership and management | mergers & acquisitions | software engineering | software engineering tools,['leadership and management'],0,0,0,0,0,0,0,0,0,0,0,1,0,0,0,0,0,0,0,0,0,0,0,0,0
Assets in Accounting,"{"" Accounting"","" General Accounting"","" Accounts Payable and Receivable"","" Cost Accounting"","" Finance"","" Financial Accounting"","" Financial Management"","" Inventory Management""}",4.4,836.0,Beginner , 1 - 4 Weeks,"['Accounting', 'General Accounting', 'Accounts Payable and Receivable', 'Cost Accounting', 'Finance', 'Financial Accounting', 'Financial Management', 'Inventory Management']",accounting | general accounting | accounts payable and receivable | cost accounting | finance | financial accounting | financial management | inventory management,['finance'],0,0,0,0,0,0,0,0,0,1,0,0,0,0,0,0,0,0,0,0,0,0,0,0,0
AI and Public Health,"{"" Artificial Neural Networks"","" Exploratory Data Analysis"","" Python Programming""}",4.8,117.0,Beginner , 1 - 4 Weeks,"['Artificial Neural Networks', 'Exploratory Data Analysis', 'Python Programming']",artificial neural networks | exploratory data analysis | python programming,['python programming'],0,0,0,0,0,0,0,0,0,0,0,0,0,0,0,0,0,0,0,1,0,0,0,0,0
Introduction to User Experience Design,"{"" User Experience"","" User Experience Design"","" User Research"","" Customer Analysis"","" Design and Product"","" Interactive Design"","" Product Design"","" Research and Design"","" Human Computer Interaction"","" Product Development""}",4.5,8000.0,Beginner , 1 - 3 Months,"['User Experience', 'User Experience Design', 'User Research', 'Customer Analysis', 'Design and Product', 'Interactive Design', 'Product Design', 'Research and Design', 'Human Computer Interaction', 'Product Development']",user experience | user experience design | user research | customer analysis | design and product | interactive design | product design | research and design | human computer interaction | product development,[],0,0,0,0,0,0,0,0,0,0,0,0,0,0,0,0,0,0,0,0,0,0,0,0,0
Moral Foundations of Politics,"{"" Critical Thinking""}",4.9,5500.0,Mixed , 1 - 3 Months,['Critical Thinking'],critical thinking,['critical thinking'],0,0,0,0,0,1,0,0,0,0,0,0,0,0,0,0,0,0,0,0,0,0,0,0,0
Satisfaction Guaranteed: Develop Customer Loyalty Online,"{"" Digital Marketing"","" Marketing"","" Sales"","" E-Commerce"","" Social Media""}",4.8,2100.0,Beginner , 1 - 4 Weeks,"['Digital Marketing', 'Marketing', 'Sales', 'E-Commerce', 'Social Media']",digital marketing | marketing | sales | e-commerce | social media,['marketing'],0,0,0,0,0,0,0,0,0,0,0,0,0,0,1,0,0,0,0,0,0,0,0,0,0
Business Strategies for A Better World,"{"" Strategy"","" Critical Thinking"","" Strategy and Operations"","" Leadership and Management"","" Decision Making"","" Business Analysis"","" Business Development"","" Entrepreneurship"","" People Development"","" Business Psychology"","" Business Transformation"","" Data Analysis"","" Organizational Development"","" People Analysis"","" Problem Solving"","" Business Process Management"","" Financial Analysis"","" General Statistics"","" Geostatistics"","" Planning"","" Human Learning"","" Regulations and Compliance"","" Basic Descriptive Statistics"","" Finance"","" Operations Management"","" Statistical Analysis""}",4.7,1700.0,Beginner , 3 - 6 Months,"['Strategy', 'Critical Thinking', 'Strategy and Operations', 'Leadership and Management', 'Decision Making', 'Business Analysis', 'Business Development', 'Entrepreneurship', 'People Development', 'Business Psychology', 'Business Transformation', 'Data Analysis', 'Organizational Development', 'People Analysis', 'Problem Solving', 'Business Process Management', 'Financial Analysis', 'General Statistics', 'Geostatistics', 'Planning', 'Human Learning', 'Regulations and Compliance', 'Basic Descriptive Statistics', 'Finance', 'Operations Management', 'Statistical Analysis']",strategy | critical thinking | strategy and operations | leadership and management | decision making | business analysis | business development | entrepreneurship | people development | business psychology | business transformation | data analysis | organizational development | people analysis | problem solving | business process management | financial analysis | general statistics | geostatistics | planning | human learning | regulations and compliance | basic descriptive statistics | finance | operations management | statistical analysis,"['strategy', 'critical thinking', 'strategy and operations', 'leadership and management', 'decision making', 'business analysis', 'data analysis', 'problem solving', 'planning', 'human learning', 'finance']",0,1,0,0,0,1,1,0,1,1,1,1,0,0,0,1,0,1,0,0,0,0,1,1,0
AI for Medical Diagnosis,"{"" Machine Learning"","" Artificial Neural Networks"","" Deep Learning"","" Python Programming"","" Statistical Programming""}",4.7,1900.0,Intermediate , 1 - 4 Weeks,"['Machine Learning', 'Artificial Neural Networks', 'Deep Learning', 'Python Programming', 'Statistical Programming']",machine learning | artificial neural networks | deep learning | python programming | statistical programming,"['machine learning', 'python programming']",0,0,0,0,0,0,0,0,0,0,0,0,1,0,0,0,0,0,0,1,0,0,0,0,0
Advanced Embedded Linux Development,"{"" Computer Programming"","" Operating Systems"","" System Software"","" Linux"","" Agile Software Development""}",4.0,49.0,Intermediate , 1 - 3 Months,"['Computer Programming', 'Operating Systems', 'System Software', 'Linux', 'Agile Software Development']",computer programming | operating systems | system software | linux | agile software development,['computer programming'],0,0,0,0,1,0,0,0,0,0,0,0,0,0,0,0,0,0,0,0,0,0,0,0,0
Game Design and Development with Unity 2020,"{"" User Experience"","" Game Theory"","" Design and Product"","" Interactive Design"","" Software Engineering"","" User Experience Design"","" Computer Graphics"","" Computer Programming"","" Graphic Design"","" Software Engineering Tools"","" Creativity"","" Human Computer Interaction"","" Storytelling"","" Visual Design"","" Product Development""}",4.7,509.0,Beginner , 3 - 6 Months,"['User Experience', 'Game Theory', 'Design and Product', 'Interactive Design', 'Software Engineering', 'User Experience Design', 'Computer Graphics', 'Computer Programming', 'Graphic Design', 'Software Engineering Tools', 'Creativity', 'Human Computer Interaction', 'Storytelling', 'Visual Design', 'Product Development']",user experience | game theory | design and product | interactive design | software engineering | user experience design | computer graphics | computer programming | graphic design | software engineering tools | creativity | human computer interaction | storytelling | visual design | product development,['computer programming'],0,0,0,0,1,0,0,0,0,0,0,0,0,0,0,0,0,0,0,0,0,0,0,0,0
Embedding Sensors and Motors,"{"" Operations Management""}",4.6,2600.0,Intermediate , 3 - 6 Months,['Operations Management'],operations management,[],0,0,0,0,0,0,0,0,0,0,0,0,0,0,0,0,0,0,0,0,0,0,0,0,0
The Power of Statistics,"{"" General Statistics"","" Probability Distribution"","" Python Programming"","" Statistical Analysis""}",4.8,287.0,Advanced , 1 - 3 Months,"['General Statistics', 'Probability Distribution', 'Python Programming', 'Statistical Analysis']",general statistics | probability distribution | python programming | statistical analysis,['python programming'],0,0,0,0,0,0,0,0,0,0,0,0,0,0,0,0,0,0,0,1,0,0,0,0,0
C# Programming for Unity Game Development,"{"" Computer Programming"","" Programming Principles"","" Problem Solving"","" Software Engineering"","" C Programming Language Family"","" Computer Programming Tools"","" Critical Thinking"","" Leadership and Management"","" Mathematics"","" Data Structures""}",4.6,2500.0,Beginner , 3 - 6 Months,"['Computer Programming', 'Programming Principles', 'Problem Solving', 'Software Engineering', 'C Programming Language Family', 'Computer Programming Tools', 'Critical Thinking', 'Leadership and Management', 'Mathematics', 'Data Structures']",computer programming | programming principles | problem solving | software engineering | c programming language family | computer programming tools | critical thinking | leadership and management | mathematics | data structures,"['computer programming', 'problem solving', 'critical thinking', 'leadership and management']",0,0,0,0,1,1,0,0,0,0,0,1,0,0,0,0,0,1,0,0,0,0,0,0,0
Advanced Machine Learning on Google Cloud,"{"" Machine Learning"","" Google Cloud Platform"","" Applied Machine Learning"","" Human Learning"","" Machine Learning Algorithms"","" Natural Language Processing"","" Machine Learning Software"","" Cloud Computing"","" Artificial Neural Networks"","" Tensorflow"","" Cloud Platforms""}",4.5,1400.0,Advanced , 3 - 6 Months,"['Machine Learning', 'Google Cloud Platform', 'Applied Machine Learning', 'Human Learning', 'Machine Learning Algorithms', 'Natural Language Processing', 'Machine Learning Software', 'Cloud Computing', 'Artificial Neural Networks', 'Tensorflow', 'Cloud Platforms']",machine learning | google cloud platform | applied machine learning | human learning | machine learning algorithms | natural language processing | machine learning software | cloud computing | artificial neural networks | tensorflow | cloud platforms,"['machine learning', 'human learning', 'machine learning algorithms', 'cloud computing']",0,0,1,0,0,0,0,0,0,0,1,0,1,1,0,0,0,0,0,0,0,0,0,0,0
Palliative Care Always,"{"" Communication"","" Planning""}",4.6,89.0,Beginner , 3 - 6 Months,"['Communication', 'Planning']",communication | planning,"['communication', 'planning']",0,0,0,1,0,0,0,0,0,0,0,0,0,0,0,1,0,0,0,0,0,0,0,0,0
Supply Chain Principles,"{"" Leadership and Management"","" Supply Chain Systems"","" Supply Chain and Logistics"","" Operations Management"","" Strategy and Operations"","" Inventory Management"","" Planning"","" Transportation Operations Management"","" Material Handling"","" Procurement"","" Supplier Relationship Management"","" Warehouse Management""}",4.6,2000.0,Mixed , 1 - 3 Months,"['Leadership and Management', 'Supply Chain Systems', 'Supply Chain and Logistics', 'Operations Management', 'Strategy and Operations', 'Inventory Management', 'Planning', 'Transportation Operations Management', 'Material Handling', 'Procurement', 'Supplier Relationship Management', 'Warehouse Management']",leadership and management | supply chain systems | supply chain and logistics | operations management | strategy and operations | inventory management | planning | transportation operations management | material handling | procurement | supplier relationship management | warehouse management,"['leadership and management', 'strategy and operations', 'planning']",0,0,0,0,0,0,0,0,0,0,0,1,0,0,0,1,0,0,0,0,0,0,0,1,0
Understanding Research Methods,"{"" Planning"","" Writing""}",4.6,7100.0,Mixed , 1 - 4 Weeks,"['Planning', 'Writing']",planning | writing,"['planning', 'writing']",0,0,0,0,0,0,0,0,0,0,0,0,0,0,0,1,0,0,0,0,0,0,0,0,1
Leading: Human Resource Management and Leadership,"{"" Leadership and Management"","" Human Resources"","" Strategy and Operations"","" Strategy"","" Entrepreneurship"","" Business Psychology"","" Organizational Development"","" People Management"","" Correlation And Dependence"","" Marketing"","" Business Process Management"","" Communication"","" Culture"","" Employee Relations"","" Exploratory Data Analysis"","" Leadership Development"","" People Development"","" Decision Making"","" Research and Design"","" Adaptability"","" Brand Management"","" Human Learning"","" Human Resources Operations"","" Conflict Management"","" Collaboration""}",4.8,3300.0,Intermediate , 3 - 6 Months,"['Leadership and Management', 'Human Resources', 'Strategy and Operations', 'Strategy', 'Entrepreneurship', 'Business Psychology', 'Organizational Development', 'People Management', 'Correlation And Dependence', 'Marketing', 'Business Process Management', 'Communication', 'Culture', 'Employee Relations', 'Exploratory Data Analysis', 'Leadership Development', 'People Development', 'Decision Making', 'Research and Design', 'Adaptability', 'Brand Management', 'Human Learning', 'Human Resources Operations', 'Conflict Management', 'Collaboration']",leadership and management | human resources | strategy and operations | strategy | entrepreneurship | business psychology | organizational development | people management | correlation and dependence | marketing | business process management | communication | culture | employee relations | exploratory data analysis | leadership development | people development | decision making | research and design | adaptability | brand management | human learning | human resources operations | conflict management | collaboration,"['leadership and management', 'strategy and operations', 'strategy', 'marketing', 'communication', 'decision making', 'human learning']",0,0,0,1,0,0,0,0,1,0,1,1,0,0,1,0,0,0,0,0,0,0,1,1,0
Mathematics for Machine Learning: Linear Algebra,"{"" Algebra"","" Linear Algebra"","" Mathematics"","" Python Programming"","" Computer Programming"","" Machine Learning Algorithms"","" Problem Solving"","" Algorithms"","" Computer Programming Tools"","" Machine Learning""}",4.7,11800.0,Beginner , 1 - 3 Months,"['Algebra', 'Linear Algebra', 'Mathematics', 'Python Programming', 'Computer Programming', 'Machine Learning Algorithms', 'Problem Solving', 'Algorithms', 'Computer Programming Tools', 'Machine Learning']",algebra | linear algebra | mathematics | python programming | computer programming | machine learning algorithms | problem solving | algorithms | computer programming tools | machine learning,"['python programming', 'computer programming', 'machine learning algorithms', 'problem solving', 'algorithms', 'machine learning']",1,0,0,0,1,0,0,0,0,0,0,0,1,1,0,0,0,1,0,1,0,0,0,0,0
IELTS Preparation,"{"" Strategy"","" Writing""}",4.6,1500.0,Beginner , 1 - 3 Months,"['Strategy', 'Writing']",strategy | writing,"['strategy', 'writing']",0,0,0,0,0,0,0,0,0,0,0,0,0,0,0,0,0,0,0,0,0,0,1,0,1
Developing APIs with Google Cloud's Apigee API Platform,"{"" Google Cloud Platform"","" Cloud API"","" Cloud Computing"","" Computer Programming"","" Computer Programming Tools"","" Software Engineering"","" Cloud Applications"","" Software Architecture"","" Software Engineering Tools"","" Leadership and Management""}",4.7,2800.0,Intermediate , 3 - 6 Months,"['Google Cloud Platform', 'Cloud API', 'Cloud Computing', 'Computer Programming', 'Computer Programming Tools', 'Software Engineering', 'Cloud Applications', 'Software Architecture', 'Software Engineering Tools', 'Leadership and Management']",google cloud platform | cloud api | cloud computing | computer programming | computer programming tools | software engineering | cloud applications | software architecture | software engineering tools | leadership and management,"['cloud computing', 'computer programming', 'leadership and management']",0,0,1,0,1,0,0,0,0,0,0,1,0,0,0,0,0,0,0,0,0,0,0,0,0
How to Play Guitar,"{"" Creativity""}",4.7,2500.0,Beginner , 3 - 6 Months,['Creativity'],creativity,[],0,0,0,0,0,0,0,0,0,0,0,0,0,0,0,0,0,0,0,0,0,0,0,0,0
Databases for Data Scientists,"{"" Databases"","" Data Management"","" SQL"","" Database Design"","" Database Administration"","" Data Model"","" Database Theory"","" PostgreSQL"","" Critical Thinking"","" Database Application"","" Problem Solving"","" Data Analysis"","" Data Structures"","" Decision Making"","" Big Data"","" NoSQL"","" Data Science"","" Data Warehousing""}",4.7,647.0,Beginner , 3 - 6 Months,"['Databases', 'Data Management', 'SQL', 'Database Design', 'Database Administration', 'Data Model', 'Database Theory', 'PostgreSQL', 'Critical Thinking', 'Database Application', 'Problem Solving', 'Data Analysis', 'Data Structures', 'Decision Making', 'Big Data', 'NoSQL', 'Data Science', 'Data Warehousing']",databases | data management | sql | database design | database administration | data model | database theory | postgresql | critical thinking | database application | problem solving | data analysis | data structures | decision making | big data | nosql | data science | data warehousing,"['data management', 'sql', 'critical thinking', 'problem solving', 'data analysis', 'decision making']",0,0,0,0,0,1,1,1,1,0,0,0,0,0,0,0,0,1,0,0,0,1,0,0,0
Introduction to Python Programming,"{"" Python Programming"","" Computer Programming"","" Programming Principles"","" Computational Logic"","" Computational Thinking"","" Computer Programming Tools"","" Critical Thinking"","" Problem Solving"","" Data Structures""}",4.5,998.0,Beginner , 1 - 4 Weeks,"['Python Programming', 'Computer Programming', 'Programming Principles', 'Computational Logic', 'Computational Thinking', 'Computer Programming Tools', 'Critical Thinking', 'Problem Solving', 'Data Structures']",python programming | computer programming | programming principles | computational logic | computational thinking | computer programming tools | critical thinking | problem solving | data structures,"['python programming', 'computer programming', 'critical thinking', 'problem solving']",0,0,0,0,1,1,0,0,0,0,0,0,0,0,0,0,0,1,0,1,0,0,0,0,0
Contabilidad para no contadores,"{"" Accounting"","" Finance"","" Financial Accounting"","" General Accounting"","" Accounts Payable and Receivable"","" Business Analysis"","" Financial Analysis"","" Operational Analysis"","" Planning"","" Calculus""}",4.8,8600.0,Beginner , 1 - 3 Months,"['Accounting', 'Finance', 'Financial Accounting', 'General Accounting', 'Accounts Payable and Receivable', 'Business Analysis', 'Financial Analysis', 'Operational Analysis', 'Planning', 'Calculus']",accounting | finance | financial accounting | general accounting | accounts payable and receivable | business analysis | financial analysis | operational analysis | planning | calculus,"['finance', 'business analysis', 'planning']",0,1,0,0,0,0,0,0,0,1,0,0,0,0,0,1,0,0,0,0,0,0,0,0,0
Introduction to Embedded Systems Software and Development Environments,"{"" C Programming Language Family"","" Computer Architecture"","" Computer Programming"","" Computer Programming Tools"","" Software Engineering"","" Microarchitecture"","" Software Architecture"","" Software Engineering Tools"","" System Software"","" Systems Design""}",4.5,593.0,Intermediate , 1 - 4 Weeks,"['C Programming Language Family', 'Computer Architecture', 'Computer Programming', 'Computer Programming Tools', 'Software Engineering', 'Microarchitecture', 'Software Architecture', 'Software Engineering Tools', 'System Software', 'Systems Design']",c programming language family | computer architecture | computer programming | computer programming tools | software engineering | microarchitecture | software architecture | software engineering tools | system software | systems design,['computer programming'],0,0,0,0,1,0,0,0,0,0,0,0,0,0,0,0,0,0,0,0,0,0,0,0,0
Spanish for Successful Communication in Healthcare Settings,"{"" Communication""}",4.8,273.0,Intermediate , 1 - 3 Months,['Communication'],communication,['communication'],0,0,0,1,0,0,0,0,0,0,0,0,0,0,0,0,0,0,0,0,0,0,0,0,0
International Leadership and Organizational Behavior,"{"" Leadership and Management"","" Business Psychology"","" Culture"","" Human Resources"","" Communication"","" Entrepreneurship"","" Leadership Development"","" Organizational Development"","" Conflict Management""}",4.8,3100.0,Mixed , 1 - 3 Months,"['Leadership and Management', 'Business Psychology', 'Culture', 'Human Resources', 'Communication', 'Entrepreneurship', 'Leadership Development', 'Organizational Development', 'Conflict Management']",leadership and management | business psychology | culture | human resources | communication | entrepreneurship | leadership development | organizational development | conflict management,"['leadership and management', 'communication']",0,0,0,1,0,0,0,0,0,0,0,1,0,0,0,0,0,0,0,0,0,0,0,0,0
Introduction to Spreadsheets and Models,"{"" Data Analysis"","" Forecasting"","" General Statistics"","" Microsoft Excel"","" Spreadsheet Software"","" Statistical Analysis"","" Basic Descriptive Statistics"","" Business Analysis"","" Statistical Tests"","" Correlation And Dependence"","" Computer Programming""}",4.2,3700.0,Mixed , 1 - 4 Weeks,"['Data Analysis', 'Forecasting', 'General Statistics', 'Microsoft Excel', 'Spreadsheet Software', 'Statistical Analysis', 'Basic Descriptive Statistics', 'Business Analysis', 'Statistical Tests', 'Correlation And Dependence', 'Computer Programming']",data analysis | forecasting | general statistics | microsoft excel | spreadsheet software | statistical analysis | basic descriptive statistics | business analysis | statistical tests | correlation and dependence | computer programming,"['data analysis', 'business analysis', 'computer programming']",0,1,0,0,1,0,1,0,0,0,0,0,0,0,0,0,0,0,0,0,0,0,0,0,0
"Concepts, Strategies, and Analytics in Performance Marketing and Digital Advertising","{"" Advertising"","" Advertising Sales"","" Digital Marketing"","" Google App Engine"","" Market Research"","" Marketing"","" Search Engine Optimization"","" E-Commerce"","" Marketing Management"","" Strategy"","" Social Media""}",4.5,650.0,Beginner , 3 - 6 Months,"['Advertising', 'Advertising Sales', 'Digital Marketing', 'Google App Engine', 'Market Research', 'Marketing', 'Search Engine Optimization', 'E-Commerce', 'Marketing Management', 'Strategy', 'Social Media']",advertising | advertising sales | digital marketing | google app engine | market research | marketing | search engine optimization | e-commerce | marketing management | strategy | social media,"['marketing', 'strategy']",0,0,0,0,0,0,0,0,0,0,0,0,0,0,1,0,0,0,0,0,0,0,1,0,0
Improving Communication Skills,"{"" Communication"","" Negotiation""}",4.7,1900.0,Beginner , 1 - 4 Weeks,"['Communication', 'Negotiation']",communication | negotiation,['communication'],0,0,0,1,0,0,0,0,0,0,0,0,0,0,0,0,0,0,0,0,0,0,0,0,0
Social Media Marketing in Practice,"{"" Marketing"","" Communication"","" Digital Marketing"","" Social Media"","" Strategy"","" Media Strategy & Planning"","" Brand Management"","" Advertising"","" Strategy and Operations"","" Leadership and Management"","" Influencing"","" Marketing Management"","" Problem Solving""}",4.5,316.0,Beginner , 3 - 6 Months,"['Marketing', 'Communication', 'Digital Marketing', 'Social Media', 'Strategy', 'Media Strategy & Planning', 'Brand Management', 'Advertising', 'Strategy and Operations', 'Leadership and Management', 'Influencing', 'Marketing Management', 'Problem Solving']",marketing | communication | digital marketing | social media | strategy | media strategy & planning | brand management | advertising | strategy and operations | leadership and management | influencing | marketing management | problem solving,"['marketing', 'communication', 'strategy', 'strategy and operations', 'leadership and management', 'problem solving']",0,0,0,1,0,0,0,0,0,0,0,1,0,0,1,0,0,1,0,0,0,0,1,1,0
Marketing Mix Implementation,"{"" Marketing"","" Product Strategy"","" Strategy"","" Customer Analysis"","" Market Analysis"","" Retail Sales"","" Strategy and Operations"","" Brand Management"","" Leadership and Management"","" Customer Relationship Management"","" Product Management"","" Sales"","" Business Development"","" Communication"","" Market Research"","" Marketing Management"","" Retail Store Operations"","" Supply Chain and Logistics"","" Advertising"","" Business Analysis"","" Business Psychology"","" Cost Accounting"","" Design and Product"","" Media Strategy & Planning"","" Finance"","" Marketing Psychology"","" Public Relations""}",4.7,5600.0,Beginner , 3 - 6 Months,"['Marketing', 'Product Strategy', 'Strategy', 'Customer Analysis', 'Market Analysis', 'Retail Sales', 'Strategy and Operations', 'Brand Management', 'Leadership and Management', 'Customer Relationship Management', 'Product Management', 'Sales', 'Business Development', 'Communication', 'Market Research', 'Marketing Management', 'Retail Store Operations', 'Supply Chain and Logistics', 'Advertising', 'Business Analysis', 'Business Psychology', 'Cost Accounting', 'Design and Product', 'Media Strategy & Planning', 'Finance', 'Marketing Psychology', 'Public Relations']",marketing | product strategy | strategy | customer analysis | market analysis | retail sales | strategy and operations | brand management | leadership and management | customer relationship management | product management | sales | business development | communication | market research | marketing management | retail store operations | supply chain and logistics | advertising | business analysis | business psychology | cost accounting | design and product | media strategy & planning | finance | marketing psychology | public relations,"['marketing', 'strategy', 'strategy and operations', 'leadership and management', 'communication', 'business analysis', 'finance']",0,1,0,1,0,0,0,0,0,1,0,1,0,0,1,0,0,0,0,0,0,0,1,1,0
Introduction to Electronics,"{"" Problem Solving""}",4.7,2400.0,Mixed , 1 - 3 Months,['Problem Solving'],problem solving,['problem solving'],0,0,0,0,0,0,0,0,0,0,0,0,0,0,0,0,0,1,0,0,0,0,0,0,0
SAS Visual Business Analytics,"{"" Data Analysis"","" Data Visualization"","" SAS (Software)"","" Interactive Data Visualization"","" Business Analysis"","" Data Analysis Software"","" Statistical Visualization"","" Data Management"","" Statistical Programming"","" Data Visualization Software"","" Business Intelligence"","" Exploratory Data Analysis"","" Data Structures"","" Statistical Analysis"","" Visualization (Computer Graphics)"","" Computer Graphics"","" Network Analysis"","" Algorithms"","" Forecasting""}",4.7,1100.0,Beginner , 3 - 6 Months,"['Data Analysis', 'Data Visualization', 'SAS (Software)', 'Interactive Data Visualization', 'Business Analysis', 'Data Analysis Software', 'Statistical Visualization', 'Data Management', 'Statistical Programming', 'Data Visualization Software', 'Business Intelligence', 'Exploratory Data Analysis', 'Data Structures', 'Statistical Analysis', 'Visualization (Computer Graphics)', 'Computer Graphics', 'Network Analysis', 'Algorithms', 'Forecasting']",data analysis | data visualization | sas (software) | interactive data visualization | business analysis | data analysis software | statistical visualization | data management | statistical programming | data visualization software | business intelligence | exploratory data analysis | data structures | statistical analysis | visualization (computer graphics) | computer graphics | network analysis | algorithms | forecasting,"['data analysis', 'business analysis', 'data management', 'algorithms']",1,1,0,0,0,0,1,1,0,0,0,0,0,0,0,0,0,0,0,0,0,0,0,0,0
Fundamentos del marketing digital y comercio electrónico,"{"" E-Commerce"","" Marketing"","" Strategy""}",4.9,595.0,Beginner , 1 - 4 Weeks,"['E-Commerce', 'Marketing', 'Strategy']",e-commerce | marketing | strategy,"['marketing', 'strategy']",0,0,0,0,0,0,0,0,0,0,0,0,0,0,1,0,0,0,0,0,0,0,1,0,0
Information​ ​Systems,"{"" Business Process Management"","" Leadership and Management"","" Strategy and Operations"","" Business Transformation"","" Project Management"","" Business Analysis"","" Data Management"","" Product Management"","" Business Development"","" Planning"","" Process Analysis"","" Software As A Service"","" Business Design"","" Communication"","" Organizational Development"","" Risk Management"","" Agile Software Development"","" Cloud Computing"","" Operations Management"","" Systems Design"","" Cloud Load Balancing"","" Computer Architecture"","" Design and Product"","" Security Engineering"","" Software-Defined Networking"","" Supply Chain and Logistics"","" BlockChain"","" Cloud Storage"","" Machine Learning Algorithms"","" Mobile Security"","" Operating Systems""}",4.8,1800.0,Beginner , 3 - 6 Months,"['Business Process Management', 'Leadership and Management', 'Strategy and Operations', 'Business Transformation', 'Project Management', 'Business Analysis', 'Data Management', 'Product Management', 'Business Development', 'Planning', 'Process Analysis', 'Software As A Service', 'Business Design', 'Communication', 'Organizational Development', 'Risk Management', 'Agile Software Development', 'Cloud Computing', 'Operations Management', 'Systems Design', 'Cloud Load Balancing', 'Computer Architecture', 'Design and Product', 'Security Engineering', 'Software-Defined Networking', 'Supply Chain and Logistics', 'BlockChain', 'Cloud Storage', 'Machine Learning Algorithms', 'Mobile Security', 'Operating Systems']",business process management | leadership and management | strategy and operations | business transformation | project management | business analysis | data management | product management | business development | planning | process analysis | software as a service | business design | communication | organizational development | risk management | agile software development | cloud computing | operations management | systems design | cloud load balancing | computer architecture | design and product | security engineering | software-defined networking | supply chain and logistics | blockchain | cloud storage | machine learning algorithms | mobile security | operating systems,"['leadership and management', 'strategy and operations', 'project management', 'business analysis', 'data management', 'planning', 'communication', 'risk management', 'cloud computing', 'machine learning algorithms']",0,1,1,1,0,0,0,1,0,0,0,1,0,1,0,1,0,0,1,0,1,0,0,1,0
Fundamentals of Machine Learning for Healthcare,"{"" Machine Learning""}",4.8,352.0,Beginner , 1 - 3 Months,['Machine Learning'],machine learning,['machine learning'],0,0,0,0,0,0,0,0,0,0,0,0,1,0,0,0,0,0,0,0,0,0,0,0,0
Learn to Program: The Fundamentals,"{"" Computer Programming"","" Python Programming"","" Computational Logic"","" Problem Solving"","" Programming Principles"","" Computer Programming Tools"","" Critical Thinking"","" Computational Thinking"","" Algorithms"","" Mathematics""}",4.7,6300.0,Beginner , 1 - 3 Months,"['Computer Programming', 'Python Programming', 'Computational Logic', 'Problem Solving', 'Programming Principles', 'Computer Programming Tools', 'Critical Thinking', 'Computational Thinking', 'Algorithms', 'Mathematics']",computer programming | python programming | computational logic | problem solving | programming principles | computer programming tools | critical thinking | computational thinking | algorithms | mathematics,"['computer programming', 'python programming', 'problem solving', 'critical thinking', 'algorithms']",1,0,0,0,1,1,0,0,0,0,0,0,0,0,0,0,0,1,0,1,0,0,0,0,0
Food & Beverage Management,"{"" Design and Product"","" Marketing"","" Business Analysis"","" Customer Analysis"","" Product Marketing"","" Product Strategy"","" Brand Management"","" Leadership and Management"","" Market Analysis"","" Sales"","" Strategy"","" Strategy and Operations""}",4.8,4300.0,Mixed , 1 - 3 Months,"['Design and Product', 'Marketing', 'Business Analysis', 'Customer Analysis', 'Product Marketing', 'Product Strategy', 'Brand Management', 'Leadership and Management', 'Market Analysis', 'Sales', 'Strategy', 'Strategy and Operations']",design and product | marketing | business analysis | customer analysis | product marketing | product strategy | brand management | leadership and management | market analysis | sales | strategy | strategy and operations,"['marketing', 'business analysis', 'leadership and management', 'strategy', 'strategy and operations']",0,1,0,0,0,0,0,0,0,0,0,1,0,0,1,0,0,0,0,0,0,0,1,1,0
AI For Everyone （すべての人のためのAIリテラシー講座）,"{"" Applied Machine Learning"","" Deep Learning"","" Machine Learning"","" Machine Learning Software"","" Business Analysis"","" Business Process Management"","" Data Analysis"","" Human Learning"","" Machine Learning Algorithms"","" Algorithms""}",4.8,245.0,Beginner , 1 - 3 Months,"['Applied Machine Learning', 'Deep Learning', 'Machine Learning', 'Machine Learning Software', 'Business Analysis', 'Business Process Management', 'Data Analysis', 'Human Learning', 'Machine Learning Algorithms', 'Algorithms']",applied machine learning | deep learning | machine learning | machine learning software | business analysis | business process management | data analysis | human learning | machine learning algorithms | algorithms,"['machine learning', 'business analysis', 'data analysis', 'human learning', 'machine learning algorithms', 'algorithms']",1,1,0,0,0,0,1,0,0,0,1,0,1,1,0,0,0,0,0,0,0,0,0,0,0
Linux and Private Cloud Administration on IBM Power Systems,"{"" Computer Architecture"","" Cloud Computing"","" IBM Cloud"","" Cloud Platforms"","" Operating Systems"","" Cloud Infrastructure"","" Cloud Management"","" Other Cloud Platforms and Tools"","" Systems Design"","" Computer Networking"","" Linux""}",4.8,930.0,Intermediate , 3 - 6 Months,"['Computer Architecture', 'Cloud Computing', 'IBM Cloud', 'Cloud Platforms', 'Operating Systems', 'Cloud Infrastructure', 'Cloud Management', 'Other Cloud Platforms and Tools', 'Systems Design', 'Computer Networking', 'Linux']",computer architecture | cloud computing | ibm cloud | cloud platforms | operating systems | cloud infrastructure | cloud management | other cloud platforms and tools | systems design | computer networking | linux,['cloud computing'],0,0,1,0,0,0,0,0,0,0,0,0,0,0,0,0,0,0,0,0,0,0,0,0,0
Suporte em TI do Google,"{"" Computer Networking"","" Network Security"","" Communication"","" Computer Architecture"","" Customer Support"","" Operating Systems"","" Network Architecture"","" Networking Hardware"","" Security Engineering"","" Network Model"","" Cloud Computing"","" Software As A Service"","" System Security"","" System Software"","" Network Analysis"","" Software Security"","" Human Computer Interaction"","" Cryptography"","" Leadership and Management"","" Security Software"","" Problem Solving"","" Computer Security Incident Management"","" Linux"","" Machine Learning Software""}",4.9,6100.0,Beginner , 3 - 6 Months,"['Computer Networking', 'Network Security', 'Communication', 'Computer Architecture', 'Customer Support', 'Operating Systems', 'Network Architecture', 'Networking Hardware', 'Security Engineering', 'Network Model', 'Cloud Computing', 'Software As A Service', 'System Security', 'System Software', 'Network Analysis', 'Software Security', 'Human Computer Interaction', 'Cryptography', 'Leadership and Management', 'Security Software', 'Problem Solving', 'Computer Security Incident Management', 'Linux', 'Machine Learning Software']",computer networking | network security | communication | computer architecture | customer support | operating systems | network architecture | networking hardware | security engineering | network model | cloud computing | software as a service | system security | system software | network analysis | software security | human computer interaction | cryptography | leadership and management | security software | problem solving | computer security incident management | linux | machine learning software,"['communication', 'cloud computing', 'leadership and management', 'problem solving']",0,0,1,1,0,0,0,0,0,0,0,1,0,0,0,0,0,1,0,0,0,0,0,0,0
Project Management: Foundations and Initiation,"{"" Leadership and Management"","" Project Management"","" Planning"","" Strategy and Operations"","" People Management"","" Performance Management"","" Product Management"","" Business Communication"","" Business Process Management"","" Strategy""}",4.8,300.0,Beginner , 1 - 4 Weeks,"['Leadership and Management', 'Project Management', 'Planning', 'Strategy and Operations', 'People Management', 'Performance Management', 'Product Management', 'Business Communication', 'Business Process Management', 'Strategy']",leadership and management | project management | planning | strategy and operations | people management | performance management | product management | business communication | business process management | strategy,"['leadership and management', 'project management', 'planning', 'strategy and operations', 'strategy']",0,0,0,0,0,0,0,0,0,0,0,1,0,0,0,1,0,0,1,0,0,0,1,1,0
Tally Bookkeeper,"{"" Accounting Software"","" Accounting"","" Finance"","" Financial Accounting"","" General Accounting"","" Data Management"","" Taxes"","" Billing & Invoicing"","" Cash Management"","" Cost Accounting"","" Inventory Management"","" Supply Chain and Logistics"","" Financial Management"","" Payments"","" Accounts Payable and Receivable"","" Business Analysis"","" Data Analysis"","" Financial Analysis"","" Banking"","" Budget Management"","" Corporate Accouting"","" Data Architecture"","" Shipping and Receiving""}",4.5,94.0,Beginner , 3 - 6 Months,"['Accounting Software', 'Accounting', 'Finance', 'Financial Accounting', 'General Accounting', 'Data Management', 'Taxes', 'Billing & Invoicing', 'Cash Management', 'Cost Accounting', 'Inventory Management', 'Supply Chain and Logistics', 'Financial Management', 'Payments', 'Accounts Payable and Receivable', 'Business Analysis', 'Data Analysis', 'Financial Analysis', 'Banking', 'Budget Management', 'Corporate Accouting', 'Data Architecture', 'Shipping and Receiving']",accounting software | accounting | finance | financial accounting | general accounting | data management | taxes | billing & invoicing | cash management | cost accounting | inventory management | supply chain and logistics | financial management | payments | accounts payable and receivable | business analysis | data analysis | financial analysis | banking | budget management | corporate accouting | data architecture | shipping and receiving,"['finance', 'data management', 'business analysis', 'data analysis']",0,1,0,0,0,0,1,1,0,1,0,0,0,0,0,0,0,0,0,0,0,0,0,0,0
Using Python to Interact with the Operating System,"{"" Computer Programming"","" Python Programming""}",4.7,5900.0,Beginner , 1 - 3 Months,"['Computer Programming', 'Python Programming']",computer programming | python programming,"['computer programming', 'python programming']",0,0,0,0,1,0,0,0,0,0,0,0,0,0,0,0,0,0,0,1,0,0,0,0,0
Integrative Health and Medicine,"{"" Leadership and Management""}",4.8,1600.0,Beginner , 3 - 6 Months,['Leadership and Management'],leadership and management,['leadership and management'],0,0,0,0,0,0,0,0,0,0,0,1,0,0,0,0,0,0,0,0,0,0,0,0,0
DataOps Methodology,"{"" Data Management"","" Leadership and Management"","" Data Analysis"","" Data Architecture"","" Data Model""}",4.7,38.0,Beginner , 1 - 3 Months,"['Data Management', 'Leadership and Management', 'Data Analysis', 'Data Architecture', 'Data Model']",data management | leadership and management | data analysis | data architecture | data model,"['data management', 'leadership and management', 'data analysis']",0,0,0,0,0,0,1,1,0,0,0,1,0,0,0,0,0,0,0,0,0,0,0,0,0
Introduction to Computer Science and Programming,"{"" Mathematical Theory & Analysis"","" Mathematics"","" Problem Solving"","" Algebra"","" Calculus"","" Computer Networking"","" Applied Mathematics"","" Critical Thinking"","" Theoretical Computer Science"","" Computer Programming"","" Javascript""}",4.2,1400.0,Beginner , 3 - 6 Months,"['Mathematical Theory & Analysis', 'Mathematics', 'Problem Solving', 'Algebra', 'Calculus', 'Computer Networking', 'Applied Mathematics', 'Critical Thinking', 'Theoretical Computer Science', 'Computer Programming', 'Javascript']",mathematical theory & analysis | mathematics | problem solving | algebra | calculus | computer networking | applied mathematics | critical thinking | theoretical computer science | computer programming | javascript,"['problem solving', 'critical thinking', 'computer programming']",0,0,0,0,1,1,0,0,0,0,0,0,0,0,0,0,0,1,0,0,0,0,0,0,0
"Cybersecurity Roles, Processes & Operating System Security","{"" Cloud Computing"","" Linux"","" Operating Systems"","" System Security""}",4.6,5200.0,Beginner , 1 - 3 Months,"['Cloud Computing', 'Linux', 'Operating Systems', 'System Security']",cloud computing | linux | operating systems | system security,['cloud computing'],0,0,1,0,0,0,0,0,0,0,0,0,0,0,0,0,0,0,0,0,0,0,0,0,0
Sports Marketing,"{"" Communication"","" Marketing""}",4.7,1200.0,Intermediate , 1 - 3 Months,"['Communication', 'Marketing']",communication | marketing,"['communication', 'marketing']",0,0,0,1,0,0,0,0,0,0,0,0,0,0,1,0,0,0,0,0,0,0,0,0,0
Version Control,"{"" Collaboration"","" Linux"","" Software Engineering"","" Software Engineering Tools"","" Web Development""}",4.6,2500.0,Beginner , 1 - 4 Weeks,"['Collaboration', 'Linux', 'Software Engineering', 'Software Engineering Tools', 'Web Development']",collaboration | linux | software engineering | software engineering tools | web development,[],0,0,0,0,0,0,0,0,0,0,0,0,0,0,0,0,0,0,0,0,0,0,0,0,0
Become a Journalist: Report the News!,"{"" Journalism"","" Communication"","" Writing""}",4.7,1600.0,Beginner , 3 - 6 Months,"['Journalism', 'Communication', 'Writing']",journalism | communication | writing,"['communication', 'writing']",0,0,0,1,0,0,0,0,0,0,0,0,0,0,0,0,0,0,0,0,0,0,0,0,1
Introduction to Deep Learning & Neural Networks with Keras,"{"" Algorithms"","" Artificial Neural Networks"","" Deep Learning"","" Human Learning"","" Machine Learning"","" Machine Learning Algorithms"","" Network Model"","" Applied Machine Learning"","" Network Architecture"","" Python Programming"","" Regression""}",4.7,1400.0,Intermediate , 1 - 3 Months,"['Algorithms', 'Artificial Neural Networks', 'Deep Learning', 'Human Learning', 'Machine Learning', 'Machine Learning Algorithms', 'Network Model', 'Applied Machine Learning', 'Network Architecture', 'Python Programming', 'Regression']",algorithms | artificial neural networks | deep learning | human learning | machine learning | machine learning algorithms | network model | applied machine learning | network architecture | python programming | regression,"['algorithms', 'human learning', 'machine learning', 'machine learning algorithms', 'python programming']",1,0,0,0,0,0,0,0,0,0,1,0,1,1,0,0,0,0,0,1,0,0,0,0,0
Professionalism in Allied Health,"{"" Communication"","" Leadership and Management""}",4.8,97.0,Beginner , 1 - 3 Months,"['Communication', 'Leadership and Management']",communication | leadership and management,"['communication', 'leadership and management']",0,0,0,1,0,0,0,0,0,0,0,1,0,0,0,0,0,0,0,0,0,0,0,0,0
"Python, Bash and SQL Essentials for Data Engineering","{"" Computer Programming"","" Programming Principles"","" Python Programming"","" Computer Programming Tools"","" Data Management"","" Data Structures"","" Cloud Applications"","" Databases"","" Software Engineering Tools"","" SQL"","" Exploratory Data Analysis"","" Operating Systems"","" Amazon Web Services"","" Data Analysis"","" Extract"","" Transform"","" Load"","" Cloud Engineering"","" Cloud Platforms"","" DevOps"","" Machine Learning"","" Problem Solving"","" Small Data"","" Big Data"","" Computational Logic"","" Linux"","" Database Application""}",4.5,298.0,Beginner , 3 - 6 Months,"['Computer Programming', 'Programming Principles', 'Python Programming', 'Computer Programming Tools', 'Data Management', 'Data Structures', 'Cloud Applications', 'Databases', 'Software Engineering Tools', 'SQL', 'Exploratory Data Analysis', 'Operating Systems', 'Amazon Web Services', 'Data Analysis', 'Extract', 'Transform', 'Load', 'Cloud Engineering', 'Cloud Platforms', 'DevOps', 'Machine Learning', 'Problem Solving', 'Small Data', 'Big Data', 'Computational Logic', 'Linux', 'Database Application']",computer programming | programming principles | python programming | computer programming tools | data management | data structures | cloud applications | databases | software engineering tools | sql | exploratory data analysis | operating systems | amazon web services | data analysis | extract | transform | load | cloud engineering | cloud platforms | devops | machine learning | problem solving | small data | big data | computational logic | linux | database application,"['computer programming', 'python programming', 'data management', 'sql', 'data analysis', 'machine learning', 'problem solving']",0,0,0,0,1,0,1,1,0,0,0,0,1,0,0,0,0,1,0,1,0,1,0,0,0
Introduction to Programming with MATLAB,"{"" Computer Programming"","" Matlab"","" Problem Solving"","" Programming Principles""}",4.8,17300.0,Beginner , 1 - 3 Months,"['Computer Programming', 'Matlab', 'Problem Solving', 'Programming Principles']",computer programming | matlab | problem solving | programming principles,"['computer programming', 'problem solving']",0,0,0,0,1,0,0,0,0,0,0,0,0,0,0,0,0,1,0,0,0,0,0,0,0
Introduction to Clinical Data,"{"" Data Analysis"","" Data Mining""}",4.6,250.0,Beginner , 1 - 3 Months,"['Data Analysis', 'Data Mining']",data analysis | data mining,['data analysis'],0,0,0,0,0,0,1,0,0,0,0,0,0,0,0,0,0,0,0,0,0,0,0,0,0
American Contract Law I,"{"" Contract Management""}",4.9,856.0,Beginner , 1 - 3 Months,['Contract Management'],contract management,[],0,0,0,0,0,0,0,0,0,0,0,0,0,0,0,0,0,0,0,0,0,0,0,0,0
Data Collection and Processing with Python,"{"" Computer Programming"","" Python Programming""}",4.7,3800.0,Intermediate , 1 - 4 Weeks,"['Computer Programming', 'Python Programming']",computer programming | python programming,"['computer programming', 'python programming']",0,0,0,0,1,0,0,0,0,0,0,0,0,0,0,0,0,0,0,1,0,0,0,0,0
Fundamentals of Reinforcement Learning,"{"" Machine Learning"","" Reinforcement Learning"","" Machine Learning Algorithms"","" Python Programming"","" Statistical Programming"","" Computer Programming"","" Decision Making""}",4.8,2700.0,Intermediate , 1 - 3 Months,"['Machine Learning', 'Reinforcement Learning', 'Machine Learning Algorithms', 'Python Programming', 'Statistical Programming', 'Computer Programming', 'Decision Making']",machine learning | reinforcement learning | machine learning algorithms | python programming | statistical programming | computer programming | decision making,"['machine learning', 'machine learning algorithms', 'python programming', 'computer programming', 'decision making']",0,0,0,0,1,0,0,0,1,0,0,0,1,1,0,0,0,0,0,1,0,0,0,0,0
Strategic Management and Innovation,"{"" Leadership and Management"","" Strategy"","" Strategy and Operations"","" Business Development"","" Organizational Development"","" Decision Making"","" Marketing"","" Planning"","" Entrepreneurship"","" Sales"","" Business Transformation"","" Communication"","" Product Strategy"","" Business Analysis"","" Operations Management"","" Collaboration"","" Employee Relations"","" Innovation""}",4.7,4800.0,Beginner , 3 - 6 Months,"['Leadership and Management', 'Strategy', 'Strategy and Operations', 'Business Development', 'Organizational Development', 'Decision Making', 'Marketing', 'Planning', 'Entrepreneurship', 'Sales', 'Business Transformation', 'Communication', 'Product Strategy', 'Business Analysis', 'Operations Management', 'Collaboration', 'Employee Relations', 'Innovation']",leadership and management | strategy | strategy and operations | business development | organizational development | decision making | marketing | planning | entrepreneurship | sales | business transformation | communication | product strategy | business analysis | operations management | collaboration | employee relations | innovation,"['leadership and management', 'strategy', 'strategy and operations', 'decision making', 'marketing', 'planning', 'communication', 'business analysis']",0,1,0,1,0,0,0,0,1,0,0,1,0,0,1,1,0,0,0,0,0,0,1,1,0
Computational Social Science,"{"" Big Data"","" Computational Thinking"","" Data Analysis"","" Machine Learning"","" Human Learning"","" Network Analysis"","" Machine Learning Algorithms"","" Social Media"","" Critical Thinking"","" Data Management"","" Natural Language Processing"","" Algorithms"","" Exploratory Data Analysis"","" Network Architecture"","" Network Model"","" Probability & Statistics"","" Theoretical Computer Science"","" Applied Machine Learning"","" Computer Networking"","" Computer Programming"","" Data Model"","" Statistical Machine Learning"","" General Statistics"","" Graph Theory""}",4.6,914.0,Beginner , 3 - 6 Months,"['Big Data', 'Computational Thinking', 'Data Analysis', 'Machine Learning', 'Human Learning', 'Network Analysis', 'Machine Learning Algorithms', 'Social Media', 'Critical Thinking', 'Data Management', 'Natural Language Processing', 'Algorithms', 'Exploratory Data Analysis', 'Network Architecture', 'Network Model', 'Probability & Statistics', 'Theoretical Computer Science', 'Applied Machine Learning', 'Computer Networking', 'Computer Programming', 'Data Model', 'Statistical Machine Learning', 'General Statistics', 'Graph Theory']",big data | computational thinking | data analysis | machine learning | human learning | network analysis | machine learning algorithms | social media | critical thinking | data management | natural language processing | algorithms | exploratory data analysis | network architecture | network model | probability & statistics | theoretical computer science | applied machine learning | computer networking | computer programming | data model | statistical machine learning | general statistics | graph theory,"['data analysis', 'machine learning', 'human learning', 'machine learning algorithms', 'critical thinking', 'data management', 'algorithms', 'probability & statistics', 'computer programming']",1,0,0,0,1,1,1,1,0,0,1,0,1,1,0,0,1,0,0,0,0,0,0,0,0
CompTIA a+_ cyber,"{"" Cloud Computing"","" Cyberattacks"","" Data Management"","" Human Computer Interaction"","" Network Security"","" Operating Systems""}",4.5,11.0,Beginner , 1 - 3 Months,"['Cloud Computing', 'Cyberattacks', 'Data Management', 'Human Computer Interaction', 'Network Security', 'Operating Systems']",cloud computing | cyberattacks | data management | human computer interaction | network security | operating systems,"['cloud computing', 'data management']",0,0,1,0,0,0,0,1,0,0,0,0,0,0,0,0,0,0,0,0,0,0,0,0,0
Advanced Business Analytics,"{"" Data Analysis"","" Business Analysis"","" Exploratory Data Analysis"","" Statistical Analysis"","" Data Management"","" Probability & Statistics"","" Data Model"","" Decision Making"","" Data Analysis Software"","" General Statistics"","" Statistical Visualization"","" Data Visualization"","" Correlation And Dependence"","" Mathematics"","" Regression"","" Business Intelligence"","" Mathematical Theory & Analysis"","" Business Communication"","" Communication"","" Data Structures"","" Databases"","" Plot (Graphics)"","" Database Application"","" Extract"","" Transform"","" Load"","" SQL"","" Machine Learning""}",4.6,5000.0,Intermediate , 3 - 6 Months,"['Data Analysis', 'Business Analysis', 'Exploratory Data Analysis', 'Statistical Analysis', 'Data Management', 'Probability & Statistics', 'Data Model', 'Decision Making', 'Data Analysis Software', 'General Statistics', 'Statistical Visualization', 'Data Visualization', 'Correlation And Dependence', 'Mathematics', 'Regression', 'Business Intelligence', 'Mathematical Theory & Analysis', 'Business Communication', 'Communication', 'Data Structures', 'Databases', 'Plot (Graphics)', 'Database Application', 'Extract', 'Transform', 'Load', 'SQL', 'Machine Learning']",data analysis | business analysis | exploratory data analysis | statistical analysis | data management | probability & statistics | data model | decision making | data analysis software | general statistics | statistical visualization | data visualization | correlation and dependence | mathematics | regression | business intelligence | mathematical theory & analysis | business communication | communication | data structures | databases | plot (graphics) | database application | extract | transform | load | sql | machine learning,"['data analysis', 'business analysis', 'data management', 'probability & statistics', 'decision making', 'communication', 'sql', 'machine learning']",0,1,0,1,0,0,1,1,1,0,0,0,1,0,0,0,1,0,0,0,0,1,0,0,0
Fundamentals of GIS,"{"" ArcGIS"","" Data Visualization"","" GIS Software"","" Data Visualization Software"","" Databases"","" Geovisualization"","" Interactive Data Visualization""}",4.8,5400.0,Beginner , 1 - 4 Weeks,"['ArcGIS', 'Data Visualization', 'GIS Software', 'Data Visualization Software', 'Databases', 'Geovisualization', 'Interactive Data Visualization']",arcgis | data visualization | gis software | data visualization software | databases | geovisualization | interactive data visualization,[],0,0,0,0,0,0,0,0,0,0,0,0,0,0,0,0,0,0,0,0,0,0,0,0,0
Making Architecture,"{"" Creativity""}",4.8,1300.0,Beginner , 1 - 4 Weeks,['Creativity'],creativity,[],0,0,0,0,0,0,0,0,0,0,0,0,0,0,0,0,0,0,0,0,0,0,0,0,0
Natural Language Processing with Attention Models,"{"" Artificial Neural Networks"","" Deep Learning"","" Natural Language Processing"","" Machine Learning"","" Python Programming"","" Statistical Programming""}",4.4,931.0,Intermediate , 1 - 4 Weeks,"['Artificial Neural Networks', 'Deep Learning', 'Natural Language Processing', 'Machine Learning', 'Python Programming', 'Statistical Programming']",artificial neural networks | deep learning | natural language processing | machine learning | python programming | statistical programming,"['machine learning', 'python programming']",0,0,0,0,0,0,0,0,0,0,0,0,1,0,0,0,0,0,0,1,0,0,0,0,0
How Things Work: An Introduction to Physics,"{"" Critical Thinking"","" Experiment"","" Problem Solving"","" Angular"","" Mathematical Theory & Analysis"","" Scientific Visualization"","" Deep Learning"","" Feature Engineering"","" Reinforcement Learning""}",4.8,2800.0,Intermediate , 1 - 3 Months,"['Critical Thinking', 'Experiment', 'Problem Solving', 'Angular', 'Mathematical Theory & Analysis', 'Scientific Visualization', 'Deep Learning', 'Feature Engineering', 'Reinforcement Learning']",critical thinking | experiment | problem solving | angular | mathematical theory & analysis | scientific visualization | deep learning | feature engineering | reinforcement learning,"['critical thinking', 'problem solving']",0,0,0,0,0,1,0,0,0,0,0,0,0,0,0,0,0,1,0,0,0,0,0,0,0
Aspectos básicos del diseño de la experiencia del usuario,"{"" Research and Design"","" User Experience"","" User Experience Design"","" Leadership and Management"","" Persona Research"","" Collaboration"","" Communication"","" Graphic Design"","" User Research"","" Visual Design""}",4.9,2600.0,Beginner , 1 - 4 Weeks,"['Research and Design', 'User Experience', 'User Experience Design', 'Leadership and Management', 'Persona Research', 'Collaboration', 'Communication', 'Graphic Design', 'User Research', 'Visual Design']",research and design | user experience | user experience design | leadership and management | persona research | collaboration | communication | graphic design | user research | visual design,"['leadership and management', 'communication']",0,0,0,1,0,0,0,0,0,0,0,1,0,0,0,0,0,0,0,0,0,0,0,0,0
Object-Oriented Data Structures in C++,"{"" C Programming Language Family"","" Computer Programming"","" Data Structures"","" Theoretical Computer Science""}",4.7,2900.0,Intermediate , 1 - 4 Weeks,"['C Programming Language Family', 'Computer Programming', 'Data Structures', 'Theoretical Computer Science']",c programming language family | computer programming | data structures | theoretical computer science,['computer programming'],0,0,0,0,1,0,0,0,0,0,0,0,0,0,0,0,0,0,0,0,0,0,0,0,0
Entrepreneurship 1: Developing the Opportunity,"{"" Entrepreneurship"","" Planning"","" Strategy"","" Business Design"","" Business Development"","" Critical Thinking"","" Innovation"","" Market Research"","" Product Strategy"","" User Research""}",4.8,4100.0,Mixed , 1 - 3 Months,"['Entrepreneurship', 'Planning', 'Strategy', 'Business Design', 'Business Development', 'Critical Thinking', 'Innovation', 'Market Research', 'Product Strategy', 'User Research']",entrepreneurship | planning | strategy | business design | business development | critical thinking | innovation | market research | product strategy | user research,"['planning', 'strategy', 'critical thinking']",0,0,0,0,0,1,0,0,0,0,0,0,0,0,0,1,0,0,0,0,0,0,1,0,0
Inspired Leadership,"{"" Leadership and Management"","" Communication"","" Emotional Intelligence"","" Leadership Development"","" Influencing"","" Human Resources"","" Change Management"","" Critical Thinking"","" Business Psychology"","" Organizational Development"","" Strategy"","" Collaboration"","" Entrepreneurship"","" Human Learning"","" Professional Development"","" Strategy and Operations"","" Marketing"","" People Analysis"","" Negotiation""}",4.7,2300.0,Intermediate , 3 - 6 Months,"['Leadership and Management', 'Communication', 'Emotional Intelligence', 'Leadership Development', 'Influencing', 'Human Resources', 'Change Management', 'Critical Thinking', 'Business Psychology', 'Organizational Development', 'Strategy', 'Collaboration', 'Entrepreneurship', 'Human Learning', 'Professional Development', 'Strategy and Operations', 'Marketing', 'People Analysis', 'Negotiation']",leadership and management | communication | emotional intelligence | leadership development | influencing | human resources | change management | critical thinking | business psychology | organizational development | strategy | collaboration | entrepreneurship | human learning | professional development | strategy and operations | marketing | people analysis | negotiation,"['leadership and management', 'communication', 'critical thinking', 'strategy', 'human learning', 'strategy and operations', 'marketing']",0,0,0,1,0,1,0,0,0,0,1,1,0,0,1,0,0,0,0,0,0,0,1,1,0
Excel Skills for Business: Intermediate I,"{"" Business Analysis"","" Data Analysis"","" Microsoft Excel"","" Spreadsheet Software"","" Plot (Graphics)"","" Databases""}",4.9,16500.0,Intermediate , 1 - 3 Months,"['Business Analysis', 'Data Analysis', 'Microsoft Excel', 'Spreadsheet Software', 'Plot (Graphics)', 'Databases']",business analysis | data analysis | microsoft excel | spreadsheet software | plot (graphics) | databases,"['business analysis', 'data analysis']",0,1,0,0,0,0,1,0,0,0,0,0,0,0,0,0,0,0,0,0,0,0,0,0,0
Digital Transformation Using AI/ML with Google Cloud,"{"" Cloud Computing"","" Business Transformation"","" Business Analysis"","" Data Management"","" Google Cloud Platform"","" Data Analysis"","" Machine Learning"","" Applied Machine Learning"","" Cloud Applications"","" Cloud Clients"","" Cloud Infrastructure"","" Cloud Platforms"","" Cloud-Based Integration"","" Human Learning"","" Innovation"","" Kubernetes"","" Machine Learning Software"","" Other Cloud Platforms and Tools"","" Customer Analysis"","" Machine Learning Algorithms"","" Strategy"","" Strategy and Operations"","" Algorithms"","" Business Intelligence"","" Google App Engine"","" Organizational Development"","" Software Engineering Tools""}",4.7,6200.0,Beginner , 3 - 6 Months,"['Cloud Computing', 'Business Transformation', 'Business Analysis', 'Data Management', 'Google Cloud Platform', 'Data Analysis', 'Machine Learning', 'Applied Machine Learning', 'Cloud Applications', 'Cloud Clients', 'Cloud Infrastructure', 'Cloud Platforms', 'Cloud-Based Integration', 'Human Learning', 'Innovation', 'Kubernetes', 'Machine Learning Software', 'Other Cloud Platforms and Tools', 'Customer Analysis', 'Machine Learning Algorithms', 'Strategy', 'Strategy and Operations', 'Algorithms', 'Business Intelligence', 'Google App Engine', 'Organizational Development', 'Software Engineering Tools']",cloud computing | business transformation | business analysis | data management | google cloud platform | data analysis | machine learning | applied machine learning | cloud applications | cloud clients | cloud infrastructure | cloud platforms | cloud-based integration | human learning | innovation | kubernetes | machine learning software | other cloud platforms and tools | customer analysis | machine learning algorithms | strategy | strategy and operations | algorithms | business intelligence | google app engine | organizational development | software engineering tools,"['cloud computing', 'business analysis', 'data management', 'data analysis', 'machine learning', 'human learning', 'machine learning algorithms', 'strategy', 'strategy and operations', 'algorithms']",1,1,1,0,0,0,1,1,0,0,1,0,1,1,0,0,0,0,0,0,0,0,1,1,0
"Divide and Conquer, Sorting and Searching, and Randomized Algorithms","{"" Algorithms"","" Theoretical Computer Science"","" Computational Thinking"","" Computer Programming"","" Critical Thinking"","" Mathematics"","" Problem Solving"","" Computational Logic"","" Mathematical Theory & Analysis"","" Programming Principles""}",4.8,5100.0,Intermediate , 1 - 4 Weeks,"['Algorithms', 'Theoretical Computer Science', 'Computational Thinking', 'Computer Programming', 'Critical Thinking', 'Mathematics', 'Problem Solving', 'Computational Logic', 'Mathematical Theory & Analysis', 'Programming Principles']",algorithms | theoretical computer science | computational thinking | computer programming | critical thinking | mathematics | problem solving | computational logic | mathematical theory & analysis | programming principles,"['algorithms', 'computer programming', 'critical thinking', 'problem solving']",1,0,0,0,1,1,0,0,0,0,0,0,0,0,0,0,0,1,0,0,0,0,0,0,0
Sales Operations/Management,"{"" Sales"","" Leadership and Management"","" Strategy and Operations"","" Compensation"","" Marketing"","" Human Resources"","" Salesforce"","" Strategy"","" Training"","" Organizational Development"","" Planning"","" Entrepreneurship"","" Recruitment"","" Forecasting""}",4.5,342.0,Beginner , 3 - 6 Months,"['Sales', 'Leadership and Management', 'Strategy and Operations', 'Compensation', 'Marketing', 'Human Resources', 'Salesforce', 'Strategy', 'Training', 'Organizational Development', 'Planning', 'Entrepreneurship', 'Recruitment', 'Forecasting']",sales | leadership and management | strategy and operations | compensation | marketing | human resources | salesforce | strategy | training | organizational development | planning | entrepreneurship | recruitment | forecasting,"['leadership and management', 'strategy and operations', 'marketing', 'strategy', 'planning']",0,0,0,0,0,0,0,0,0,0,0,1,0,0,1,1,0,0,0,0,0,0,1,1,0
Cybersecurity,"{"" Security Engineering"","" System Security"","" Software Security"","" Cyberattacks"","" Security Software"","" Software Testing"","" Systems Design"","" Computer Programming"","" Cryptography"","" Network Security"","" Software Engineering"","" User Experience"","" Design and Product"","" Algorithms"","" Critical Thinking"","" Human Computer Interaction"","" Mathematics"","" Programming Principles"","" Theoretical Computer Science"","" User Research"","" Security Strategy"","" System Software"","" Mathematical Theory & Analysis"","" Hardware Design""}",4.6,5300.0,Intermediate , 3 - 6 Months,"['Security Engineering', 'System Security', 'Software Security', 'Cyberattacks', 'Security Software', 'Software Testing', 'Systems Design', 'Computer Programming', 'Cryptography', 'Network Security', 'Software Engineering', 'User Experience', 'Design and Product', 'Algorithms', 'Critical Thinking', 'Human Computer Interaction', 'Mathematics', 'Programming Principles', 'Theoretical Computer Science', 'User Research', 'Security Strategy', 'System Software', 'Mathematical Theory & Analysis', 'Hardware Design']",security engineering | system security | software security | cyberattacks | security software | software testing | systems design | computer programming | cryptography | network security | software engineering | user experience | design and product | algorithms | critical thinking | human computer interaction | mathematics | programming principles | theoretical computer science | user research | security strategy | system software | mathematical theory & analysis | hardware design,"['computer programming', 'algorithms', 'critical thinking']",1,0,0,0,1,1,0,0,0,0,0,0,0,0,0,0,0,0,0,0,0,0,0,0,0
Corporate Sustainability. Understanding and Seizing the Strategic Opportunity,"{"" Leadership and Management"","" Organizational Development"","" Strategy"","" Strategy and Operations"","" Business Transformation"","" Critical Thinking"","" Business Process Management"","" Change Management"","" Employee Relations"","" Innovation""}",4.6,752.0,Mixed , 1 - 3 Months,"['Leadership and Management', 'Organizational Development', 'Strategy', 'Strategy and Operations', 'Business Transformation', 'Critical Thinking', 'Business Process Management', 'Change Management', 'Employee Relations', 'Innovation']",leadership and management | organizational development | strategy | strategy and operations | business transformation | critical thinking | business process management | change management | employee relations | innovation,"['leadership and management', 'strategy', 'strategy and operations', 'critical thinking']",0,0,0,0,0,1,0,0,0,0,0,1,0,0,0,0,0,0,0,0,0,0,1,1,0
The Fundamentals of Personal Finance,"{"" Finance"","" Planning"","" Risk Management"","" Financial Management"","" Cash Management"","" Accounting"","" Taxes""}",4.6,221.0,Beginner , 3 - 6 Months,"['Finance', 'Planning', 'Risk Management', 'Financial Management', 'Cash Management', 'Accounting', 'Taxes']",finance | planning | risk management | financial management | cash management | accounting | taxes,"['finance', 'planning', 'risk management']",0,0,0,0,0,0,0,0,0,1,0,0,0,0,0,1,0,0,0,0,1,0,0,0,0
Data Analytics in the Public Sector with R,"{"" Data Analysis"","" Exploratory Data Analysis"","" Leadership and Management"","" General Statistics"","" R Programming"","" Statistical Programming""}",4.7,36.0,Intermediate , 3 - 6 Months,"['Data Analysis', 'Exploratory Data Analysis', 'Leadership and Management', 'General Statistics', 'R Programming', 'Statistical Programming']",data analysis | exploratory data analysis | leadership and management | general statistics | r programming | statistical programming,"['data analysis', 'leadership and management']",0,0,0,0,0,0,1,0,0,0,0,1,0,0,0,0,0,0,0,0,0,0,0,0,0
Machine Learning Modeling Pipelines in Production,"{"" Cloud Computing"","" Google Cloud Platform"","" Machine Learning""}",4.3,376.0,Advanced , 1 - 3 Months,"['Cloud Computing', 'Google Cloud Platform', 'Machine Learning']",cloud computing | google cloud platform | machine learning,"['cloud computing', 'machine learning']",0,0,1,0,0,0,0,0,0,0,0,0,1,0,0,0,0,0,0,0,0,0,0,0,0
First Principles of Computer Vision,"{"" Computer Vision"","" Mathematics"","" Algebra"","" Algorithms"","" Computational Thinking""}",4.7,144.0,Beginner , 3 - 6 Months,"['Computer Vision', 'Mathematics', 'Algebra', 'Algorithms', 'Computational Thinking']",computer vision | mathematics | algebra | algorithms | computational thinking,['algorithms'],1,0,0,0,0,0,0,0,0,0,0,0,0,0,0,0,0,0,0,0,0,0,0,0,0
"Negotiation, Mediation and Conflict Resolution","{"" Communication"","" Marketing"","" Negotiation"","" Sales"","" Collaboration"","" Leadership and Management"","" Business Communication"","" Business Psychology"","" Conflict Management"","" Culture"","" Human Resources"","" Leadership Development"","" Planning"","" Strategy""}",4.7,2000.0,Beginner , 3 - 6 Months,"['Communication', 'Marketing', 'Negotiation', 'Sales', 'Collaboration', 'Leadership and Management', 'Business Communication', 'Business Psychology', 'Conflict Management', 'Culture', 'Human Resources', 'Leadership Development', 'Planning', 'Strategy']",communication | marketing | negotiation | sales | collaboration | leadership and management | business communication | business psychology | conflict management | culture | human resources | leadership development | planning | strategy,"['communication', 'marketing', 'leadership and management', 'planning', 'strategy']",0,0,0,1,0,0,0,0,0,0,0,1,0,0,1,1,0,0,0,0,0,0,1,0,0
Introduction to Agile Development and Scrum,"{"" Software Engineering"","" Agile Software Development"","" Scrum (Software Development)"","" Leadership and Management""}",4.9,1400.0,Beginner , 1 - 4 Weeks,"['Software Engineering', 'Agile Software Development', 'Scrum (Software Development)', 'Leadership and Management']",software engineering | agile software development | scrum (software development) | leadership and management,['leadership and management'],0,0,0,0,0,0,0,0,0,0,0,1,0,0,0,0,0,0,0,0,0,0,0,0,0
Competitive Strategy and Organization Design,"{"" Strategy"","" Strategy and Operations"","" Leadership and Management"","" Marketing"","" Business Development"","" Business Design"","" Entrepreneurship"","" Human Resources"","" Organizational Development"","" Sales"","" Market Analysis"","" Product Strategy"","" Decision Making"","" Finance"","" Game Theory"","" Human Resources Operations"","" Innovation"","" Research and Design"","" Design and Product"","" Mergers & Acquisitions"","" Planning""}",4.7,3600.0,Intermediate , 3 - 6 Months,"['Strategy', 'Strategy and Operations', 'Leadership and Management', 'Marketing', 'Business Development', 'Business Design', 'Entrepreneurship', 'Human Resources', 'Organizational Development', 'Sales', 'Market Analysis', 'Product Strategy', 'Decision Making', 'Finance', 'Game Theory', 'Human Resources Operations', 'Innovation', 'Research and Design', 'Design and Product', 'Mergers & Acquisitions', 'Planning']",strategy | strategy and operations | leadership and management | marketing | business development | business design | entrepreneurship | human resources | organizational development | sales | market analysis | product strategy | decision making | finance | game theory | human resources operations | innovation | research and design | design and product | mergers & acquisitions | planning,"['strategy', 'strategy and operations', 'leadership and management', 'marketing', 'decision making', 'finance', 'planning']",0,0,0,0,0,0,0,0,1,1,0,1,0,0,1,1,0,0,0,0,0,0,1,1,0
PwC GST Taxation Executive,"{"" Leadership and Management"","" Finance"","" Financial Analysis"","" Taxes"","" Problem Solving""}",4.6,52.0,Beginner , 3 - 6 Months,"['Leadership and Management', 'Finance', 'Financial Analysis', 'Taxes', 'Problem Solving']",leadership and management | finance | financial analysis | taxes | problem solving,"['leadership and management', 'finance', 'problem solving']",0,0,0,0,0,0,0,0,0,1,0,1,0,0,0,0,0,1,0,0,0,0,0,0,0
"Project Management Foundations, Initiation, and Planning","{"" Project Management""}",4.7,78.0,Beginner , 1 - 3 Months,['Project Management'],project management,['project management'],0,0,0,0,0,0,0,0,0,0,0,0,0,0,0,0,0,0,1,0,0,0,0,0,0
Google Cloud Big Data and Machine Learning Fundamentals,"{"" Big Data"","" Cloud Computing"","" Cloud Platforms"","" Google Cloud Platform"","" Human Learning"","" Machine Learning""}",4.7,15800.0,Beginner , 1 - 3 Months,"['Big Data', 'Cloud Computing', 'Cloud Platforms', 'Google Cloud Platform', 'Human Learning', 'Machine Learning']",big data | cloud computing | cloud platforms | google cloud platform | human learning | machine learning,"['cloud computing', 'human learning', 'machine learning']",0,0,1,0,0,0,0,0,0,0,1,0,1,0,0,0,0,0,0,0,0,0,0,0,0
Corporate & Commercial Law I: Contracts & Employment Law,"{"" Contract Management"","" Critical Thinking"","" Leadership and Management"","" Regulations and Compliance"","" Business Communication"","" Decision Making"","" Employee Relations"","" Negotiation"","" Human Resources"","" Strategy and Operations""}",4.8,1100.0,Intermediate , 1 - 3 Months,"['Contract Management', 'Critical Thinking', 'Leadership and Management', 'Regulations and Compliance', 'Business Communication', 'Decision Making', 'Employee Relations', 'Negotiation', 'Human Resources', 'Strategy and Operations']",contract management | critical thinking | leadership and management | regulations and compliance | business communication | decision making | employee relations | negotiation | human resources | strategy and operations,"['critical thinking', 'leadership and management', 'decision making', 'strategy and operations']",0,0,0,0,0,1,0,0,1,0,0,1,0,0,0,0,0,0,0,0,0,0,0,1,0
Financial Acumen for Non-Financial Managers,"{"" Finance"","" Financial Analysis"","" Financial Management"","" Accounting"","" Accounts Payable and Receivable"","" Business Analysis"","" Financial Accounting"","" General Accounting"","" Management Accounting"","" Generally Accepted Accounting Principles (GAAP)""}",4.5,888.0,Beginner , 1 - 4 Weeks,"['Finance', 'Financial Analysis', 'Financial Management', 'Accounting', 'Accounts Payable and Receivable', 'Business Analysis', 'Financial Accounting', 'General Accounting', 'Management Accounting', 'Generally Accepted Accounting Principles (GAAP)']",finance | financial analysis | financial management | accounting | accounts payable and receivable | business analysis | financial accounting | general accounting | management accounting | generally accepted accounting principles (gaap),"['finance', 'business analysis']",0,1,0,0,0,0,0,0,0,1,0,0,0,0,0,0,0,0,0,0,0,0,0,0,0
Introduction to Finance: The Basics,"{"" Accounting"","" Finance"","" Financial Analysis"","" Financial Management"","" Cash Management"","" Financial Accounting"","" Leadership and Management"","" Accounts Payable and Receivable"","" Investment Management"","" Management Accounting""}",4.7,305.0,Beginner , 1 - 3 Months,"['Accounting', 'Finance', 'Financial Analysis', 'Financial Management', 'Cash Management', 'Financial Accounting', 'Leadership and Management', 'Accounts Payable and Receivable', 'Investment Management', 'Management Accounting']",accounting | finance | financial analysis | financial management | cash management | financial accounting | leadership and management | accounts payable and receivable | investment management | management accounting,"['finance', 'leadership and management']",0,0,0,0,0,0,0,0,0,1,0,1,0,0,0,0,0,0,0,0,0,0,0,0,0
Core Java,"{"" Computer Programming"","" Java Programming"","" Programming Principles"","" Software Engineering"","" Computer Programming Tools"","" Problem Solving"","" Software Engineering Tools"","" Application Development"","" Data Structures"","" Web Development"","" Mathematical Theory & Analysis"","" Computer Networking""}",4.6,2100.0,Intermediate , 3 - 6 Months,"['Computer Programming', 'Java Programming', 'Programming Principles', 'Software Engineering', 'Computer Programming Tools', 'Problem Solving', 'Software Engineering Tools', 'Application Development', 'Data Structures', 'Web Development', 'Mathematical Theory & Analysis', 'Computer Networking']",computer programming | java programming | programming principles | software engineering | computer programming tools | problem solving | software engineering tools | application development | data structures | web development | mathematical theory & analysis | computer networking,"['computer programming', 'problem solving']",0,0,0,0,1,0,0,0,0,0,0,0,0,0,0,0,0,1,0,0,0,0,0,0,0
CompTIA a+_ network,"{"" Data Management"","" Network Security"","" Networking Hardware""}",4.8,10.0,Beginner , 1 - 3 Months,"['Data Management', 'Network Security', 'Networking Hardware']",data management | network security | networking hardware,['data management'],0,0,0,0,0,0,0,1,0,0,0,0,0,0,0,0,0,0,0,0,0,0,0,0,0
Deploying Machine Learning Models in Production,"{"" Applied Machine Learning"","" DevOps"","" Devops Tools"","" Machine Learning"","" Machine Learning Software"","" Cloud Computing"","" Deep Learning"","" Google Cloud Platform"","" Other Cloud Platforms and Tools"","" Performance Management"","" Kubernetes""}",4.5,288.0,Advanced , 1 - 4 Weeks,"['Applied Machine Learning', 'DevOps', 'Devops Tools', 'Machine Learning', 'Machine Learning Software', 'Cloud Computing', 'Deep Learning', 'Google Cloud Platform', 'Other Cloud Platforms and Tools', 'Performance Management', 'Kubernetes']",applied machine learning | devops | devops tools | machine learning | machine learning software | cloud computing | deep learning | google cloud platform | other cloud platforms and tools | performance management | kubernetes,"['machine learning', 'cloud computing']",0,0,1,0,0,0,0,0,0,0,0,0,1,0,0,0,0,0,0,0,0,0,0,0,0
Security and Privacy for Big Data - Part 1,"{"" Big Data"","" Computer Security Incident Management"","" Data Management"","" Network Security"","" Security Engineering"","" Security Strategy"","" Software Security"","" System Security"","" Computer Security Models"","" Cyberattacks""}",4.7,573.0,Beginner , 1 - 4 Weeks,"['Big Data', 'Computer Security Incident Management', 'Data Management', 'Network Security', 'Security Engineering', 'Security Strategy', 'Software Security', 'System Security', 'Computer Security Models', 'Cyberattacks']",big data | computer security incident management | data management | network security | security engineering | security strategy | software security | system security | computer security models | cyberattacks,['data management'],0,0,0,0,0,0,0,1,0,0,0,0,0,0,0,0,0,0,0,0,0,0,0,0,0
Microsoft Azure AI Fundamentals AI-900 Exam Prep,"{"" Machine Learning"","" Microsoft Azure"","" Machine Learning Software"","" Applied Machine Learning"","" Human Learning"","" Machine Learning Algorithms"","" Natural Language Processing"","" Computer Vision"","" Algorithms"","" Training"","" Cloud Computing"","" Human Computer Interaction"","" Regression""}",4.6,511.0,Beginner , 3 - 6 Months,"['Machine Learning', 'Microsoft Azure', 'Machine Learning Software', 'Applied Machine Learning', 'Human Learning', 'Machine Learning Algorithms', 'Natural Language Processing', 'Computer Vision', 'Algorithms', 'Training', 'Cloud Computing', 'Human Computer Interaction', 'Regression']",machine learning | microsoft azure | machine learning software | applied machine learning | human learning | machine learning algorithms | natural language processing | computer vision | algorithms | training | cloud computing | human computer interaction | regression,"['machine learning', 'human learning', 'machine learning algorithms', 'algorithms', 'cloud computing']",1,0,1,0,0,0,0,0,0,0,1,0,1,1,0,0,0,0,0,0,0,0,0,0,0
Excel for Beginners: Introduction to Spreadsheets,"{"" Microsoft Excel""}",4.6,57.0,Beginner , Less Than 2 Hours,['Microsoft Excel'],microsoft excel,[],0,0,0,0,0,0,0,0,0,0,0,0,0,0,0,0,0,0,0,0,0,0,0,0,0
Machine Learning and Reinforcement Learning in Finance,"{"" Machine Learning"","" Human Learning"","" Machine Learning Algorithms"","" Algorithms"","" Finance"","" Mathematics"","" Regression"","" Statistical Machine Learning"","" Applied Machine Learning"","" Artificial Neural Networks"","" Deep Learning"","" Reinforcement Learning"","" Tensorflow""}",3.7,788.0,Intermediate , 3 - 6 Months,"['Machine Learning', 'Human Learning', 'Machine Learning Algorithms', 'Algorithms', 'Finance', 'Mathematics', 'Regression', 'Statistical Machine Learning', 'Applied Machine Learning', 'Artificial Neural Networks', 'Deep Learning', 'Reinforcement Learning', 'Tensorflow']",machine learning | human learning | machine learning algorithms | algorithms | finance | mathematics | regression | statistical machine learning | applied machine learning | artificial neural networks | deep learning | reinforcement learning | tensorflow,"['machine learning', 'human learning', 'machine learning algorithms', 'algorithms', 'finance']",1,0,0,0,0,0,0,0,0,1,1,0,1,1,0,0,0,0,0,0,0,0,0,0,0
Learning Linux for LFCA Certification,"{"" Operating Systems"","" Linux"","" System Software"","" Cloud Computing"","" Computer Networking"","" DevOps"","" Network Security"","" Cloud Platforms"","" Computer Programming Tools"","" Software Engineering Tools"","" System Security"","" Application Development"","" Cloud Applications"","" Devops Tools"","" Security Engineering"","" System Programming"","" Information Technology""}",4.5,819.0,Beginner , 3 - 6 Months,"['Operating Systems', 'Linux', 'System Software', 'Cloud Computing', 'Computer Networking', 'DevOps', 'Network Security', 'Cloud Platforms', 'Computer Programming Tools', 'Software Engineering Tools', 'System Security', 'Application Development', 'Cloud Applications', 'Devops Tools', 'Security Engineering', 'System Programming', 'Information Technology']",operating systems | linux | system software | cloud computing | computer networking | devops | network security | cloud platforms | computer programming tools | software engineering tools | system security | application development | cloud applications | devops tools | security engineering | system programming | information technology,['cloud computing'],0,0,1,0,0,0,0,0,0,0,0,0,0,0,0,0,0,0,0,0,0,0,0,0,0
Customer Experiences with Contact Center AI - Dialogflow ES,"{"" Machine Learning"","" Natural Language Processing"","" Human Computer Interaction"","" Interactive Design"","" User Experience"","" Cloud-Based Integration"","" Applied Machine Learning"","" Design and Product"","" User Experience Design"","" Strategy and Operations"","" Application Development"","" Google Cloud Platform"","" Computer Programming"","" Software Architecture"","" Search Engine Optimization"","" Customer Relationship Management"","" Computer Architecture"","" Computer Programming Tools"","" Customer Success"","" Data Management"","" Operations Management""}",4.5,205.0,Intermediate , 3 - 6 Months,"['Machine Learning', 'Natural Language Processing', 'Human Computer Interaction', 'Interactive Design', 'User Experience', 'Cloud-Based Integration', 'Applied Machine Learning', 'Design and Product', 'User Experience Design', 'Strategy and Operations', 'Application Development', 'Google Cloud Platform', 'Computer Programming', 'Software Architecture', 'Search Engine Optimization', 'Customer Relationship Management', 'Computer Architecture', 'Computer Programming Tools', 'Customer Success', 'Data Management', 'Operations Management']",machine learning | natural language processing | human computer interaction | interactive design | user experience | cloud-based integration | applied machine learning | design and product | user experience design | strategy and operations | application development | google cloud platform | computer programming | software architecture | search engine optimization | customer relationship management | computer architecture | computer programming tools | customer success | data management | operations management,"['machine learning', 'strategy and operations', 'computer programming', 'data management']",0,0,0,0,1,0,0,1,0,0,0,0,1,0,0,0,0,0,0,0,0,0,0,1,0
Introduction to AI in the Data Center,"{"" Deep Learning"","" Machine Learning""}",4.7,28.0,Beginner , 1 - 4 Weeks,"['Deep Learning', 'Machine Learning']",deep learning | machine learning,['machine learning'],0,0,0,0,0,0,0,0,0,0,0,0,1,0,0,0,0,0,0,0,0,0,0,0,0
"Decisions, Decisions: Dashboards and Reports","{"" Business Intelligence"","" Data Model"","" Tableau Software""}",4.8,358.0,Advanced , 1 - 3 Months,"['Business Intelligence', 'Data Model', 'Tableau Software']",business intelligence | data model | tableau software,[],0,0,0,0,0,0,0,0,0,0,0,0,0,0,0,0,0,0,0,0,0,0,0,0,0
"Organizational Leadership in Diversity, Equity & Inclusion","{"" Communication"","" Business Psychology"","" Employee Relations"","" Human Resources"","" Human Resources Operations"","" Leadership and Management"","" Culture"","" Entrepreneurship"","" Organizational Development"","" Business Analysis"","" Collaboration"","" People Development"","" Talent Management""}",4.8,187.0,Intermediate , 3 - 6 Months,"['Communication', 'Business Psychology', 'Employee Relations', 'Human Resources', 'Human Resources Operations', 'Leadership and Management', 'Culture', 'Entrepreneurship', 'Organizational Development', 'Business Analysis', 'Collaboration', 'People Development', 'Talent Management']",communication | business psychology | employee relations | human resources | human resources operations | leadership and management | culture | entrepreneurship | organizational development | business analysis | collaboration | people development | talent management,"['communication', 'leadership and management', 'business analysis']",0,1,0,1,0,0,0,0,0,0,0,1,0,0,0,0,0,0,0,0,0,0,0,0,0
Omnichannel Retail Strategy,"{"" Leadership and Management"","" Strategy"","" Retail Store Operations"","" E-Commerce"","" Marketing"","" Retail Sales"","" Sales"","" Strategy and Operations"","" Brand Management"","" Human Resources"","" Organizational Development"","" Supply Chain Systems"","" Supply Chain and Logistics"","" Data Analysis"","" Human Resources Operations"","" People Development"","" Performance Management"","" Talent Management"","" Operations Management"","" People Analysis"","" Product Strategy"","" Compensation""}",4.7,289.0,Beginner , 1 - 3 Months,"['Leadership and Management', 'Strategy', 'Retail Store Operations', 'E-Commerce', 'Marketing', 'Retail Sales', 'Sales', 'Strategy and Operations', 'Brand Management', 'Human Resources', 'Organizational Development', 'Supply Chain Systems', 'Supply Chain and Logistics', 'Data Analysis', 'Human Resources Operations', 'People Development', 'Performance Management', 'Talent Management', 'Operations Management', 'People Analysis', 'Product Strategy', 'Compensation']",leadership and management | strategy | retail store operations | e-commerce | marketing | retail sales | sales | strategy and operations | brand management | human resources | organizational development | supply chain systems | supply chain and logistics | data analysis | human resources operations | people development | performance management | talent management | operations management | people analysis | product strategy | compensation,"['leadership and management', 'strategy', 'marketing', 'strategy and operations', 'data analysis']",0,0,0,0,0,0,1,0,0,0,0,1,0,0,1,0,0,0,0,0,0,0,1,1,0
Excel/VBA for Creative Problem Solving,"{"" Spreadsheet Software"","" Computer Programming"","" Problem Solving"","" Microsoft Excel"","" Programming Principles"","" Data Analysis"","" Critical Thinking"","" Algorithms"","" Computer Programming Tools"","" Computational Logic"","" Computational Thinking"","" Data Analysis Software""}",4.8,4500.0,Beginner , 3 - 6 Months,"['Spreadsheet Software', 'Computer Programming', 'Problem Solving', 'Microsoft Excel', 'Programming Principles', 'Data Analysis', 'Critical Thinking', 'Algorithms', 'Computer Programming Tools', 'Computational Logic', 'Computational Thinking', 'Data Analysis Software']",spreadsheet software | computer programming | problem solving | microsoft excel | programming principles | data analysis | critical thinking | algorithms | computer programming tools | computational logic | computational thinking | data analysis software,"['computer programming', 'problem solving', 'data analysis', 'critical thinking', 'algorithms']",1,0,0,0,1,1,1,0,0,0,0,0,0,0,0,0,0,1,0,0,0,0,0,0,0
From Excel to Power BI,"{"" Data Analysis"","" Data Model"","" Microsoft Excel"","" Power BI""}",4.4,149.0,Beginner , 1 - 4 Weeks,"['Data Analysis', 'Data Model', 'Microsoft Excel', 'Power BI']",data analysis | data model | microsoft excel | power bi,['data analysis'],0,0,0,0,0,0,1,0,0,0,0,0,0,0,0,0,0,0,0,0,0,0,0,0,0
"Speak English Professionally: In Person, Online & On the Phone","{"" Communication""}",4.7,9900.0,Mixed , 1 - 3 Months,['Communication'],communication,['communication'],0,0,0,1,0,0,0,0,0,0,0,0,0,0,0,0,0,0,0,0,0,0,0,0,0
Vital Signs: Understanding What the Body Is Telling Us,"{"" Health""}",4.8,6000.0,Mixed , 1 - 3 Months,['Health'],health,[],0,0,0,0,0,0,0,0,0,0,0,0,0,0,0,0,0,0,0,0,0,0,0,0,0
TOEFL Preparation,"{"" Strategy"","" Writing""}",4.5,520.0,Beginner , 1 - 3 Months,"['Strategy', 'Writing']",strategy | writing,"['strategy', 'writing']",0,0,0,0,0,0,0,0,0,0,0,0,0,0,0,0,0,0,0,0,0,0,1,0,1
Understanding Einstein: The Special Theory of Relativity,"{"" Critical Thinking""}",4.9,2900.0,Beginner , 1 - 3 Months,['Critical Thinking'],critical thinking,['critical thinking'],0,0,0,0,0,1,0,0,0,0,0,0,0,0,0,0,0,0,0,0,0,0,0,0,0
Design of Experiments,"{"" Probability & Statistics"","" Experiment"","" Statistical Analysis"","" General Statistics"","" Statistical Tests"","" Data Analysis"","" Research and Design"","" Regression"","" Plot (Graphics)"","" Data Analysis Software"","" Statistical Visualization""}",4.7,290.0,Beginner , 3 - 6 Months,"['Probability & Statistics', 'Experiment', 'Statistical Analysis', 'General Statistics', 'Statistical Tests', 'Data Analysis', 'Research and Design', 'Regression', 'Plot (Graphics)', 'Data Analysis Software', 'Statistical Visualization']",probability & statistics | experiment | statistical analysis | general statistics | statistical tests | data analysis | research and design | regression | plot (graphics) | data analysis software | statistical visualization,"['probability & statistics', 'data analysis']",0,0,0,0,0,0,1,0,0,0,0,0,0,0,0,0,1,0,0,0,0,0,0,0,0
Analyze Datasets and Train ML Models using AutoML,"{"" Amazon Web Services"","" Exploratory Data Analysis""}",4.5,420.0,Advanced , 1 - 4 Weeks,"['Amazon Web Services', 'Exploratory Data Analysis']",amazon web services | exploratory data analysis,[],0,0,0,0,0,0,0,0,0,0,0,0,0,0,0,0,0,0,0,0,0,0,0,0,0
Introduction to Computer Vision and Image Processing,"{"" Computer Vision"","" Deep Learning"","" Machine Learning"","" Machine Learning Algorithms"","" Artificial Neural Networks"","" Visualization (Computer Graphics)"","" Algorithms"","" Applied Machine Learning"","" Machine Learning Software"","" Python Programming"","" Computer Programming"","" Data Science""}",4.3,1000.0,Beginner , 1 - 3 Months,"['Computer Vision', 'Deep Learning', 'Machine Learning', 'Machine Learning Algorithms', 'Artificial Neural Networks', 'Visualization (Computer Graphics)', 'Algorithms', 'Applied Machine Learning', 'Machine Learning Software', 'Python Programming', 'Computer Programming', 'Data Science']",computer vision | deep learning | machine learning | machine learning algorithms | artificial neural networks | visualization (computer graphics) | algorithms | applied machine learning | machine learning software | python programming | computer programming | data science,"['machine learning', 'machine learning algorithms', 'algorithms', 'python programming', 'computer programming']",1,0,0,0,1,0,0,0,0,0,0,0,1,1,0,0,0,0,0,1,0,0,0,0,0
Auditing I: Conceptual Foundations of Auditing,"{"" Accounting"","" Audit"","" Critical Thinking"","" Financial Analysis"","" Regulations and Compliance"","" Risk Management"","" Financial Accounting"","" General Accounting"","" Leadership and Management"","" Finance""}",4.7,517.0,Intermediate , 1 - 3 Months,"['Accounting', 'Audit', 'Critical Thinking', 'Financial Analysis', 'Regulations and Compliance', 'Risk Management', 'Financial Accounting', 'General Accounting', 'Leadership and Management', 'Finance']",accounting | audit | critical thinking | financial analysis | regulations and compliance | risk management | financial accounting | general accounting | leadership and management | finance,"['critical thinking', 'risk management', 'leadership and management', 'finance']",0,0,0,0,0,1,0,0,0,1,0,1,0,0,0,0,0,0,0,0,1,0,0,0,0
European Business Law,"{"" Regulations and Compliance"","" Business Development"","" Leadership and Management"","" Public Relations"","" Entrepreneurship"","" Contract Management"","" Critical Thinking"","" Decision Making"","" Employee Relations"","" Mergers & Acquisitions"","" Strategy and Operations"","" Taxes""}",4.8,1700.0,Beginner , 3 - 6 Months,"['Regulations and Compliance', 'Business Development', 'Leadership and Management', 'Public Relations', 'Entrepreneurship', 'Contract Management', 'Critical Thinking', 'Decision Making', 'Employee Relations', 'Mergers & Acquisitions', 'Strategy and Operations', 'Taxes']",regulations and compliance | business development | leadership and management | public relations | entrepreneurship | contract management | critical thinking | decision making | employee relations | mergers & acquisitions | strategy and operations | taxes,"['leadership and management', 'critical thinking', 'decision making', 'strategy and operations']",0,0,0,0,0,1,0,0,1,0,0,1,0,0,0,0,0,0,0,0,0,0,0,1,0
International Business Essentials,"{"" Mathematical Theory & Analysis"","" Leadership and Management"","" Linear Algebra"","" Probability & Statistics"","" Statistical Analysis"","" Algebra"","" Basic Descriptive Statistics"","" General Statistics"","" Mathematics"","" Organizational Development"","" Strategy"","" Critical Thinking"","" Decision Making"","" Problem Solving"","" Statistical Tests"","" Business Process Management"","" Communication"","" Calculus"","" Data Analysis"","" Strategy and Operations"","" Business Analysis"","" Business Development"","" Probability Distribution"","" Business Communication"","" Business Psychology"","" Collaboration"","" Conflict Management"","" Leadership Development"","" Operations Management"","" People Management"","" Performance Management"","" Correlation And Dependence"","" Marketing"","" Product Management"","" Product Strategy"","" Sales"","" Differential Equations"","" Change Management"","" Planning""}",4.6,1800.0,Intermediate , 3 - 6 Months,"['Mathematical Theory & Analysis', 'Leadership and Management', 'Linear Algebra', 'Probability & Statistics', 'Statistical Analysis', 'Algebra', 'Basic Descriptive Statistics', 'General Statistics', 'Mathematics', 'Organizational Development', 'Strategy', 'Critical Thinking', 'Decision Making', 'Problem Solving', 'Statistical Tests', 'Business Process Management', 'Communication', 'Calculus', 'Data Analysis', 'Strategy and Operations', 'Business Analysis', 'Business Development', 'Probability Distribution', 'Business Communication', 'Business Psychology', 'Collaboration', 'Conflict Management', 'Leadership Development', 'Operations Management', 'People Management', 'Performance Management', 'Correlation And Dependence', 'Marketing', 'Product Management', 'Product Strategy', 'Sales', 'Differential Equations', 'Change Management', 'Planning']",mathematical theory & analysis | leadership and management | linear algebra | probability & statistics | statistical analysis | algebra | basic descriptive statistics | general statistics | mathematics | organizational development | strategy | critical thinking | decision making | problem solving | statistical tests | business process management | communication | calculus | data analysis | strategy and operations | business analysis | business development | probability distribution | business communication | business psychology | collaboration | conflict management | leadership development | operations management | people management | performance management | correlation and dependence | marketing | product management | product strategy | sales | differential equations | change management | planning,"['leadership and management', 'probability & statistics', 'strategy', 'critical thinking', 'decision making', 'problem solving', 'communication', 'data analysis', 'strategy and operations', 'business analysis', 'marketing', 'planning']",0,1,0,1,0,1,1,0,1,0,0,1,0,0,1,1,1,1,0,0,0,0,1,1,0
Introduction to Machine Learning,"{"" Applied Machine Learning"","" Artificial Neural Networks"","" Deep Learning"","" Human Learning"","" Machine Learning"","" Algorithms"","" Machine Learning Algorithms"","" Network Model"","" Natural Language Processing"","" Probability & Statistics"","" Regression"","" Python Programming""}",4.7,3400.0,Intermediate , 1 - 4 Weeks,"['Applied Machine Learning', 'Artificial Neural Networks', 'Deep Learning', 'Human Learning', 'Machine Learning', 'Algorithms', 'Machine Learning Algorithms', 'Network Model', 'Natural Language Processing', 'Probability & Statistics', 'Regression', 'Python Programming']",applied machine learning | artificial neural networks | deep learning | human learning | machine learning | algorithms | machine learning algorithms | network model | natural language processing | probability & statistics | regression | python programming,"['human learning', 'machine learning', 'algorithms', 'machine learning algorithms', 'probability & statistics', 'python programming']",1,0,0,0,0,0,0,0,0,0,1,0,1,1,0,0,1,0,0,1,0,0,0,0,0
Supply Chain Logistics,"{"" Continuous Delivery"","" Inventory Management"","" Leadership and Management"","" Material Handling"","" Operations Management"","" Planning"","" Shipping and Receiving"","" Supplier Relationship Management"","" Supply Chain Systems"","" Supply Chain and Logistics"","" Transportation Operations Management"","" Warehouse Management""}",4.8,10200.0,Beginner , 1 - 4 Weeks,"['Continuous Delivery', 'Inventory Management', 'Leadership and Management', 'Material Handling', 'Operations Management', 'Planning', 'Shipping and Receiving', 'Supplier Relationship Management', 'Supply Chain Systems', 'Supply Chain and Logistics', 'Transportation Operations Management', 'Warehouse Management']",continuous delivery | inventory management | leadership and management | material handling | operations management | planning | shipping and receiving | supplier relationship management | supply chain systems | supply chain and logistics | transportation operations management | warehouse management,"['leadership and management', 'planning']",0,0,0,0,0,0,0,0,0,0,0,1,0,0,0,1,0,0,0,0,0,0,0,0,0
.NET FullStack Developer,"{"" Computer Programming"","" Javascript"","" React (web framework)""}",4.3,60.0,Intermediate , 1 - 3 Months,"['Computer Programming', 'Javascript', 'React (web framework)']",computer programming | javascript | react (web framework),['computer programming'],0,0,0,0,1,0,0,0,0,0,0,0,0,0,0,0,0,0,0,0,0,0,0,0,0
Essentials in Clinical Simulations Across the Health Professions,"{"" Training""}",4.8,967.0,Intermediate , 1 - 3 Months,['Training'],training,[],0,0,0,0,0,0,0,0,0,0,0,0,0,0,0,0,0,0,0,0,0,0,0,0,0
English for Business and Entrepreneurship,"{"" Entrepreneurship"","" Business Analysis"","" Market Research"","" Planning"","" Marketing"","" Business Development"","" Creativity""}",4.8,4600.0,Beginner , 1 - 3 Months,"['Entrepreneurship', 'Business Analysis', 'Market Research', 'Planning', 'Marketing', 'Business Development', 'Creativity']",entrepreneurship | business analysis | market research | planning | marketing | business development | creativity,"['business analysis', 'planning', 'marketing']",0,1,0,0,0,0,0,0,0,0,0,0,0,0,1,1,0,0,0,0,0,0,0,0,0
Introduction to Web Development,"{"" Computer Programming"","" Front-End Web Development"","" HTML and CSS"","" Javascript"","" Web Design"","" Web Development"","" Web Development Tools"","" Problem Solving"","" User Experience Design"","" Java Programming""}",4.7,3600.0,Beginner , 1 - 3 Months,"['Computer Programming', 'Front-End Web Development', 'HTML and CSS', 'Javascript', 'Web Design', 'Web Development', 'Web Development Tools', 'Problem Solving', 'User Experience Design', 'Java Programming']",computer programming | front-end web development | html and css | javascript | web design | web development | web development tools | problem solving | user experience design | java programming,"['computer programming', 'problem solving']",0,0,0,0,1,0,0,0,0,0,0,0,0,0,0,0,0,1,0,0,0,0,0,0,0
Data Science with Databricks for Data Analysts,"{"" Data Analysis"","" Machine Learning"","" Machine Learning Algorithms"","" Algorithms"","" Exploratory Data Analysis"","" Human Learning"","" Python Programming"","" Apache"","" Applied Machine Learning"","" Data Management"","" SQL"","" Regression"","" Big Data"","" Feature Engineering"","" Data Science""}",4.5,527.0,Intermediate , 3 - 6 Months,"['Data Analysis', 'Machine Learning', 'Machine Learning Algorithms', 'Algorithms', 'Exploratory Data Analysis', 'Human Learning', 'Python Programming', 'Apache', 'Applied Machine Learning', 'Data Management', 'SQL', 'Regression', 'Big Data', 'Feature Engineering', 'Data Science']",data analysis | machine learning | machine learning algorithms | algorithms | exploratory data analysis | human learning | python programming | apache | applied machine learning | data management | sql | regression | big data | feature engineering | data science,"['data analysis', 'machine learning', 'machine learning algorithms', 'algorithms', 'human learning', 'python programming', 'data management', 'sql']",1,0,0,0,0,0,1,1,0,0,1,0,1,1,0,0,0,0,0,1,0,1,0,0,0
Memoir and Personal Essay: Write About Yourself,"{"" Writing""}",4.4,397.0,Beginner , 3 - 6 Months,['Writing'],writing,['writing'],0,0,0,0,0,0,0,0,0,0,0,0,0,0,0,0,0,0,0,0,0,0,0,0,1
Using Python to Access Web Data,"{"" Computer Programming"","" Computer Programming Tools"","" Programming Principles"","" Python Programming"","" Data Structures"","" Web Development"","" Web Development Tools"","" Computer Networking"","" Extract"","" Transform"","" Load"","" HTML and CSS""}",4.8,43700.0,Beginner , 1 - 3 Months,"['Computer Programming', 'Computer Programming Tools', 'Programming Principles', 'Python Programming', 'Data Structures', 'Web Development', 'Web Development Tools', 'Computer Networking', 'Extract', 'Transform', 'Load', 'HTML and CSS']",computer programming | computer programming tools | programming principles | python programming | data structures | web development | web development tools | computer networking | extract | transform | load | html and css,"['computer programming', 'python programming']",0,0,0,0,1,0,0,0,0,0,0,0,0,0,0,0,0,0,0,1,0,0,0,0,0
Innovation Management,"{"" Creativity"","" Innovation"","" Leadership and Management""}",4.7,1900.0,Beginner , 1 - 3 Months,"['Creativity', 'Innovation', 'Leadership and Management']",creativity | innovation | leadership and management,['leadership and management'],0,0,0,0,0,0,0,0,0,0,0,1,0,0,0,0,0,0,0,0,0,0,0,0,0
Managing the Company of the Future,"{"" Organizational Development"","" Leadership and Management"","" Innovation""}",4.8,3400.0,Mixed , 1 - 3 Months,"['Organizational Development', 'Leadership and Management', 'Innovation']",organizational development | leadership and management | innovation,['leadership and management'],0,0,0,0,0,0,0,0,0,0,0,1,0,0,0,0,0,0,0,0,0,0,0,0,0
Learn Chinese: HSK Test Preparation,"{"" Communication"","" Writing""}",4.8,3100.0,Beginner , 3 - 6 Months,"['Communication', 'Writing']",communication | writing,"['communication', 'writing']",0,0,0,1,0,0,0,0,0,0,0,0,0,0,0,0,0,0,0,0,0,0,0,0,1
Foundations of Public Health Practice,"{"" Critical Thinking""}",4.8,513.0,Beginner , 3 - 6 Months,['Critical Thinking'],critical thinking,['critical thinking'],0,0,0,0,0,1,0,0,0,0,0,0,0,0,0,0,0,0,0,0,0,0,0,0,0
Marketing digital e e-commerce do Google,"{"" E-Commerce"","" Marketing""}",4.9,89.0,Beginner , 3 - 6 Months,"['E-Commerce', 'Marketing']",e-commerce | marketing,['marketing'],0,0,0,0,0,0,0,0,0,0,0,0,0,0,1,0,0,0,0,0,0,0,0,0,0
Developing Your Musicianship,"{"" Training""}",4.8,1600.0,Beginner , 3 - 6 Months,['Training'],training,[],0,0,0,0,0,0,0,0,0,0,0,0,0,0,0,0,0,0,0,0,0,0,0,0,0
What is Compliance?,"{"" Critical Thinking"","" Leadership and Management"","" Organizational Development"","" Regulations and Compliance"","" Risk Management"","" Strategy and Operations"","" Decision Making"","" Finance"","" Problem Solving"","" Strategy"","" Brand Management""}",4.8,1100.0,Mixed , 1 - 4 Weeks,"['Critical Thinking', 'Leadership and Management', 'Organizational Development', 'Regulations and Compliance', 'Risk Management', 'Strategy and Operations', 'Decision Making', 'Finance', 'Problem Solving', 'Strategy', 'Brand Management']",critical thinking | leadership and management | organizational development | regulations and compliance | risk management | strategy and operations | decision making | finance | problem solving | strategy | brand management,"['critical thinking', 'leadership and management', 'risk management', 'strategy and operations', 'decision making', 'finance', 'problem solving', 'strategy']",0,0,0,0,0,1,0,0,1,1,0,1,0,0,0,0,0,1,0,0,1,0,1,1,0
AI Strategy and Governance,"{"" Machine Learning"","" Data Analysis"","" Applied Machine Learning"","" Business Transformation"","" Decision Making"","" Human Learning"","" Machine Learning Algorithms"","" Regulations and Compliance"","" Strategy""}",4.8,71.0,Beginner , 1 - 4 Weeks,"['Machine Learning', 'Data Analysis', 'Applied Machine Learning', 'Business Transformation', 'Decision Making', 'Human Learning', 'Machine Learning Algorithms', 'Regulations and Compliance', 'Strategy']",machine learning | data analysis | applied machine learning | business transformation | decision making | human learning | machine learning algorithms | regulations and compliance | strategy,"['machine learning', 'data analysis', 'decision making', 'human learning', 'machine learning algorithms', 'strategy']",0,0,0,0,0,0,1,0,1,0,1,0,1,1,0,0,0,0,0,0,0,0,1,0,0
AI Applications in People Management,"{"" Leadership and Management"","" Machine Learning"","" People Management"","" Algorithms"","" Applied Machine Learning"","" Human Resources"","" Machine Learning Algorithms"","" People Analysis"","" Decision Making""}",4.7,77.0,Mixed , 1 - 4 Weeks,"['Leadership and Management', 'Machine Learning', 'People Management', 'Algorithms', 'Applied Machine Learning', 'Human Resources', 'Machine Learning Algorithms', 'People Analysis', 'Decision Making']",leadership and management | machine learning | people management | algorithms | applied machine learning | human resources | machine learning algorithms | people analysis | decision making,"['leadership and management', 'machine learning', 'algorithms', 'machine learning algorithms', 'decision making']",1,0,0,0,0,0,0,0,1,0,0,1,1,1,0,0,0,0,0,0,0,0,0,0,0
Rust Fundamentals,"{"" Software Testing"","" System Programming""}",4.677240684793555,7827.922457200403,Beginner , 1 - 4 Weeks,"['Software Testing', 'System Programming']",software testing | system programming,[],0,0,0,0,0,0,0,0,0,0,0,0,0,0,0,0,0,0,0,0,0,0,0,0,0
Interaction Design,"{"" Probability & Statistics"","" Experiment"","" Statistical Tests"","" Human Computer Interaction"","" User Experience"","" R Programming"","" Statistical Programming"","" User Experience Design"","" Data Analysis"","" General Statistics"","" Statistical Analysis"","" User Research"","" Visual Design"","" Probability Distribution"","" Regression"","" Collaboration"","" Human Learning""}",4.5,3900.0,Intermediate , 3 - 6 Months,"['Probability & Statistics', 'Experiment', 'Statistical Tests', 'Human Computer Interaction', 'User Experience', 'R Programming', 'Statistical Programming', 'User Experience Design', 'Data Analysis', 'General Statistics', 'Statistical Analysis', 'User Research', 'Visual Design', 'Probability Distribution', 'Regression', 'Collaboration', 'Human Learning']",probability & statistics | experiment | statistical tests | human computer interaction | user experience | r programming | statistical programming | user experience design | data analysis | general statistics | statistical analysis | user research | visual design | probability distribution | regression | collaboration | human learning,"['probability & statistics', 'data analysis', 'human learning']",0,0,0,0,0,0,1,0,0,0,1,0,0,0,0,0,1,0,0,0,0,0,0,0,0
Arts and Heritage Management,"{"" Leadership and Management"","" Marketing"","" Strategy"","" Communication"","" Customer Relationship Management"","" Organizational Development"","" Strategy and Operations"","" Brand Management"","" Business Process Management"","" Culture""}",4.8,1300.0,Mixed , 1 - 3 Months,"['Leadership and Management', 'Marketing', 'Strategy', 'Communication', 'Customer Relationship Management', 'Organizational Development', 'Strategy and Operations', 'Brand Management', 'Business Process Management', 'Culture']",leadership and management | marketing | strategy | communication | customer relationship management | organizational development | strategy and operations | brand management | business process management | culture,"['leadership and management', 'marketing', 'strategy', 'communication', 'strategy and operations']",0,0,0,1,0,0,0,0,0,0,0,1,0,0,1,0,0,0,0,0,0,0,1,1,0
"Extract, Transform and Load Data in Power BI","{"" Data Analysis"","" Data Mining"","" Extract"","" Transform"","" Load"","" Power BI""}",4.4,111.0,Beginner , 1 - 4 Weeks,"['Data Analysis', 'Data Mining', 'Extract', 'Transform', 'Load', 'Power BI']",data analysis | data mining | extract | transform | load | power bi,['data analysis'],0,0,0,0,0,0,1,0,0,0,0,0,0,0,0,0,0,0,0,0,0,0,0,0,0
Semiconductor Devices,"{"" Problem Solving""}",4.4,521.0,Advanced , 1 - 3 Months,['Problem Solving'],problem solving,['problem solving'],0,0,0,0,0,0,0,0,0,0,0,0,0,0,0,0,0,1,0,0,0,0,0,0,0
An Introduction to Accessibility and Inclusive Design,"{"" Research and Design"","" Human Computer Interaction"","" Visual Design""}",4.7,187.0,Beginner , 1 - 3 Months,"['Research and Design', 'Human Computer Interaction', 'Visual Design']",research and design | human computer interaction | visual design,[],0,0,0,0,0,0,0,0,0,0,0,0,0,0,0,0,0,0,0,0,0,0,0,0,0
ASP.NET for Experienced Developers,"{"" Computer Programming"","" DevOps""}",4.0,106.0,Intermediate , 1 - 3 Months,"['Computer Programming', 'DevOps']",computer programming | devops,['computer programming'],0,0,0,0,1,0,0,0,0,0,0,0,0,0,0,0,0,0,0,0,0,0,0,0,0
Uncommon Sense Teaching,"{"" Human Learning"","" Planning"","" Entrepreneurship""}",4.9,612.0,Beginner , 1 - 3 Months,"['Human Learning', 'Planning', 'Entrepreneurship']",human learning | planning | entrepreneurship,"['human learning', 'planning']",0,0,0,0,0,0,0,0,0,0,1,0,0,0,0,1,0,0,0,0,0,0,0,0,0
"Introduction to Financial Analysis - The ""Why?""","{"" Accounting"","" Finance"","" Financial Accounting"","" General Accounting"","" Leadership and Management"","" Accounts Payable and Receivable"","" Financial Analysis"","" Cost Accounting"","" Generally Accepted Accounting Principles (GAAP)"","" Risk Management""}",4.7,111.0,Beginner , 1 - 4 Weeks,"['Accounting', 'Finance', 'Financial Accounting', 'General Accounting', 'Leadership and Management', 'Accounts Payable and Receivable', 'Financial Analysis', 'Cost Accounting', 'Generally Accepted Accounting Principles (GAAP)', 'Risk Management']",accounting | finance | financial accounting | general accounting | leadership and management | accounts payable and receivable | financial analysis | cost accounting | generally accepted accounting principles (gaap) | risk management,"['finance', 'leadership and management', 'risk management']",0,0,0,0,0,0,0,0,0,1,0,1,0,0,0,0,0,0,0,0,1,0,0,0,0
Statistics with Python,"{"" General Statistics"","" Probability & Statistics"","" Statistical Analysis"","" Data Analysis"","" Statistical Tests"","" Basic Descriptive Statistics"","" Probability Distribution"","" Python Programming"","" Statistical Visualization"","" Statistical Programming"","" Mathematics"","" Plot (Graphics)"","" Regression"","" Correlation And Dependence"","" Critical Thinking"","" Data Visualization"","" Visualization (Computer Graphics)"","" Computer Programming"","" Data Model""}",4.6,3100.0,Beginner , 1 - 3 Months,"['General Statistics', 'Probability & Statistics', 'Statistical Analysis', 'Data Analysis', 'Statistical Tests', 'Basic Descriptive Statistics', 'Probability Distribution', 'Python Programming', 'Statistical Visualization', 'Statistical Programming', 'Mathematics', 'Plot (Graphics)', 'Regression', 'Correlation And Dependence', 'Critical Thinking', 'Data Visualization', 'Visualization (Computer Graphics)', 'Computer Programming', 'Data Model']",general statistics | probability & statistics | statistical analysis | data analysis | statistical tests | basic descriptive statistics | probability distribution | python programming | statistical visualization | statistical programming | mathematics | plot (graphics) | regression | correlation and dependence | critical thinking | data visualization | visualization (computer graphics) | computer programming | data model,"['probability & statistics', 'data analysis', 'python programming', 'critical thinking', 'computer programming']",0,0,0,0,1,1,1,0,0,0,0,0,0,0,0,0,1,0,0,1,0,0,0,0,0
Financial Reporting,"{"" Accounting"","" Financial Accounting"","" General Accounting"","" Generally Accepted Accounting Principles (GAAP)"","" Financial Analysis"","" Finance"","" Accounts Payable and Receivable"","" Financial Management"","" Management Accounting"","" Cost Accounting"","" Leadership and Management"","" Account Management"","" Corporate Accouting""}",4.7,793.0,Intermediate , 3 - 6 Months,"['Accounting', 'Financial Accounting', 'General Accounting', 'Generally Accepted Accounting Principles (GAAP)', 'Financial Analysis', 'Finance', 'Accounts Payable and Receivable', 'Financial Management', 'Management Accounting', 'Cost Accounting', 'Leadership and Management', 'Account Management', 'Corporate Accouting']",accounting | financial accounting | general accounting | generally accepted accounting principles (gaap) | financial analysis | finance | accounts payable and receivable | financial management | management accounting | cost accounting | leadership and management | account management | corporate accouting,"['finance', 'leadership and management']",0,0,0,0,0,0,0,0,0,1,0,1,0,0,0,0,0,0,0,0,0,0,0,0,0
Circular Economy - Sustainable Materials Management,"{"" Business Design"","" Business Transformation"","" Product Design"","" Product Strategy"","" Strategy"","" Innovation""}",4.8,1800.0,Beginner , 1 - 3 Months,"['Business Design', 'Business Transformation', 'Product Design', 'Product Strategy', 'Strategy', 'Innovation']",business design | business transformation | product design | product strategy | strategy | innovation,['strategy'],0,0,0,0,0,0,0,0,0,0,0,0,0,0,0,0,0,0,0,0,0,0,1,0,0
Foundations of Teaching for Learning: Curriculum,"{"" Planning""}",4.6,372.0,Mixed , 1 - 3 Months,['Planning'],planning,['planning'],0,0,0,0,0,0,0,0,0,0,0,0,0,0,0,1,0,0,0,0,0,0,0,0,0
Machine Learning,"{"" Machine Learning"","" Algorithms"","" Machine Learning Algorithms"","" Human Learning"","" Applied Machine Learning"","" Statistical Machine Learning"","" Python Programming"","" Probability & Statistics"","" Regression"","" Data Analysis"","" Machine Learning Software"","" Mathematics"","" Problem Solving"","" Computer Programming"","" Decision Making""}",4.6,16000.0,Intermediate , 3 - 6 Months,"['Machine Learning', 'Algorithms', 'Machine Learning Algorithms', 'Human Learning', 'Applied Machine Learning', 'Statistical Machine Learning', 'Python Programming', 'Probability & Statistics', 'Regression', 'Data Analysis', 'Machine Learning Software', 'Mathematics', 'Problem Solving', 'Computer Programming', 'Decision Making']",machine learning | algorithms | machine learning algorithms | human learning | applied machine learning | statistical machine learning | python programming | probability & statistics | regression | data analysis | machine learning software | mathematics | problem solving | computer programming | decision making,"['machine learning', 'algorithms', 'machine learning algorithms', 'human learning', 'python programming', 'probability & statistics', 'data analysis', 'problem solving', 'computer programming', 'decision making']",1,0,0,0,1,0,1,0,1,0,1,0,1,1,0,0,1,1,0,1,0,0,0,0,0
Chinese for Beginners,"{"" Communication""}",4.8,18800.0,Mixed , 1 - 3 Months,['Communication'],communication,['communication'],0,0,0,1,0,0,0,0,0,0,0,0,0,0,0,0,0,0,0,0,0,0,0,0,0
Security and Privacy for Big Data - Part 2,"{"" Big Data"","" Data Management"","" Security Engineering"","" Security Strategy""}",4.7,237.0,Beginner , 1 - 4 Weeks,"['Big Data', 'Data Management', 'Security Engineering', 'Security Strategy']",big data | data management | security engineering | security strategy,['data management'],0,0,0,0,0,0,0,1,0,0,0,0,0,0,0,0,0,0,0,0,0,0,0,0,0
Developing Front-End Apps with React,"{"" Javascript"","" React (web framework)"","" Web Development""}",4.3,294.0,Intermediate , 1 - 4 Weeks,"['Javascript', 'React (web framework)', 'Web Development']",javascript | react (web framework) | web development,[],0,0,0,0,0,0,0,0,0,0,0,0,0,0,0,0,0,0,0,0,0,0,0,0,0
Learning for a Sustainable Future,"{"" Critical Thinking""}",4.7,46.0,Beginner , 1 - 3 Months,['Critical Thinking'],critical thinking,['critical thinking'],0,0,0,0,0,1,0,0,0,0,0,0,0,0,0,0,0,0,0,0,0,0,0,0,0
Digital Marketing Strategy and Planning,"{"" Digital Marketing"","" Marketing"","" Strategy"","" Strategy and Operations"","" Communication"","" Media Strategy & Planning"","" Leadership and Management"","" Market Analysis"","" Planning"","" Search Engine Optimization"","" User Experience"","" Market Research""}",4.6,346.0,Beginner , 1 - 3 Months,"['Digital Marketing', 'Marketing', 'Strategy', 'Strategy and Operations', 'Communication', 'Media Strategy & Planning', 'Leadership and Management', 'Market Analysis', 'Planning', 'Search Engine Optimization', 'User Experience', 'Market Research']",digital marketing | marketing | strategy | strategy and operations | communication | media strategy & planning | leadership and management | market analysis | planning | search engine optimization | user experience | market research,"['marketing', 'strategy', 'strategy and operations', 'communication', 'leadership and management', 'planning']",0,0,0,1,0,0,0,0,0,0,0,1,0,0,1,1,0,0,0,0,0,0,1,1,0
Whole genome sequencing of bacterial genomes - tools and applications,"{"" Bioinformatics""}",4.6,1400.0,Beginner , 1 - 3 Months,['Bioinformatics'],bioinformatics,[],0,0,0,0,0,0,0,0,0,0,0,0,0,0,0,0,0,0,0,0,0,0,0,0,0
Object Oriented Java Programming: Data Structures and Beyond,"{"" Computer Programming"","" Java Programming"","" Data Structures"","" Algorithms"","" Problem Solving"","" Programming Principles"","" Critical Thinking"","" Software Engineering"","" Computational Thinking"","" Communication"","" Computer Programming Tools"","" Data Analysis"","" Theoretical Computer Science"","" Computational Logic"","" Computer Graphics"","" Visualization (Computer Graphics)"","" Recruitment"","" Training"","" People Analysis""}",4.7,7100.0,Intermediate , 3 - 6 Months,"['Computer Programming', 'Java Programming', 'Data Structures', 'Algorithms', 'Problem Solving', 'Programming Principles', 'Critical Thinking', 'Software Engineering', 'Computational Thinking', 'Communication', 'Computer Programming Tools', 'Data Analysis', 'Theoretical Computer Science', 'Computational Logic', 'Computer Graphics', 'Visualization (Computer Graphics)', 'Recruitment', 'Training', 'People Analysis']",computer programming | java programming | data structures | algorithms | problem solving | programming principles | critical thinking | software engineering | computational thinking | communication | computer programming tools | data analysis | theoretical computer science | computational logic | computer graphics | visualization (computer graphics) | recruitment | training | people analysis,"['computer programming', 'algorithms', 'problem solving', 'critical thinking', 'communication', 'data analysis']",1,0,0,1,1,1,1,0,0,0,0,0,0,0,0,0,0,1,0,0,0,0,0,0,0
Python Classes and Inheritance,"{"" Computer Programming"","" Python Programming""}",4.7,3500.0,Intermediate , 1 - 4 Weeks,"['Computer Programming', 'Python Programming']",computer programming | python programming,"['computer programming', 'python programming']",0,0,0,0,1,0,0,0,0,0,0,0,0,0,0,0,0,0,0,1,0,0,0,0,0
Inclusive Leadership: The Power of Workplace Diversity,"{"" Collaboration"","" Communication"","" Leadership Development"","" Leadership and Management"","" Culture"","" Emotional Intelligence""}",4.9,1700.0,Beginner , 1 - 4 Weeks,"['Collaboration', 'Communication', 'Leadership Development', 'Leadership and Management', 'Culture', 'Emotional Intelligence']",collaboration | communication | leadership development | leadership and management | culture | emotional intelligence,"['communication', 'leadership and management']",0,0,0,1,0,0,0,0,0,0,0,1,0,0,0,0,0,0,0,0,0,0,0,0,0
Qualitative Research Design and Methods for Public Health,"{"" Data Analysis""}",4.7,165.0,Beginner , 3 - 6 Months,['Data Analysis'],data analysis,['data analysis'],0,0,0,0,0,0,1,0,0,0,0,0,0,0,0,0,0,0,0,0,0,0,0,0,0
Regression Analysis: Simplify Complex Data Relationships,"{"" Python Programming"","" Regression"","" Statistical Analysis""}",4.7,181.0,Advanced , 1 - 3 Months,"['Python Programming', 'Regression', 'Statistical Analysis']",python programming | regression | statistical analysis,['python programming'],0,0,0,0,0,0,0,0,0,0,0,0,0,0,0,0,0,0,0,1,0,0,0,0,0
Understanding child development: from synapse to society,"{"" Critical Thinking""}",4.6,259.0,Beginner , 1 - 3 Months,['Critical Thinking'],critical thinking,['critical thinking'],0,0,0,0,0,1,0,0,0,0,0,0,0,0,0,0,0,0,0,0,0,0,0,0,0
Narrative Economics,"{"" Storytelling""}",4.8,341.0,Beginner , 1 - 4 Weeks,['Storytelling'],storytelling,[],0,0,0,0,0,0,0,0,0,0,0,0,0,0,0,0,0,0,0,0,0,0,0,0,0
Digital Transformation in Financial Services,"{"" FinTech"","" Finance"","" Innovation"","" Banking"","" Business Transformation"","" Leadership and Management"","" Payments"","" Regulations and Compliance"","" Strategy"","" Strategy and Operations"","" BlockChain"","" Business Analysis"","" Cash Management"","" Cross Platform Development"","" Decision Making"","" Entrepreneurship"","" Network Architecture"","" Research and Design"","" Risk Management""}",4.4,1900.0,Beginner , 3 - 6 Months,"['FinTech', 'Finance', 'Innovation', 'Banking', 'Business Transformation', 'Leadership and Management', 'Payments', 'Regulations and Compliance', 'Strategy', 'Strategy and Operations', 'BlockChain', 'Business Analysis', 'Cash Management', 'Cross Platform Development', 'Decision Making', 'Entrepreneurship', 'Network Architecture', 'Research and Design', 'Risk Management']",fintech | finance | innovation | banking | business transformation | leadership and management | payments | regulations and compliance | strategy | strategy and operations | blockchain | business analysis | cash management | cross platform development | decision making | entrepreneurship | network architecture | research and design | risk management,"['finance', 'leadership and management', 'strategy', 'strategy and operations', 'business analysis', 'decision making', 'risk management']",0,1,0,0,0,0,0,0,1,1,0,1,0,0,0,0,0,0,0,0,1,0,1,1,0
Data Literacy,"{"" General Statistics"","" Data Analysis"","" Probability & Statistics"","" Statistical Analysis"","" Research and Design"","" Statistical Tests"","" Basic Descriptive Statistics"","" Regression"","" Data Visualization"","" Exploratory Data Analysis""}",4.6,206.0,Beginner , 3 - 6 Months,"['General Statistics', 'Data Analysis', 'Probability & Statistics', 'Statistical Analysis', 'Research and Design', 'Statistical Tests', 'Basic Descriptive Statistics', 'Regression', 'Data Visualization', 'Exploratory Data Analysis']",general statistics | data analysis | probability & statistics | statistical analysis | research and design | statistical tests | basic descriptive statistics | regression | data visualization | exploratory data analysis,"['data analysis', 'probability & statistics']",0,0,0,0,0,0,1,0,0,0,0,0,0,0,0,0,1,0,0,0,0,0,0,0,0
Building AI Powered Chatbots Without Programming,"{"" Cloud Computing"","" Computer Programming"","" IBM Cloud"","" Machine Learning""}",4.8,2500.0,Beginner , 1 - 3 Months,"['Cloud Computing', 'Computer Programming', 'IBM Cloud', 'Machine Learning']",cloud computing | computer programming | ibm cloud | machine learning,"['cloud computing', 'computer programming', 'machine learning']",0,0,1,0,1,0,0,0,0,0,0,0,1,0,0,0,0,0,0,0,0,0,0,0,0
From Data to Insights with Google Cloud,"{"" Google Cloud Platform"","" Cloud Computing"","" SQL"","" Databases"","" Data Analysis"","" Big Data"","" Cloud Platforms"","" Data Management"","" Exploratory Data Analysis"","" Cloud Storage"","" Data Analysis Software"","" Machine Learning"","" Applied Machine Learning"","" Human Learning"","" Data Visualization"","" Machine Learning Algorithms"","" Machine Learning Software"","" Database Theory""}",4.6,4600.0,Beginner , 3 - 6 Months,"['Google Cloud Platform', 'Cloud Computing', 'SQL', 'Databases', 'Data Analysis', 'Big Data', 'Cloud Platforms', 'Data Management', 'Exploratory Data Analysis', 'Cloud Storage', 'Data Analysis Software', 'Machine Learning', 'Applied Machine Learning', 'Human Learning', 'Data Visualization', 'Machine Learning Algorithms', 'Machine Learning Software', 'Database Theory']",google cloud platform | cloud computing | sql | databases | data analysis | big data | cloud platforms | data management | exploratory data analysis | cloud storage | data analysis software | machine learning | applied machine learning | human learning | data visualization | machine learning algorithms | machine learning software | database theory,"['cloud computing', 'sql', 'data analysis', 'data management', 'machine learning', 'human learning', 'machine learning algorithms']",0,0,1,0,0,0,1,1,0,0,1,0,1,1,0,0,0,0,0,0,0,1,0,0,0
Patient Safety,"{"" Communication"","" Problem Solving"","" Planning""}",4.8,1600.0,Beginner , 3 - 6 Months,"['Communication', 'Problem Solving', 'Planning']",communication | problem solving | planning,"['communication', 'problem solving', 'planning']",0,0,0,1,0,0,0,0,0,0,0,0,0,0,0,1,0,1,0,0,0,0,0,0,0
Microeconomics Principles,"{"" Behavioral Economics"","" Decision Making"","" Market Research"","" Market Analysis"","" Strategy"","" Problem Solving"","" Cost Accounting"","" Data Analysis"","" Strategy and Operations""}",4.8,2900.0,Beginner , 1 - 3 Months,"['Behavioral Economics', 'Decision Making', 'Market Research', 'Market Analysis', 'Strategy', 'Problem Solving', 'Cost Accounting', 'Data Analysis', 'Strategy and Operations']",behavioral economics | decision making | market research | market analysis | strategy | problem solving | cost accounting | data analysis | strategy and operations,"['decision making', 'strategy', 'problem solving', 'data analysis', 'strategy and operations']",0,0,0,0,0,0,1,0,1,0,0,0,0,0,0,0,0,1,0,0,0,0,1,1,0
Introducción a la programación en Python I: Aprendiendo a programar con Python,"{"" Computational Logic"","" Computer Programming"","" Programming Principles"","" Python Programming"","" Algorithms"","" Data Analysis"","" Computer Programming Tools"","" Computational Thinking"","" System Programming"","" Problem Solving""}",4.4,4200.0,Beginner , 1 - 3 Months,"['Computational Logic', 'Computer Programming', 'Programming Principles', 'Python Programming', 'Algorithms', 'Data Analysis', 'Computer Programming Tools', 'Computational Thinking', 'System Programming', 'Problem Solving']",computational logic | computer programming | programming principles | python programming | algorithms | data analysis | computer programming tools | computational thinking | system programming | problem solving,"['computer programming', 'python programming', 'algorithms', 'data analysis', 'problem solving']",1,0,0,0,1,0,1,0,0,0,0,0,0,0,0,0,0,1,0,1,0,0,0,0,0
Introduction to Google SEO,"{"" Critical Thinking"","" Digital Marketing"","" Marketing"","" Search Engine Optimization"","" Social Media"","" User Experience"","" User Research"","" Web Development Tools"","" Algorithms"","" Customer Analysis"","" Media Strategy & Planning"","" Strategy""}",4.6,9700.0,Beginner , 1 - 4 Weeks,"['Critical Thinking', 'Digital Marketing', 'Marketing', 'Search Engine Optimization', 'Social Media', 'User Experience', 'User Research', 'Web Development Tools', 'Algorithms', 'Customer Analysis', 'Media Strategy & Planning', 'Strategy']",critical thinking | digital marketing | marketing | search engine optimization | social media | user experience | user research | web development tools | algorithms | customer analysis | media strategy & planning | strategy,"['critical thinking', 'marketing', 'algorithms', 'strategy']",1,0,0,0,0,1,0,0,0,0,0,0,0,0,1,0,0,0,0,0,0,0,1,0,0
Diversity and Inclusion in Education,"{"" Leadership and Management""}",4.8,178.0,Intermediate , 1 - 4 Weeks,['Leadership and Management'],leadership and management,['leadership and management'],0,0,0,0,0,0,0,0,0,0,0,1,0,0,0,0,0,0,0,0,0,0,0,0,0
Microsoft Power Platform Fundamentals,"{"" Business Analysis"","" Business Intelligence"","" Cloud Applications"","" Interactive Data Visualization"","" Application Development"","" Business Development"","" Data Model"","" Design and Product"","" Power BI"","" Software As A Service"","" User Experience Design"","" Data Analysis""}",4.2,101.0,Beginner , 1 - 3 Months,"['Business Analysis', 'Business Intelligence', 'Cloud Applications', 'Interactive Data Visualization', 'Application Development', 'Business Development', 'Data Model', 'Design and Product', 'Power BI', 'Software As A Service', 'User Experience Design', 'Data Analysis']",business analysis | business intelligence | cloud applications | interactive data visualization | application development | business development | data model | design and product | power bi | software as a service | user experience design | data analysis,"['business analysis', 'data analysis']",0,1,0,0,0,0,1,0,0,0,0,0,0,0,0,0,0,0,0,0,0,0,0,0,0
Introduction to Technical Support,"{"" Customer Success"","" Strategy and Operations"","" Communication"","" Customer Support"","" Information Technology""}",4.8,598.0,Beginner , 1 - 3 Months,"['Customer Success', 'Strategy and Operations', 'Communication', 'Customer Support', 'Information Technology']",customer success | strategy and operations | communication | customer support | information technology,"['strategy and operations', 'communication']",0,0,0,1,0,0,0,0,0,0,0,0,0,0,0,0,0,0,0,0,0,0,0,1,0
Trading Strategies in Emerging Markets,"{"" Finance"","" Investment Management"","" Financial Analysis"","" Securities Trading"","" Accounting"","" Algorithms"","" Strategy"","" Financial Accounting"","" Market Analysis"","" Business Analysis"","" Statistical Analysis"","" Strategy and Operations"","" Account Management"","" Accounts Payable and Receivable"","" General Accounting"","" Market Research"","" Performance Management"","" Cash Management"","" Correlation And Dependence"","" Critical Thinking""}",4.2,2600.0,Beginner , 3 - 6 Months,"['Finance', 'Investment Management', 'Financial Analysis', 'Securities Trading', 'Accounting', 'Algorithms', 'Strategy', 'Financial Accounting', 'Market Analysis', 'Business Analysis', 'Statistical Analysis', 'Strategy and Operations', 'Account Management', 'Accounts Payable and Receivable', 'General Accounting', 'Market Research', 'Performance Management', 'Cash Management', 'Correlation And Dependence', 'Critical Thinking']",finance | investment management | financial analysis | securities trading | accounting | algorithms | strategy | financial accounting | market analysis | business analysis | statistical analysis | strategy and operations | account management | accounts payable and receivable | general accounting | market research | performance management | cash management | correlation and dependence | critical thinking,"['finance', 'algorithms', 'strategy', 'business analysis', 'strategy and operations', 'critical thinking']",1,1,0,0,0,1,0,0,0,1,0,0,0,0,0,0,0,0,0,0,0,0,1,1,0
Deep Neural Networks with PyTorch,"{"" Human Learning"","" Machine Learning"","" Deep Learning"","" Python Programming"","" Artificial Neural Networks"","" Machine Learning Algorithms"","" Applied Machine Learning"","" Algorithms"","" Regression"","" Statistical Machine Learning""}",4.4,1500.0,Intermediate , 1 - 3 Months,"['Human Learning', 'Machine Learning', 'Deep Learning', 'Python Programming', 'Artificial Neural Networks', 'Machine Learning Algorithms', 'Applied Machine Learning', 'Algorithms', 'Regression', 'Statistical Machine Learning']",human learning | machine learning | deep learning | python programming | artificial neural networks | machine learning algorithms | applied machine learning | algorithms | regression | statistical machine learning,"['human learning', 'machine learning', 'python programming', 'machine learning algorithms', 'algorithms']",1,0,0,0,0,0,0,0,0,0,1,0,1,1,0,0,0,0,0,1,0,0,0,0,0
Preparing for Google Cloud Certification: Cloud Data Engineer Professional Certificate 日本語版,"{"" Google Cloud Platform"","" Data Management"","" Databases"","" Big Data"","" Computer Networking"","" Cloud Computing"","" SQL"","" Machine Learning"","" Cloud Platforms"","" Data Warehousing"","" Cloud Storage"","" Machine Learning Software"","" Data Analysis Software"","" Tensorflow""}",4.4,295.0,Intermediate , 3 - 6 Months,"['Google Cloud Platform', 'Data Management', 'Databases', 'Big Data', 'Computer Networking', 'Cloud Computing', 'SQL', 'Machine Learning', 'Cloud Platforms', 'Data Warehousing', 'Cloud Storage', 'Machine Learning Software', 'Data Analysis Software', 'Tensorflow']",google cloud platform | data management | databases | big data | computer networking | cloud computing | sql | machine learning | cloud platforms | data warehousing | cloud storage | machine learning software | data analysis software | tensorflow,"['data management', 'cloud computing', 'sql', 'machine learning']",0,0,1,0,0,0,0,1,0,0,0,0,1,0,0,0,0,0,0,0,0,1,0,0,0
"Data Engineering, Big Data and ML on Google Cloud 日本語版","{"" Google Cloud Platform"","" Computer Networking"","" Data Management"","" Databases"","" Big Data"","" Cloud Computing"","" SQL"","" Cloud Platforms"","" Machine Learning"","" Cloud Storage"","" Data Warehousing"","" Machine Learning Software"","" Data Analysis Software"","" Tensorflow""}",4.4,288.0,Intermediate , 3 - 6 Months,"['Google Cloud Platform', 'Computer Networking', 'Data Management', 'Databases', 'Big Data', 'Cloud Computing', 'SQL', 'Cloud Platforms', 'Machine Learning', 'Cloud Storage', 'Data Warehousing', 'Machine Learning Software', 'Data Analysis Software', 'Tensorflow']",google cloud platform | computer networking | data management | databases | big data | cloud computing | sql | cloud platforms | machine learning | cloud storage | data warehousing | machine learning software | data analysis software | tensorflow,"['data management', 'cloud computing', 'sql', 'machine learning']",0,0,1,0,0,0,0,1,0,0,0,0,1,0,0,0,0,0,0,0,0,1,0,0,0
Executive Data Science,"{"" Data Analysis"","" Exploratory Data Analysis"","" Probability & Statistics"","" Data Management"","" Critical Thinking"","" General Statistics"","" Leadership and Management"","" Data Model"","" Decision Making"","" Experiment"","" Statistical Analysis"","" Data Analysis Software"","" Machine Learning"","" Correlation And Dependence"","" Machine Learning Algorithms"","" Statistical Tests"","" Strategy and Operations"","" Human Resources"","" Talent Management"","" Communication"","" Human Learning"","" Organizational Development"","" People Management""}",4.5,10800.0,Beginner , 1 - 3 Months,"['Data Analysis', 'Exploratory Data Analysis', 'Probability & Statistics', 'Data Management', 'Critical Thinking', 'General Statistics', 'Leadership and Management', 'Data Model', 'Decision Making', 'Experiment', 'Statistical Analysis', 'Data Analysis Software', 'Machine Learning', 'Correlation And Dependence', 'Machine Learning Algorithms', 'Statistical Tests', 'Strategy and Operations', 'Human Resources', 'Talent Management', 'Communication', 'Human Learning', 'Organizational Development', 'People Management']",data analysis | exploratory data analysis | probability & statistics | data management | critical thinking | general statistics | leadership and management | data model | decision making | experiment | statistical analysis | data analysis software | machine learning | correlation and dependence | machine learning algorithms | statistical tests | strategy and operations | human resources | talent management | communication | human learning | organizational development | people management,"['data analysis', 'probability & statistics', 'data management', 'critical thinking', 'leadership and management', 'decision making', 'machine learning', 'machine learning algorithms', 'strategy and operations', 'communication', 'human learning']",0,0,0,1,0,1,1,1,1,0,1,1,1,1,0,0,1,0,0,0,0,0,0,1,0
Social Work Practice: Advocating Social Justice and Change,"{"" Communication""}",4.8,347.0,Beginner , 1 - 4 Weeks,['Communication'],communication,['communication'],0,0,0,1,0,0,0,0,0,0,0,0,0,0,0,0,0,0,0,0,0,0,0,0,0
Accounting: Principles of Financial Accounting,"{"" Accounting"","" Financial Accounting"","" Finance""}",4.8,2900.0,Beginner , 1 - 4 Weeks,"['Accounting', 'Financial Accounting', 'Finance']",accounting | financial accounting | finance,['finance'],0,0,0,0,0,0,0,0,0,1,0,0,0,0,0,0,0,0,0,0,0,0,0,0,0
Sales Training for High Performing Teams,"{"" Sales"","" Strategy"","" Customer Relationship Management"","" Marketing"","" Communication"","" Leadership and Management"","" B2B Sales"","" Inside Sales"","" Prospecting and Qualification"","" Sales Systems"","" People Analysis"","" Negotiation"","" Strategy and Operations"","" Business Communication"","" Decision Making"","" Market Research"","" Business Process Management""}",4.7,956.0,Beginner , 1 - 3 Months,"['Sales', 'Strategy', 'Customer Relationship Management', 'Marketing', 'Communication', 'Leadership and Management', 'B2B Sales', 'Inside Sales', 'Prospecting and Qualification', 'Sales Systems', 'People Analysis', 'Negotiation', 'Strategy and Operations', 'Business Communication', 'Decision Making', 'Market Research', 'Business Process Management']",sales | strategy | customer relationship management | marketing | communication | leadership and management | b2b sales | inside sales | prospecting and qualification | sales systems | people analysis | negotiation | strategy and operations | business communication | decision making | market research | business process management,"['strategy', 'marketing', 'communication', 'leadership and management', 'strategy and operations', 'decision making']",0,0,0,1,0,0,0,0,1,0,0,1,0,0,1,0,0,0,0,0,0,0,1,1,0
Natural Language Processing with Sequence Models,"{"" Artificial Neural Networks"","" Deep Learning"","" Machine Learning"","" Natural Language Processing"","" Statistical Programming"","" Python Programming""}",4.5,1100.0,Intermediate , 1 - 4 Weeks,"['Artificial Neural Networks', 'Deep Learning', 'Machine Learning', 'Natural Language Processing', 'Statistical Programming', 'Python Programming']",artificial neural networks | deep learning | machine learning | natural language processing | statistical programming | python programming,"['machine learning', 'python programming']",0,0,0,0,0,0,0,0,0,0,0,0,1,0,0,0,0,0,0,1,0,0,0,0,0
Google IT Support (Deutsch),"{"" Computer Networking"","" Network Architecture"","" Network Model"","" Networking Hardware"","" Network Security"","" Operating Systems"","" System Security"","" Security Engineering"","" Theoretical Computer Science"","" Software Security"","" Communication"","" Computer Architecture"","" Strategy and Operations"","" Cloud Computing"","" Linux""}",4.7,187.0,Beginner , 3 - 6 Months,"['Computer Networking', 'Network Architecture', 'Network Model', 'Networking Hardware', 'Network Security', 'Operating Systems', 'System Security', 'Security Engineering', 'Theoretical Computer Science', 'Software Security', 'Communication', 'Computer Architecture', 'Strategy and Operations', 'Cloud Computing', 'Linux']",computer networking | network architecture | network model | networking hardware | network security | operating systems | system security | security engineering | theoretical computer science | software security | communication | computer architecture | strategy and operations | cloud computing | linux,"['communication', 'strategy and operations', 'cloud computing']",0,0,1,1,0,0,0,0,0,0,0,0,0,0,0,0,0,0,0,0,0,0,0,1,0
Effective Programming in Scala,"{"" Computer Programming"","" Scala Programming"","" Software Testing""}",4.7,148.0,Intermediate , 1 - 3 Months,"['Computer Programming', 'Scala Programming', 'Software Testing']",computer programming | scala programming | software testing,['computer programming'],0,0,0,0,1,0,0,0,0,0,0,0,0,0,0,0,0,0,0,0,0,0,0,0,0
Administración de Empresas,"{"" Strategy"","" Leadership and Management"","" Marketing"","" Organizational Development"","" Planning"","" Econometrics"","" Negotiation"","" Strategy and Operations"","" Business Communication"","" Communication"","" Decision Making"","" Probability & Statistics"","" Process Analysis"","" Adaptability"","" Business Intelligence"","" Collaboration"","" Persona Research"","" Probability Distribution"","" Accounting"","" Calculus"","" Change Management"","" Human Resources"","" Innovation"","" Marketing Management"","" Project Management"","" Account Management"","" General Statistics"","" Marketing Design"","" Behavioral Economics"","" Business Process Management"","" Customer Analysis"","" Finance"","" User Experience Design"","" Business"","" Professional Development""}",4.8,1600.0,Beginner , 3 - 6 Months,"['Strategy', 'Leadership and Management', 'Marketing', 'Organizational Development', 'Planning', 'Econometrics', 'Negotiation', 'Strategy and Operations', 'Business Communication', 'Communication', 'Decision Making', 'Probability & Statistics', 'Process Analysis', 'Adaptability', 'Business Intelligence', 'Collaboration', 'Persona Research', 'Probability Distribution', 'Accounting', 'Calculus', 'Change Management', 'Human Resources', 'Innovation', 'Marketing Management', 'Project Management', 'Account Management', 'General Statistics', 'Marketing Design', 'Behavioral Economics', 'Business Process Management', 'Customer Analysis', 'Finance', 'User Experience Design', 'Business', 'Professional Development']",strategy | leadership and management | marketing | organizational development | planning | econometrics | negotiation | strategy and operations | business communication | communication | decision making | probability & statistics | process analysis | adaptability | business intelligence | collaboration | persona research | probability distribution | accounting | calculus | change management | human resources | innovation | marketing management | project management | account management | general statistics | marketing design | behavioral economics | business process management | customer analysis | finance | user experience design | business | professional development,"['strategy', 'leadership and management', 'marketing', 'planning', 'strategy and operations', 'communication', 'decision making', 'probability & statistics', 'project management', 'finance']",0,0,0,1,0,0,0,0,1,1,0,1,0,0,1,1,1,0,1,0,0,0,1,1,0
Getting Started with AI using IBM Watson,"{"" Cloud Computing"","" Human Computer Interaction"","" Human Learning"","" IBM Cloud"","" Machine Learning"","" Natural Language Processing"","" Artificial Neural Networks"","" Deep Learning"","" Machine Learning Algorithms"","" Cloud API""}",4.5,2800.0,Beginner , 1 - 4 Weeks,"['Cloud Computing', 'Human Computer Interaction', 'Human Learning', 'IBM Cloud', 'Machine Learning', 'Natural Language Processing', 'Artificial Neural Networks', 'Deep Learning', 'Machine Learning Algorithms', 'Cloud API']",cloud computing | human computer interaction | human learning | ibm cloud | machine learning | natural language processing | artificial neural networks | deep learning | machine learning algorithms | cloud api,"['cloud computing', 'human learning', 'machine learning', 'machine learning algorithms']",0,0,1,0,0,0,0,0,0,0,1,0,1,1,0,0,0,0,0,0,0,0,0,0,0
"FinTech: Foundations, Payments, and Regulations","{"" FinTech"","" Finance"","" Behavioral Economics"","" BlockChain"","" Financial Analysis"","" Financial Management"","" Market Research"","" Payments"","" Risk Management"","" Cash Management""}",4.6,2300.0,Beginner , 1 - 4 Weeks,"['FinTech', 'Finance', 'Behavioral Economics', 'BlockChain', 'Financial Analysis', 'Financial Management', 'Market Research', 'Payments', 'Risk Management', 'Cash Management']",fintech | finance | behavioral economics | blockchain | financial analysis | financial management | market research | payments | risk management | cash management,"['finance', 'risk management']",0,0,0,0,0,0,0,0,0,1,0,0,0,0,0,0,0,0,0,0,1,0,0,0,0
Data Visualization & Dashboarding with R,"{"" Data Visualization"","" R Programming"","" Statistical Programming"","" Data Analysis"","" Data Visualization Software"","" Computer Programming"","" Data Structures"","" Exploratory Data Analysis"","" Programming Principles"","" Statistical Visualization""}",4.8,354.0,Beginner , 3 - 6 Months,"['Data Visualization', 'R Programming', 'Statistical Programming', 'Data Analysis', 'Data Visualization Software', 'Computer Programming', 'Data Structures', 'Exploratory Data Analysis', 'Programming Principles', 'Statistical Visualization']",data visualization | r programming | statistical programming | data analysis | data visualization software | computer programming | data structures | exploratory data analysis | programming principles | statistical visualization,"['data analysis', 'computer programming']",0,0,0,0,1,0,1,0,0,0,0,0,0,0,0,0,0,0,0,0,0,0,0,0,0
Mindfulness and Well-being,"{"" Emotional Intelligence""}",4.8,973.0,Beginner , 3 - 6 Months,['Emotional Intelligence'],emotional intelligence,[],0,0,0,0,0,0,0,0,0,0,0,0,0,0,0,0,0,0,0,0,0,0,0,0,0
Marketing with TikTok,"{"" Marketing"","" Social Media"","" Digital Marketing"","" Media Strategy & Planning"","" Advertising Sales"","" Media Production"","" E-Commerce"","" Sales"","" Strategy"","" Market Analysis""}",4.7,91.0,Beginner , 1 - 3 Months,"['Marketing', 'Social Media', 'Digital Marketing', 'Media Strategy & Planning', 'Advertising Sales', 'Media Production', 'E-Commerce', 'Sales', 'Strategy', 'Market Analysis']",marketing | social media | digital marketing | media strategy & planning | advertising sales | media production | e-commerce | sales | strategy | market analysis,"['marketing', 'strategy']",0,0,0,0,0,0,0,0,0,0,0,0,0,0,1,0,0,0,0,0,0,0,1,0,0
Business Model Innovation,"{"" Business Design"","" Entrepreneurship"","" Strategy"","" Strategy and Operations"","" Innovation"","" Leadership and Management"","" Marketing"","" Business Analysis"","" Research and Design"","" Sales""}",4.8,532.0,Mixed , 1 - 3 Months,"['Business Design', 'Entrepreneurship', 'Strategy', 'Strategy and Operations', 'Innovation', 'Leadership and Management', 'Marketing', 'Business Analysis', 'Research and Design', 'Sales']",business design | entrepreneurship | strategy | strategy and operations | innovation | leadership and management | marketing | business analysis | research and design | sales,"['strategy', 'strategy and operations', 'leadership and management', 'marketing', 'business analysis']",0,1,0,0,0,0,0,0,0,0,0,1,0,0,1,0,0,0,0,0,0,0,1,1,0
Gestion de projet de Google,"{"" Business Analysis"","" Business Development"","" Communication"","" Decision Making"","" Design and Product"","" Entrepreneurship"","" Leadership and Management"","" Planning"","" Strategy"","" Strategy and Operations"","" Data Analysis"","" Business Psychology"","" Conflict Management"","" Emotional Intelligence"","" People Management"","" Resilience"","" C++ Programming"","" Compensation"","" HR Tech"","" Network Security"","" Business Design"","" Employee Relations"","" Scrum (Software Development)""}",4.5,21.0,Beginner , 3 - 6 Months,"['Business Analysis', 'Business Development', 'Communication', 'Decision Making', 'Design and Product', 'Entrepreneurship', 'Leadership and Management', 'Planning', 'Strategy', 'Strategy and Operations', 'Data Analysis', 'Business Psychology', 'Conflict Management', 'Emotional Intelligence', 'People Management', 'Resilience', 'C++ Programming', 'Compensation', 'HR Tech', 'Network Security', 'Business Design', 'Employee Relations', 'Scrum (Software Development)']",business analysis | business development | communication | decision making | design and product | entrepreneurship | leadership and management | planning | strategy | strategy and operations | data analysis | business psychology | conflict management | emotional intelligence | people management | resilience | c++ programming | compensation | hr tech | network security | business design | employee relations | scrum (software development),"['business analysis', 'communication', 'decision making', 'leadership and management', 'planning', 'strategy', 'strategy and operations', 'data analysis']",0,1,0,1,0,0,1,0,1,0,0,1,0,0,0,1,0,0,0,0,0,0,1,1,0
Introduction to Hardware and Operating Systems,"{"" Operating Systems"","" Computer Networking"","" IBM Cloud""}",4.8,877.0,Beginner , 1 - 3 Months,"['Operating Systems', 'Computer Networking', 'IBM Cloud']",operating systems | computer networking | ibm cloud,[],0,0,0,0,0,0,0,0,0,0,0,0,0,0,0,0,0,0,0,0,0,0,0,0,0
Data Science Math Skills,"{"" Data Analysis"","" General Statistics"","" Probability & Statistics"","" Problem Solving"","" Statistical Analysis"","" Applied Mathematics"","" Calculus"","" Critical Thinking""}",4.5,11400.0,Beginner , 1 - 3 Months,"['Data Analysis', 'General Statistics', 'Probability & Statistics', 'Problem Solving', 'Statistical Analysis', 'Applied Mathematics', 'Calculus', 'Critical Thinking']",data analysis | general statistics | probability & statistics | problem solving | statistical analysis | applied mathematics | calculus | critical thinking,"['data analysis', 'probability & statistics', 'problem solving', 'critical thinking']",0,0,0,0,0,1,1,0,0,0,0,0,0,0,0,0,1,1,0,0,0,0,0,0,0
Biology Meets Programming: Bioinformatics for Beginners,"{"" Bioinformatics"","" Computational Thinking"","" Problem Solving"","" Biostatistics"","" Computational Logic"","" Critical Thinking""}",4.2,1500.0,Beginner , 1 - 4 Weeks,"['Bioinformatics', 'Computational Thinking', 'Problem Solving', 'Biostatistics', 'Computational Logic', 'Critical Thinking']",bioinformatics | computational thinking | problem solving | biostatistics | computational logic | critical thinking,"['problem solving', 'critical thinking']",0,0,0,0,0,1,0,0,0,0,0,0,0,0,0,0,0,1,0,0,0,0,0,0,0
The Arts and Science of Relationships: Understanding Human Needs,"{"" Emotional Intelligence"","" Communication""}",4.5,1600.0,Beginner , 1 - 3 Months,"['Emotional Intelligence', 'Communication']",emotional intelligence | communication,['communication'],0,0,0,1,0,0,0,0,0,0,0,0,0,0,0,0,0,0,0,0,0,0,0,0,0
Introduction to Operations Management,"{"" Leadership and Management"","" Operations Management""}",4.4,2600.0,Beginner , 1 - 4 Weeks,"['Leadership and Management', 'Operations Management']",leadership and management | operations management,['leadership and management'],0,0,0,0,0,0,0,0,0,0,0,1,0,0,0,0,0,0,0,0,0,0,0,0,0
Akamai Customer Consulting and Support,"{"" Computer Security Incident Management"","" Mobile Security"","" Network Architecture"","" Network Security"","" Operations Management"","" Risk Management""}",4.9,27.0,Beginner , 3 - 6 Months,"['Computer Security Incident Management', 'Mobile Security', 'Network Architecture', 'Network Security', 'Operations Management', 'Risk Management']",computer security incident management | mobile security | network architecture | network security | operations management | risk management,['risk management'],0,0,0,0,0,0,0,0,0,0,0,0,0,0,0,0,0,0,0,0,1,0,0,0,0
Akamai Network Engineering,"{"" Computer Security Incident Management"","" Mobile Security"","" Network Architecture"","" Network Security"","" Operations Management"","" Risk Management""}",4.9,27.0,Beginner , 3 - 6 Months,"['Computer Security Incident Management', 'Mobile Security', 'Network Architecture', 'Network Security', 'Operations Management', 'Risk Management']",computer security incident management | mobile security | network architecture | network security | operations management | risk management,['risk management'],0,0,0,0,0,0,0,0,0,0,0,0,0,0,0,0,0,0,0,0,1,0,0,0,0
Introduction to Scripting in Python,"{"" Computer Programming"","" Programming Principles"","" Python Programming"","" Computer Programming Tools"","" Computational Logic"","" Data Analysis"","" Computational Thinking"","" Mathematics"","" Algorithms"","" Critical Thinking"","" Data Structures"","" Mathematical Theory & Analysis"","" Problem Solving"","" Algebra"","" Data Visualization""}",4.7,4200.0,Beginner , 3 - 6 Months,"['Computer Programming', 'Programming Principles', 'Python Programming', 'Computer Programming Tools', 'Computational Logic', 'Data Analysis', 'Computational Thinking', 'Mathematics', 'Algorithms', 'Critical Thinking', 'Data Structures', 'Mathematical Theory & Analysis', 'Problem Solving', 'Algebra', 'Data Visualization']",computer programming | programming principles | python programming | computer programming tools | computational logic | data analysis | computational thinking | mathematics | algorithms | critical thinking | data structures | mathematical theory & analysis | problem solving | algebra | data visualization,"['computer programming', 'python programming', 'data analysis', 'algorithms', 'critical thinking', 'problem solving']",1,0,0,0,1,1,1,0,0,0,0,0,0,0,0,0,0,1,0,1,0,0,0,0,0
Computational Neuroscience,"{"" Mathematics"","" Computer Programming"","" Mathematical Theory & Analysis"","" Probability & Statistics"","" Python Programming"","" Computational Logic"","" Data Analysis"","" Artificial Neural Networks"","" Linear Algebra"","" Machine Learning"","" Human Learning""}",4.6,1000.0,Beginner , 1 - 3 Months,"['Mathematics', 'Computer Programming', 'Mathematical Theory & Analysis', 'Probability & Statistics', 'Python Programming', 'Computational Logic', 'Data Analysis', 'Artificial Neural Networks', 'Linear Algebra', 'Machine Learning', 'Human Learning']",mathematics | computer programming | mathematical theory & analysis | probability & statistics | python programming | computational logic | data analysis | artificial neural networks | linear algebra | machine learning | human learning,"['computer programming', 'probability & statistics', 'python programming', 'data analysis', 'machine learning', 'human learning']",0,0,0,0,1,0,1,0,0,0,1,0,1,0,0,0,1,0,0,1,0,0,0,0,0
Introduction to Systems Engineering,"{"" Systems Design"","" Leadership and Management""}",4.7,737.0,Mixed , 1 - 3 Months,"['Systems Design', 'Leadership and Management']",systems design | leadership and management,['leadership and management'],0,0,0,0,0,0,0,0,0,0,0,1,0,0,0,0,0,0,0,0,0,0,0,0,0
"Creativity, Innovation and Transformation","{"" Creativity"","" Critical Thinking"","" Leadership and Management""}",4.5,640.0,Mixed , 1 - 4 Weeks,"['Creativity', 'Critical Thinking', 'Leadership and Management']",creativity | critical thinking | leadership and management,"['critical thinking', 'leadership and management']",0,0,0,0,0,1,0,0,0,0,0,1,0,0,0,0,0,0,0,0,0,0,0,0,0
Developing AI Applications with Python and Flask,"{"" Application Development"","" Computer Programming"","" Python Programming""}",4.4,515.0,Intermediate , 1 - 4 Weeks,"['Application Development', 'Computer Programming', 'Python Programming']",application development | computer programming | python programming,"['computer programming', 'python programming']",0,0,0,0,1,0,0,0,0,0,0,0,0,0,0,0,0,0,0,1,0,0,0,0,0
"Python Project: pillow, tesseract, and opencv","{"" Computer Programming"","" Python Programming""}",4.0,1900.0,Intermediate , 1 - 4 Weeks,"['Computer Programming', 'Python Programming']",computer programming | python programming,"['computer programming', 'python programming']",0,0,0,0,1,0,0,0,0,0,0,0,0,0,0,0,0,0,0,1,0,0,0,0,0
Android App Development,"{"" Mobile Development"","" Android Development"","" Computer Programming"","" Java Programming"","" Programming Principles"","" Application Development"","" Mobile Development Tools"","" Computer Programming Tools"","" Software Engineering"","" Data Structures"","" Problem Solving""}",4.5,3600.0,Beginner , 3 - 6 Months,"['Mobile Development', 'Android Development', 'Computer Programming', 'Java Programming', 'Programming Principles', 'Application Development', 'Mobile Development Tools', 'Computer Programming Tools', 'Software Engineering', 'Data Structures', 'Problem Solving']",mobile development | android development | computer programming | java programming | programming principles | application development | mobile development tools | computer programming tools | software engineering | data structures | problem solving,"['computer programming', 'problem solving']",0,0,0,0,1,0,0,0,0,0,0,0,0,0,0,0,0,1,0,0,0,0,0,0,0
Inspiring and Motivating Individuals,"{"" Human Resources"","" Communication"","" Leadership Development"","" Leadership and Management""}",4.8,5400.0,Beginner , 1 - 4 Weeks,"['Human Resources', 'Communication', 'Leadership Development', 'Leadership and Management']",human resources | communication | leadership development | leadership and management,"['communication', 'leadership and management']",0,0,0,1,0,0,0,0,0,0,0,1,0,0,0,0,0,0,0,0,0,0,0,0,0
Weight Management: Beyond Balancing Calories,"{"" Leadership and Management""}",4.7,1100.0,Beginner , 1 - 3 Months,['Leadership and Management'],leadership and management,['leadership and management'],0,0,0,0,0,0,0,0,0,0,0,1,0,0,0,0,0,0,0,0,0,0,0,0,0
"Spark, Hadoop, and Snowflake for Data Engineering","{"" Big Data"","" Data Warehousing"","" Python Programming""}",4.677240684793555,7827.922457200403,Advanced , 1 - 4 Weeks,"['Big Data', 'Data Warehousing', 'Python Programming']",big data | data warehousing | python programming,['python programming'],0,0,0,0,0,0,0,0,0,0,0,0,0,0,0,0,0,0,0,1,0,0,0,0,0
Diseño Instruccional: Aprendizaje activo y Pedagogía digital,"{"" Innovation"","" Critical Thinking"","" Planning""}",4.7,972.0,Beginner , 3 - 6 Months,"['Innovation', 'Critical Thinking', 'Planning']",innovation | critical thinking | planning,"['critical thinking', 'planning']",0,0,0,0,0,1,0,0,0,0,0,0,0,0,0,1,0,0,0,0,0,0,0,0,0
Financial Technology (Fintech) Innovations,"{"" FinTech"","" Finance"","" BlockChain"","" Decision Making"","" Risk Management"","" Financial Analysis"","" Investment Management"","" Leadership and Management"","" Critical Thinking"","" Data Analysis"","" Innovation"","" Machine Learning"","" Algorithms"","" Entrepreneurship"","" Strategy"","" Cryptography"","" Data Mining"","" Payments"","" Strategy and Operations"","" Cyberattacks"","" Network Security"","" Probability & Statistics"","" Statistical Machine Learning"","" Computer Programming""}",4.7,2400.0,Beginner , 3 - 6 Months,"['FinTech', 'Finance', 'BlockChain', 'Decision Making', 'Risk Management', 'Financial Analysis', 'Investment Management', 'Leadership and Management', 'Critical Thinking', 'Data Analysis', 'Innovation', 'Machine Learning', 'Algorithms', 'Entrepreneurship', 'Strategy', 'Cryptography', 'Data Mining', 'Payments', 'Strategy and Operations', 'Cyberattacks', 'Network Security', 'Probability & Statistics', 'Statistical Machine Learning', 'Computer Programming']",fintech | finance | blockchain | decision making | risk management | financial analysis | investment management | leadership and management | critical thinking | data analysis | innovation | machine learning | algorithms | entrepreneurship | strategy | cryptography | data mining | payments | strategy and operations | cyberattacks | network security | probability & statistics | statistical machine learning | computer programming,"['finance', 'decision making', 'risk management', 'leadership and management', 'critical thinking', 'data analysis', 'machine learning', 'algorithms', 'strategy', 'strategy and operations', 'probability & statistics', 'computer programming']",1,0,0,0,1,1,1,0,1,1,0,1,1,0,0,0,1,0,0,0,1,0,1,1,0
Data-driven Decision Making,"{"" Big Data"","" Business Analysis"","" Data Analysis"","" Data Management"","" Data Visualization"","" Decision Making"","" Business Process Management"","" Critical Thinking"","" Customer Analysis"","" Exploratory Data Analysis""}",4.6,6000.0,Beginner , 1 - 4 Weeks,"['Big Data', 'Business Analysis', 'Data Analysis', 'Data Management', 'Data Visualization', 'Decision Making', 'Business Process Management', 'Critical Thinking', 'Customer Analysis', 'Exploratory Data Analysis']",big data | business analysis | data analysis | data management | data visualization | decision making | business process management | critical thinking | customer analysis | exploratory data analysis,"['business analysis', 'data analysis', 'data management', 'decision making', 'critical thinking']",0,1,0,0,0,1,1,1,1,0,0,0,0,0,0,0,0,0,0,0,0,0,0,0,0
Write A Feature Length Screenplay For Film Or Television,"{"" Writing""}",4.6,192.0,Beginner , 3 - 6 Months,['Writing'],writing,['writing'],0,0,0,0,0,0,0,0,0,0,0,0,0,0,0,0,0,0,0,0,0,0,0,0,1
Teach English Now! Foundational Principles,"{"" Mergers & Acquisitions""}",4.9,13900.0,Mixed , 1 - 3 Months,['Mergers & Acquisitions'],mergers & acquisitions,[],0,0,0,0,0,0,0,0,0,0,0,0,0,0,0,0,0,0,0,0,0,0,0,0,0
Introduction to Back-End Development,"{"" HTML and CSS"","" React (web framework)"","" Web Development"","" Front-End Web Development"","" Web Design"","" Web Development Tools""}",4.8,2600.0,Beginner , 1 - 4 Weeks,"['HTML and CSS', 'React (web framework)', 'Web Development', 'Front-End Web Development', 'Web Design', 'Web Development Tools']",html and css | react (web framework) | web development | front-end web development | web design | web development tools,[],0,0,0,0,0,0,0,0,0,0,0,0,0,0,0,0,0,0,0,0,0,0,0,0,0
Visual Elements of User Interface Design,"{"" Design and Product"","" Front-End Web Development"","" Interactive Design"","" User Experience"","" User Experience Design"","" Visual Design"","" Visualization (Computer Graphics)"","" Web Design""}",4.7,5800.0,Beginner , 1 - 3 Months,"['Design and Product', 'Front-End Web Development', 'Interactive Design', 'User Experience', 'User Experience Design', 'Visual Design', 'Visualization (Computer Graphics)', 'Web Design']",design and product | front-end web development | interactive design | user experience | user experience design | visual design | visualization (computer graphics) | web design,[],0,0,0,0,0,0,0,0,0,0,0,0,0,0,0,0,0,0,0,0,0,0,0,0,0
Introduction to Microsoft Azure Cloud Services,"{"" Cloud Applications"","" Cloud Computing"","" Cloud Infrastructure"","" Microsoft Azure"","" Cloud Management"","" Cloud Platforms"","" Cloud Standards"","" Cloud-Based Integration"","" Software As A Service"","" Account Management"","" Cloud Storage"","" Databases""}",4.6,1800.0,Beginner , 1 - 4 Weeks,"['Cloud Applications', 'Cloud Computing', 'Cloud Infrastructure', 'Microsoft Azure', 'Cloud Management', 'Cloud Platforms', 'Cloud Standards', 'Cloud-Based Integration', 'Software As A Service', 'Account Management', 'Cloud Storage', 'Databases']",cloud applications | cloud computing | cloud infrastructure | microsoft azure | cloud management | cloud platforms | cloud standards | cloud-based integration | software as a service | account management | cloud storage | databases,['cloud computing'],0,0,1,0,0,0,0,0,0,0,0,0,0,0,0,0,0,0,0,0,0,0,0,0,0
Introduction to Logic and Critical Thinking,"{"" Critical Thinking"","" Human Learning""}",4.6,3300.0,Beginner , 3 - 6 Months,"['Critical Thinking', 'Human Learning']",critical thinking | human learning,"['critical thinking', 'human learning']",0,0,0,0,0,1,0,0,0,0,1,0,0,0,0,0,0,0,0,0,0,0,0,0,0
Social Media Marketing,"{"" Marketing"","" Social Media"","" Communication"","" Digital Marketing"","" Media Strategy & Planning"","" Market Research"","" Strategy"","" Marketing Management"","" Brand Management"","" Advertising"","" Entrepreneurship"","" Decision Making"","" Market Analysis"","" Research and Design"","" Customer Success"","" People Management""}",4.6,5300.0,Beginner , 3 - 6 Months,"['Marketing', 'Social Media', 'Communication', 'Digital Marketing', 'Media Strategy & Planning', 'Market Research', 'Strategy', 'Marketing Management', 'Brand Management', 'Advertising', 'Entrepreneurship', 'Decision Making', 'Market Analysis', 'Research and Design', 'Customer Success', 'People Management']",marketing | social media | communication | digital marketing | media strategy & planning | market research | strategy | marketing management | brand management | advertising | entrepreneurship | decision making | market analysis | research and design | customer success | people management,"['marketing', 'communication', 'strategy', 'decision making']",0,0,0,1,0,0,0,0,1,0,0,0,0,0,1,0,0,0,0,0,0,0,1,0,0
CAD and Digital Manufacturing,"{"" Design and Product"","" Product Design"","" Feature Engineering"","" Computer Graphics"","" Interactive Design"","" Computer Graphic Techniques"","" Graphics Software"","" Research and Design"","" Software Engineering Tools"","" Graphic Design"","" Visualization (Computer Graphics)"","" Hardware Design"","" Product Development"","" Visual Design"","" Geometry"","" User Experience Design"","" Strategy and Operations"","" Communication"","" Decision Making"","" Product Management"","" System Software"","" Collaboration"","" Computer Programming"","" Other Cloud Platforms and Tools""}",4.7,5000.0,Intermediate , 3 - 6 Months,"['Design and Product', 'Product Design', 'Feature Engineering', 'Computer Graphics', 'Interactive Design', 'Computer Graphic Techniques', 'Graphics Software', 'Research and Design', 'Software Engineering Tools', 'Graphic Design', 'Visualization (Computer Graphics)', 'Hardware Design', 'Product Development', 'Visual Design', 'Geometry', 'User Experience Design', 'Strategy and Operations', 'Communication', 'Decision Making', 'Product Management', 'System Software', 'Collaboration', 'Computer Programming', 'Other Cloud Platforms and Tools']",design and product | product design | feature engineering | computer graphics | interactive design | computer graphic techniques | graphics software | research and design | software engineering tools | graphic design | visualization (computer graphics) | hardware design | product development | visual design | geometry | user experience design | strategy and operations | communication | decision making | product management | system software | collaboration | computer programming | other cloud platforms and tools,"['strategy and operations', 'communication', 'decision making', 'computer programming']",0,0,0,1,1,0,0,0,1,0,0,0,0,0,0,0,0,0,0,0,0,0,0,1,0
"Federal Taxation I: Individuals, Employees, and Sole Proprietors","{"" Accounting"","" Taxes"","" Critical Thinking"","" Finance"","" Financial Accounting"","" General Accounting"","" Problem Solving"","" Regulations and Compliance"","" Generally Accepted Accounting Principles (GAAP)"","" Benefits""}",4.9,599.0,Intermediate , 1 - 3 Months,"['Accounting', 'Taxes', 'Critical Thinking', 'Finance', 'Financial Accounting', 'General Accounting', 'Problem Solving', 'Regulations and Compliance', 'Generally Accepted Accounting Principles (GAAP)', 'Benefits']",accounting | taxes | critical thinking | finance | financial accounting | general accounting | problem solving | regulations and compliance | generally accepted accounting principles (gaap) | benefits,"['critical thinking', 'finance', 'problem solving']",0,0,0,0,0,1,0,0,0,1,0,0,0,0,0,0,0,1,0,0,0,0,0,0,0
Introduction to Medical Software,"{"" Software Engineering"","" Software Testing"","" Entrepreneurship"","" User Research""}",4.8,119.0,Intermediate , 3 - 6 Months,"['Software Engineering', 'Software Testing', 'Entrepreneurship', 'User Research']",software engineering | software testing | entrepreneurship | user research,[],0,0,0,0,0,0,0,0,0,0,0,0,0,0,0,0,0,0,0,0,0,0,0,0,0
"Everyday Excel, Part 1","{"" Business Analysis"","" Data Analysis"","" Data Analysis Software"","" Microsoft Excel"","" Spreadsheet Software"","" Critical Thinking"","" Problem Solving"","" Data Management"","" Mathematics"","" Data Visualization""}",4.7,3200.0,Beginner , 1 - 3 Months,"['Business Analysis', 'Data Analysis', 'Data Analysis Software', 'Microsoft Excel', 'Spreadsheet Software', 'Critical Thinking', 'Problem Solving', 'Data Management', 'Mathematics', 'Data Visualization']",business analysis | data analysis | data analysis software | microsoft excel | spreadsheet software | critical thinking | problem solving | data management | mathematics | data visualization,"['business analysis', 'data analysis', 'critical thinking', 'problem solving', 'data management']",0,1,0,0,0,1,1,1,0,0,0,0,0,0,0,0,0,1,0,0,0,0,0,0,0
User Interface Design,"{"" Human Computer Interaction"","" User Experience"","" Research and Design"","" User Experience Design"","" User Research"","" Design and Product"","" Interactive Design"","" People Analysis"","" Product Design"","" Software Testing""}",4.6,1700.0,Intermediate , 3 - 6 Months,"['Human Computer Interaction', 'User Experience', 'Research and Design', 'User Experience Design', 'User Research', 'Design and Product', 'Interactive Design', 'People Analysis', 'Product Design', 'Software Testing']",human computer interaction | user experience | research and design | user experience design | user research | design and product | interactive design | people analysis | product design | software testing,[],0,0,0,0,0,0,0,0,0,0,0,0,0,0,0,0,0,0,0,0,0,0,0,0,0
Strategy and Sustainability,"{"" Leadership and Management"","" Strategy"","" Strategy and Operations"","" Critical Thinking"","" Risk Management"","" Business Analysis"","" Business Transformation"","" Decision Making"","" Regulations and Compliance"","" Change Management"","" Planning""}",4.7,471.0,Beginner , 1 - 3 Months,"['Leadership and Management', 'Strategy', 'Strategy and Operations', 'Critical Thinking', 'Risk Management', 'Business Analysis', 'Business Transformation', 'Decision Making', 'Regulations and Compliance', 'Change Management', 'Planning']",leadership and management | strategy | strategy and operations | critical thinking | risk management | business analysis | business transformation | decision making | regulations and compliance | change management | planning,"['leadership and management', 'strategy', 'strategy and operations', 'critical thinking', 'risk management', 'business analysis', 'decision making', 'planning']",0,1,0,0,0,1,0,0,1,0,0,1,0,0,0,1,0,0,0,0,1,0,1,1,0
C++ Programming for Unreal Game Development,"{"" Computer Programming"","" C Programming Language Family"","" Computer Programming Tools"","" Programming Principles""}",4.5,159.0,Intermediate , 3 - 6 Months,"['Computer Programming', 'C Programming Language Family', 'Computer Programming Tools', 'Programming Principles']",computer programming | c programming language family | computer programming tools | programming principles,['computer programming'],0,0,0,0,1,0,0,0,0,0,0,0,0,0,0,0,0,0,0,0,0,0,0,0,0
Introduction to Financial Engineering and Risk Management,"{"" Finance"","" Mathematics"","" Probability & Statistics"","" Risk Management"","" Securities Sales"","" Securities Trading""}",4.6,158.0,Intermediate , 1 - 3 Months,"['Finance', 'Mathematics', 'Probability & Statistics', 'Risk Management', 'Securities Sales', 'Securities Trading']",finance | mathematics | probability & statistics | risk management | securities sales | securities trading,"['finance', 'probability & statistics', 'risk management']",0,0,0,0,0,0,0,0,0,1,0,0,0,0,0,0,1,0,0,0,1,0,0,0,0
Clinical Terminology for International and U.S. Students,"{"" Communication""}",4.8,3000.0,Beginner , 1 - 3 Months,['Communication'],communication,['communication'],0,0,0,1,0,0,0,0,0,0,0,0,0,0,0,0,0,0,0,0,0,0,0,0,0
Financial Planning for Young Adults,"{"" Finance"","" Financial Management"","" Leadership and Management"","" Planning"","" Cash Management"","" Decision Making"","" Account Management"","" Budget Management"","" Financial Analysis"","" Risk Management""}",4.6,1300.0,Beginner , 1 - 3 Months,"['Finance', 'Financial Management', 'Leadership and Management', 'Planning', 'Cash Management', 'Decision Making', 'Account Management', 'Budget Management', 'Financial Analysis', 'Risk Management']",finance | financial management | leadership and management | planning | cash management | decision making | account management | budget management | financial analysis | risk management,"['finance', 'leadership and management', 'planning', 'decision making', 'risk management']",0,0,0,0,0,0,0,0,1,1,0,1,0,0,0,1,0,0,0,0,1,0,0,0,0
Finanzas corporativas,"{"" Finance"","" Business Analysis"","" Accounting"","" Data Analysis"","" Mathematical Theory & Analysis"","" Mathematics"","" Account Management"","" Calculus"","" Financial Accounting"","" Financial Analysis"","" Investment Management"","" Operational Analysis"","" Applied Mathematics"","" Process Analysis"","" Banking"","" Behavioral Economics"","" Microsoft Excel"","" Business Process Management"","" Entrepreneurial Finance"","" Estimation"","" Financial Management"","" Leadership and Management"","" Operations Management"","" Risk Management"","" Econometrics""}",4.7,2600.0,Intermediate , 3 - 6 Months,"['Finance', 'Business Analysis', 'Accounting', 'Data Analysis', 'Mathematical Theory & Analysis', 'Mathematics', 'Account Management', 'Calculus', 'Financial Accounting', 'Financial Analysis', 'Investment Management', 'Operational Analysis', 'Applied Mathematics', 'Process Analysis', 'Banking', 'Behavioral Economics', 'Microsoft Excel', 'Business Process Management', 'Entrepreneurial Finance', 'Estimation', 'Financial Management', 'Leadership and Management', 'Operations Management', 'Risk Management', 'Econometrics']",finance | business analysis | accounting | data analysis | mathematical theory & analysis | mathematics | account management | calculus | financial accounting | financial analysis | investment management | operational analysis | applied mathematics | process analysis | banking | behavioral economics | microsoft excel | business process management | entrepreneurial finance | estimation | financial management | leadership and management | operations management | risk management | econometrics,"['finance', 'business analysis', 'data analysis', 'leadership and management', 'risk management']",0,1,0,0,0,0,1,0,0,1,0,1,0,0,0,0,0,0,0,0,1,0,0,0,0
Understanding Basic SQL Syntax,"{"" SQL""}",4.7,84.0,Beginner , Less Than 2 Hours,['SQL'],sql,['sql'],0,0,0,0,0,0,0,0,0,0,0,0,0,0,0,0,0,0,0,0,0,1,0,0,0
Software Development Lifecycle,"{"" Software Engineering"","" Agile Software Development"","" Design and Product"","" Problem Solving"","" Software Architecture"","" Software Testing"","" Leadership and Management"","" Project Management"","" Scrum (Software Development)"","" Software Engineering Tools"","" Continuous Delivery"","" Product Development"","" User Experience"","" Application Development"","" Communication"","" Planning"","" Product Management"","" Collaboration"","" Estimation"","" Computer Programming Tools"","" System Software"","" Theoretical Computer Science"","" Search Engine Optimization"","" Investment Management""}",4.7,9000.0,Intermediate , 3 - 6 Months,"['Software Engineering', 'Agile Software Development', 'Design and Product', 'Problem Solving', 'Software Architecture', 'Software Testing', 'Leadership and Management', 'Project Management', 'Scrum (Software Development)', 'Software Engineering Tools', 'Continuous Delivery', 'Product Development', 'User Experience', 'Application Development', 'Communication', 'Planning', 'Product Management', 'Collaboration', 'Estimation', 'Computer Programming Tools', 'System Software', 'Theoretical Computer Science', 'Search Engine Optimization', 'Investment Management']",software engineering | agile software development | design and product | problem solving | software architecture | software testing | leadership and management | project management | scrum (software development) | software engineering tools | continuous delivery | product development | user experience | application development | communication | planning | product management | collaboration | estimation | computer programming tools | system software | theoretical computer science | search engine optimization | investment management,"['problem solving', 'leadership and management', 'project management', 'communication', 'planning']",0,0,0,1,0,0,0,0,0,0,0,1,0,0,0,1,0,1,1,0,0,0,0,0,0
Image Processing for Engineering and Science,"{"" Matlab"","" Data Visualization"","" Computer Graphic Techniques"","" Computer Vision"","" Scientific Visualization"","" Visualization (Computer Graphics)""}",4.8,114.0,Beginner , 1 - 3 Months,"['Matlab', 'Data Visualization', 'Computer Graphic Techniques', 'Computer Vision', 'Scientific Visualization', 'Visualization (Computer Graphics)']",matlab | data visualization | computer graphic techniques | computer vision | scientific visualization | visualization (computer graphics),[],0,0,0,0,0,0,0,0,0,0,0,0,0,0,0,0,0,0,0,0,0,0,0,0,0
Relationship Management and Business Development,"{"" Business Development"","" Customer Relationship Management"","" Leadership and Management""}",4.6,20.0,Intermediate , 1 - 4 Weeks,"['Business Development', 'Customer Relationship Management', 'Leadership and Management']",business development | customer relationship management | leadership and management,['leadership and management'],0,0,0,0,0,0,0,0,0,0,0,1,0,0,0,0,0,0,0,0,0,0,0,0,0
Expressway to Data Science: Essential Math,"{"" Mathematics"","" Algebra"","" Calculus"","" Linear Algebra"","" Mathematical Theory & Analysis"","" Differential Equations"","" Plot (Graphics)"","" Problem Solving"","" Applied Mathematics"","" Graph Theory""}",4.5,308.0,Intermediate , 3 - 6 Months,"['Mathematics', 'Algebra', 'Calculus', 'Linear Algebra', 'Mathematical Theory & Analysis', 'Differential Equations', 'Plot (Graphics)', 'Problem Solving', 'Applied Mathematics', 'Graph Theory']",mathematics | algebra | calculus | linear algebra | mathematical theory & analysis | differential equations | plot (graphics) | problem solving | applied mathematics | graph theory,['problem solving'],0,0,0,0,0,0,0,0,0,0,0,0,0,0,0,0,0,1,0,0,0,0,0,0,0
React Basics,"{"" React (web framework)"","" Front-End Web Development"","" Javascript"","" Web Development""}",4.7,1400.0,Beginner , 1 - 4 Weeks,"['React (web framework)', 'Front-End Web Development', 'Javascript', 'Web Development']",react (web framework) | front-end web development | javascript | web development,[],0,0,0,0,0,0,0,0,0,0,0,0,0,0,0,0,0,0,0,0,0,0,0,0,0
Introduction to High-Performance and Parallel Computing,"{"" Computer Programming"","" Distributed Computing Architecture"","" Computational Thinking"","" Computer Architecture"","" Computer Programming Tools"","" Linux""}",3.2,81.0,Beginner , 1 - 4 Weeks,"['Computer Programming', 'Distributed Computing Architecture', 'Computational Thinking', 'Computer Architecture', 'Computer Programming Tools', 'Linux']",computer programming | distributed computing architecture | computational thinking | computer architecture | computer programming tools | linux,['computer programming'],0,0,0,0,1,0,0,0,0,0,0,0,0,0,0,0,0,0,0,0,0,0,0,0,0
FinTech: Finance Industry Transformation and Regulation,"{"" FinTech"","" Finance"","" Risk Management"","" Banking"","" Leadership and Management"","" Innovation"","" Regulations and Compliance"","" BlockChain"","" E-Commerce"","" Financial Analysis"","" Business Process Management"","" Data Analysis"","" Exploratory Data Analysis"","" Payments"","" Business Development"","" Computer Security Incident Management"","" Human Factors (Security)""}",4.7,763.0,Beginner , 3 - 6 Months,"['FinTech', 'Finance', 'Risk Management', 'Banking', 'Leadership and Management', 'Innovation', 'Regulations and Compliance', 'BlockChain', 'E-Commerce', 'Financial Analysis', 'Business Process Management', 'Data Analysis', 'Exploratory Data Analysis', 'Payments', 'Business Development', 'Computer Security Incident Management', 'Human Factors (Security)']",fintech | finance | risk management | banking | leadership and management | innovation | regulations and compliance | blockchain | e-commerce | financial analysis | business process management | data analysis | exploratory data analysis | payments | business development | computer security incident management | human factors (security),"['finance', 'risk management', 'leadership and management', 'data analysis']",0,0,0,0,0,0,1,0,0,1,0,1,0,0,0,0,0,0,0,0,1,0,0,0,0
Learning and Development,"{"" Training""}",4.7,100.0,Beginner , 1 - 4 Weeks,['Training'],training,[],0,0,0,0,0,0,0,0,0,0,0,0,0,0,0,0,0,0,0,0,0,0,0,0,0
Introduction to Data Science in Python,"{"" Computer Programming"","" Data Analysis"","" Data Management"","" Python Programming"","" Statistical Programming"","" Data Mining"","" Extract"","" Transform"","" Load"","" Computer Programming Tools"","" Critical Thinking"","" Exploratory Data Analysis"","" General Statistics""}",4.5,26800.0,Intermediate , 1 - 4 Weeks,"['Computer Programming', 'Data Analysis', 'Data Management', 'Python Programming', 'Statistical Programming', 'Data Mining', 'Extract', 'Transform', 'Load', 'Computer Programming Tools', 'Critical Thinking', 'Exploratory Data Analysis', 'General Statistics']",computer programming | data analysis | data management | python programming | statistical programming | data mining | extract | transform | load | computer programming tools | critical thinking | exploratory data analysis | general statistics,"['computer programming', 'data analysis', 'data management', 'python programming', 'critical thinking']",0,0,0,0,1,1,1,1,0,0,0,0,0,0,0,0,0,0,0,1,0,0,0,0,0
Real-World Cloud Product Management,"{"" Security Engineering"","" Cloud Computing"","" Business"","" Product Management""}",4.7,65.0,Beginner , 1 - 3 Months,"['Security Engineering', 'Cloud Computing', 'Business', 'Product Management']",security engineering | cloud computing | business | product management,['cloud computing'],0,0,1,0,0,0,0,0,0,0,0,0,0,0,0,0,0,0,0,0,0,0,0,0,0
Kotlin for Java Developers,"{"" Computer Programming"","" Programming Principles"","" Algorithms"","" Data Structures"","" Problem Solving"","" Computational Logic"","" Mathematics"","" Software Engineering""}",4.7,2000.0,Intermediate , 1 - 3 Months,"['Computer Programming', 'Programming Principles', 'Algorithms', 'Data Structures', 'Problem Solving', 'Computational Logic', 'Mathematics', 'Software Engineering']",computer programming | programming principles | algorithms | data structures | problem solving | computational logic | mathematics | software engineering,"['computer programming', 'algorithms', 'problem solving']",1,0,0,0,1,0,0,0,0,0,0,0,0,0,0,0,0,1,0,0,0,0,0,0,0
Accounting Data Analytics,"{"" Python Programming"","" Statistical Programming"","" Data Analysis"","" Machine Learning"","" Computer Programming"","" Data Visualization"","" Probability & Statistics"","" Regression"","" Data Structures"","" Plot (Graphics)"","" Accounting"","" General Statistics"","" Statistical Analysis"","" Algorithms"","" Databases"","" Machine Learning Algorithms"","" SQL"","" Theoretical Computer Science"","" Data Architecture"","" Microsoft Excel""}",4.7,517.0,Intermediate , 3 - 6 Months,"['Python Programming', 'Statistical Programming', 'Data Analysis', 'Machine Learning', 'Computer Programming', 'Data Visualization', 'Probability & Statistics', 'Regression', 'Data Structures', 'Plot (Graphics)', 'Accounting', 'General Statistics', 'Statistical Analysis', 'Algorithms', 'Databases', 'Machine Learning Algorithms', 'SQL', 'Theoretical Computer Science', 'Data Architecture', 'Microsoft Excel']",python programming | statistical programming | data analysis | machine learning | computer programming | data visualization | probability & statistics | regression | data structures | plot (graphics) | accounting | general statistics | statistical analysis | algorithms | databases | machine learning algorithms | sql | theoretical computer science | data architecture | microsoft excel,"['python programming', 'data analysis', 'machine learning', 'computer programming', 'probability & statistics', 'algorithms', 'machine learning algorithms', 'sql']",1,0,0,0,1,0,1,0,0,0,0,0,1,1,0,0,1,0,0,1,0,1,0,0,0
Claves de la Dirección de Empresas,"{"" Business Analysis"","" Leadership and Management"","" Strategy"","" Accounting"","" Communication"","" Finance"","" Data Analysis"","" Operational Analysis"","" Strategy and Operations"","" Calculus"","" Process Analysis"","" Business Psychology"","" Financial Accounting"","" Financial Analysis"","" Accounts Payable and Receivable"","" Business Intelligence"","" Culture"","" Human Resources"","" Market Analysis"","" Marketing"","" Media Strategy & Planning"","" Benefits"","" Collaboration"","" Influencing"","" Marketing Psychology"","" Persona Research"","" Behavioral Economics"","" General Accounting"","" Problem Solving""}",4.8,3200.0,Beginner , 3 - 6 Months,"['Business Analysis', 'Leadership and Management', 'Strategy', 'Accounting', 'Communication', 'Finance', 'Data Analysis', 'Operational Analysis', 'Strategy and Operations', 'Calculus', 'Process Analysis', 'Business Psychology', 'Financial Accounting', 'Financial Analysis', 'Accounts Payable and Receivable', 'Business Intelligence', 'Culture', 'Human Resources', 'Market Analysis', 'Marketing', 'Media Strategy & Planning', 'Benefits', 'Collaboration', 'Influencing', 'Marketing Psychology', 'Persona Research', 'Behavioral Economics', 'General Accounting', 'Problem Solving']",business analysis | leadership and management | strategy | accounting | communication | finance | data analysis | operational analysis | strategy and operations | calculus | process analysis | business psychology | financial accounting | financial analysis | accounts payable and receivable | business intelligence | culture | human resources | market analysis | marketing | media strategy & planning | benefits | collaboration | influencing | marketing psychology | persona research | behavioral economics | general accounting | problem solving,"['business analysis', 'leadership and management', 'strategy', 'communication', 'finance', 'data analysis', 'strategy and operations', 'marketing', 'problem solving']",0,1,0,1,0,0,1,0,0,1,0,1,0,0,1,0,0,1,0,0,0,0,1,1,0
Analysing: Numeric and digital literacies,"{"" Business Analysis"","" Accounting"","" Finance"","" Data Analysis"","" Entrepreneurship"","" Business Intelligence"","" Customer Analysis"","" Data Visualization"","" Data Visualization Software"","" Financial Accounting"","" Big Data"","" Data Analysis Software"","" General Statistics"","" Leadership and Management"","" Management Accounting"","" Market Research"","" Marketing"","" Probability & Statistics"","" Research and Design"","" Correlation And Dependence"","" Financial Analysis"","" Probability Distribution"","" Financial Management"","" Communication"","" Digital Marketing"","" Market Analysis"","" Organizational Development"","" Tableau Software""}",4.6,1100.0,Beginner , 3 - 6 Months,"['Business Analysis', 'Accounting', 'Finance', 'Data Analysis', 'Entrepreneurship', 'Business Intelligence', 'Customer Analysis', 'Data Visualization', 'Data Visualization Software', 'Financial Accounting', 'Big Data', 'Data Analysis Software', 'General Statistics', 'Leadership and Management', 'Management Accounting', 'Market Research', 'Marketing', 'Probability & Statistics', 'Research and Design', 'Correlation And Dependence', 'Financial Analysis', 'Probability Distribution', 'Financial Management', 'Communication', 'Digital Marketing', 'Market Analysis', 'Organizational Development', 'Tableau Software']",business analysis | accounting | finance | data analysis | entrepreneurship | business intelligence | customer analysis | data visualization | data visualization software | financial accounting | big data | data analysis software | general statistics | leadership and management | management accounting | market research | marketing | probability & statistics | research and design | correlation and dependence | financial analysis | probability distribution | financial management | communication | digital marketing | market analysis | organizational development | tableau software,"['business analysis', 'finance', 'data analysis', 'leadership and management', 'marketing', 'probability & statistics', 'communication']",0,1,0,1,0,0,1,0,0,1,0,1,0,0,1,0,1,0,0,0,0,0,0,0,0
Initiating and Planning Projects,"{"" Project Management"","" Conflict Management"","" Leadership and Management"","" Planning""}",4.7,22400.0,Mixed , 1 - 3 Months,"['Project Management', 'Conflict Management', 'Leadership and Management', 'Planning']",project management | conflict management | leadership and management | planning,"['project management', 'leadership and management', 'planning']",0,0,0,0,0,0,0,0,0,0,0,1,0,0,0,1,0,0,1,0,0,0,0,0,0
Fundamentals of Social Media Advertising,"{"" Advertising"","" Communication"","" Digital Marketing"","" Marketing"","" Sales"","" Marketing Design"","" Research and Design"","" Social Media"","" Brand Management""}",4.8,2100.0,Beginner , 1 - 3 Months,"['Advertising', 'Communication', 'Digital Marketing', 'Marketing', 'Sales', 'Marketing Design', 'Research and Design', 'Social Media', 'Brand Management']",advertising | communication | digital marketing | marketing | sales | marketing design | research and design | social media | brand management,"['communication', 'marketing']",0,0,0,1,0,0,0,0,0,0,0,0,0,0,1,0,0,0,0,0,0,0,0,0,0
Health Information Literacy for Data Analytics,"{"" Data Analysis"","" Data Management"","" Clinical Data Management"","" Data Model"","" Data Structures"","" Databases"","" Leadership and Management"","" Data Warehousing"","" Big Data"","" Extract"","" Transform"","" Load""}",4.4,201.0,Intermediate , 3 - 6 Months,"['Data Analysis', 'Data Management', 'Clinical Data Management', 'Data Model', 'Data Structures', 'Databases', 'Leadership and Management', 'Data Warehousing', 'Big Data', 'Extract', 'Transform', 'Load']",data analysis | data management | clinical data management | data model | data structures | databases | leadership and management | data warehousing | big data | extract | transform | load,"['data analysis', 'data management', 'leadership and management']",0,0,0,0,0,0,1,1,0,0,0,1,0,0,0,0,0,0,0,0,0,0,0,0,0
Water Cooperation and Diplomacy,"{"" Negotiation""}",4.677240684793555,7827.922457200403,Intermediate , 1 - 3 Months,['Negotiation'],negotiation,[],0,0,0,0,0,0,0,0,0,0,0,0,0,0,0,0,0,0,0,0,0,0,0,0,0
Big Data,"{"" Data Analysis"","" Big Data"","" Data Management"","" Databases"","" Data Model"","" Exploratory Data Analysis"","" Machine Learning"","" Data Structures"","" Data Analysis Software"","" Data Visualization"","" SQL"","" Data Mining"","" Distributed Computing Architecture"","" Apache"","" Database Design"","" Extract"","" Transform"","" Load"","" Graph Theory"","" Probability & Statistics"","" Statistical Programming"","" Mathematics"","" Data Architecture"","" Data Warehousing"","" Machine Learning Algorithms"","" Process Analysis"","" Leadership and Management"","" Cloud Computing"","" PostgreSQL"","" Statistical Visualization"","" Algorithms"","" Human Learning""}",4.5,13600.0,Beginner , 3 - 6 Months,"['Data Analysis', 'Big Data', 'Data Management', 'Databases', 'Data Model', 'Exploratory Data Analysis', 'Machine Learning', 'Data Structures', 'Data Analysis Software', 'Data Visualization', 'SQL', 'Data Mining', 'Distributed Computing Architecture', 'Apache', 'Database Design', 'Extract', 'Transform', 'Load', 'Graph Theory', 'Probability & Statistics', 'Statistical Programming', 'Mathematics', 'Data Architecture', 'Data Warehousing', 'Machine Learning Algorithms', 'Process Analysis', 'Leadership and Management', 'Cloud Computing', 'PostgreSQL', 'Statistical Visualization', 'Algorithms', 'Human Learning']",data analysis | big data | data management | databases | data model | exploratory data analysis | machine learning | data structures | data analysis software | data visualization | sql | data mining | distributed computing architecture | apache | database design | extract | transform | load | graph theory | probability & statistics | statistical programming | mathematics | data architecture | data warehousing | machine learning algorithms | process analysis | leadership and management | cloud computing | postgresql | statistical visualization | algorithms | human learning,"['data analysis', 'data management', 'machine learning', 'sql', 'probability & statistics', 'machine learning algorithms', 'leadership and management', 'cloud computing', 'algorithms', 'human learning']",1,0,1,0,0,0,1,1,0,0,1,1,1,1,0,0,1,0,0,0,0,1,0,0,0
Ethical Leadership,"{"" Leadership and Management"","" Communication""}",4.8,51.0,Beginner , 3 - 6 Months,"['Leadership and Management', 'Communication']",leadership and management | communication,"['leadership and management', 'communication']",0,0,0,1,0,0,0,0,0,0,0,1,0,0,0,0,0,0,0,0,0,0,0,0,0
Mastering Final Cut Pro,"{"" Media Production"","" Computer Graphics"","" Graphics Software"","" Visual Design"","" Computer Graphic Techniques"","" Creativity"","" Interactive Design"","" Media Strategy & Planning"","" Social Media""}",4.5,197.0,Beginner , 1 - 3 Months,"['Media Production', 'Computer Graphics', 'Graphics Software', 'Visual Design', 'Computer Graphic Techniques', 'Creativity', 'Interactive Design', 'Media Strategy & Planning', 'Social Media']",media production | computer graphics | graphics software | visual design | computer graphic techniques | creativity | interactive design | media strategy & planning | social media,[],0,0,0,0,0,0,0,0,0,0,0,0,0,0,0,0,0,0,0,0,0,0,0,0,0
Finance for Non-Financial Managers,"{"" Accounting"","" Finance"","" Financial Analysis"","" Financial Accounting"","" General Accounting"","" Financial Management"","" Generally Accepted Accounting Principles (GAAP)"","" Leadership and Management"","" Business Analysis"","" Data Analysis""}",4.4,385.0,Intermediate , 1 - 3 Months,"['Accounting', 'Finance', 'Financial Analysis', 'Financial Accounting', 'General Accounting', 'Financial Management', 'Generally Accepted Accounting Principles (GAAP)', 'Leadership and Management', 'Business Analysis', 'Data Analysis']",accounting | finance | financial analysis | financial accounting | general accounting | financial management | generally accepted accounting principles (gaap) | leadership and management | business analysis | data analysis,"['finance', 'leadership and management', 'business analysis', 'data analysis']",0,1,0,0,0,0,1,0,0,1,0,1,0,0,0,0,0,0,0,0,0,0,0,0,0
Operations Analytics,"{"" Data Analysis"","" Forecasting"","" Leadership and Management"","" Mathematical Theory & Analysis"","" Mathematics"","" Operations Management"","" Operations Research"","" Probability & Statistics"","" Spreadsheet Software"","" Statistical Analysis""}",4.7,5000.0,Mixed , 1 - 4 Weeks,"['Data Analysis', 'Forecasting', 'Leadership and Management', 'Mathematical Theory & Analysis', 'Mathematics', 'Operations Management', 'Operations Research', 'Probability & Statistics', 'Spreadsheet Software', 'Statistical Analysis']",data analysis | forecasting | leadership and management | mathematical theory & analysis | mathematics | operations management | operations research | probability & statistics | spreadsheet software | statistical analysis,"['data analysis', 'leadership and management', 'probability & statistics']",0,0,0,0,0,0,1,0,0,0,0,1,0,0,0,0,1,0,0,0,0,0,0,0,0
Introduction to Scrum Master Training,"{"" Agile Software Development"","" Collaboration"","" Leadership and Management"","" Planning"","" Product Development"","" Product Lifecycle"","" Product Management"","" Project Management"","" Scrum (Software Development)"","" Business Communication"","" Software Engineering""}",4.7,1700.0,Beginner , 1 - 3 Months,"['Agile Software Development', 'Collaboration', 'Leadership and Management', 'Planning', 'Product Development', 'Product Lifecycle', 'Product Management', 'Project Management', 'Scrum (Software Development)', 'Business Communication', 'Software Engineering']",agile software development | collaboration | leadership and management | planning | product development | product lifecycle | product management | project management | scrum (software development) | business communication | software engineering,"['leadership and management', 'planning', 'project management']",0,0,0,0,0,0,0,0,0,0,0,1,0,0,0,1,0,0,1,0,0,0,0,0,0
Foundations of Teaching for Learning: Introduction,"{"" Human Learning"","" Planning""}",4.6,744.0,Mixed , 1 - 4 Weeks,"['Human Learning', 'Planning']",human learning | planning,"['human learning', 'planning']",0,0,0,0,0,0,0,0,0,0,1,0,0,0,0,1,0,0,0,0,0,0,0,0,0
Improving Leadership & Governance in Nonprofit Organizations,"{"" Leadership and Management"","" Strategy"","" Strategy and Operations"","" Organizational Development"","" Business Psychology"","" Entrepreneurship"","" Marketing"","" Planning"","" Sales"","" Supply Chain and Logistics"","" Leadership Development"","" Performance Management"","" Risk Management""}",4.4,222.0,Beginner , 3 - 6 Months,"['Leadership and Management', 'Strategy', 'Strategy and Operations', 'Organizational Development', 'Business Psychology', 'Entrepreneurship', 'Marketing', 'Planning', 'Sales', 'Supply Chain and Logistics', 'Leadership Development', 'Performance Management', 'Risk Management']",leadership and management | strategy | strategy and operations | organizational development | business psychology | entrepreneurship | marketing | planning | sales | supply chain and logistics | leadership development | performance management | risk management,"['leadership and management', 'strategy', 'strategy and operations', 'marketing', 'planning', 'risk management']",0,0,0,0,0,0,0,0,0,0,0,1,0,0,1,1,0,0,0,0,1,0,1,1,0
Dirección y Gestión de Negocios,"{"" Communication"","" Marketing"","" Organizational Development"","" Process Analysis"","" Strategy"","" Business Communication"","" Business Intelligence"","" Decision Making"","" Leadership and Management"","" Negotiation"","" Persona Research"","" Continuous Integration"","" Econometrics"","" Human Resources"","" Innovation"","" Operational Analysis"","" Planning"","" Project Management"","" Strategy and Operations"","" Marketing Design"","" Marketing Management"","" Probability & Statistics"","" Probability Distribution"","" Behavioral Economics"","" Cloud Load Balancing"","" Computational Logic"","" Customer Analysis"","" Extract"","" Transform"","" Load"","" Finance"","" General Statistics"","" User Experience Design"","" Business"","" Professional Development""}",4.8,1600.0,Beginner , 1 - 3 Months,"['Communication', 'Marketing', 'Organizational Development', 'Process Analysis', 'Strategy', 'Business Communication', 'Business Intelligence', 'Decision Making', 'Leadership and Management', 'Negotiation', 'Persona Research', 'Continuous Integration', 'Econometrics', 'Human Resources', 'Innovation', 'Operational Analysis', 'Planning', 'Project Management', 'Strategy and Operations', 'Marketing Design', 'Marketing Management', 'Probability & Statistics', 'Probability Distribution', 'Behavioral Economics', 'Cloud Load Balancing', 'Computational Logic', 'Customer Analysis', 'Extract', 'Transform', 'Load', 'Finance', 'General Statistics', 'User Experience Design', 'Business', 'Professional Development']",communication | marketing | organizational development | process analysis | strategy | business communication | business intelligence | decision making | leadership and management | negotiation | persona research | continuous integration | econometrics | human resources | innovation | operational analysis | planning | project management | strategy and operations | marketing design | marketing management | probability & statistics | probability distribution | behavioral economics | cloud load balancing | computational logic | customer analysis | extract | transform | load | finance | general statistics | user experience design | business | professional development,"['communication', 'marketing', 'strategy', 'decision making', 'leadership and management', 'planning', 'project management', 'strategy and operations', 'probability & statistics', 'finance']",0,0,0,1,0,0,0,0,1,1,0,1,0,0,1,1,1,0,1,0,0,0,1,1,0
Investment Management in an Evolving and Volatile World by HEC Paris and AXA Investment Managers,"{"" Finance"","" Investment Management"","" Leadership and Management"","" Financial Analysis"","" Financial Management"","" Mathematics"","" Risk Management"","" Statistical Analysis"","" Market Analysis"","" Correlation And Dependence""}",4.6,733.0,Intermediate , 1 - 4 Weeks,"['Finance', 'Investment Management', 'Leadership and Management', 'Financial Analysis', 'Financial Management', 'Mathematics', 'Risk Management', 'Statistical Analysis', 'Market Analysis', 'Correlation And Dependence']",finance | investment management | leadership and management | financial analysis | financial management | mathematics | risk management | statistical analysis | market analysis | correlation and dependence,"['finance', 'leadership and management', 'risk management']",0,0,0,0,0,0,0,0,0,1,0,1,0,0,0,0,0,0,0,0,1,0,0,0,0
Cybersecurity Compliance Framework & System Administration,"{"" Cryptography"","" Linux"","" System Software""}",4.7,3100.0,Beginner , 1 - 3 Months,"['Cryptography', 'Linux', 'System Software']",cryptography | linux | system software,[],0,0,0,0,0,0,0,0,0,0,0,0,0,0,0,0,0,0,0,0,0,0,0,0,0
Foundations of Global Health,"{"" Leadership and Management"","" Training"","" Human Learning"","" Planning"","" Culture""}",4.7,1100.0,Beginner , 3 - 6 Months,"['Leadership and Management', 'Training', 'Human Learning', 'Planning', 'Culture']",leadership and management | training | human learning | planning | culture,"['leadership and management', 'human learning', 'planning']",0,0,0,0,0,0,0,0,0,0,1,1,0,0,0,1,0,0,0,0,0,0,0,0,0
Building No-Code Apps with AppSheet,"{"" Application Development"","" Mobile Development Tools"","" Spreadsheet Software"","" User Experience"","" Data Management"","" Databases"","" Google Cloud Platform"","" User Experience Design"","" Cloud Applications"","" Mobile Development""}",4.7,124.0,Beginner , 3 - 6 Months,"['Application Development', 'Mobile Development Tools', 'Spreadsheet Software', 'User Experience', 'Data Management', 'Databases', 'Google Cloud Platform', 'User Experience Design', 'Cloud Applications', 'Mobile Development']",application development | mobile development tools | spreadsheet software | user experience | data management | databases | google cloud platform | user experience design | cloud applications | mobile development,['data management'],0,0,0,0,0,0,0,1,0,0,0,0,0,0,0,0,0,0,0,0,0,0,0,0,0
A Crash Course in Causality:  Inferring Causal Effects from Observational Data,"{"" General Statistics"","" Probability & Statistics"","" Statistical Tests"","" Data Analysis"","" Statistical Analysis"","" Experiment"","" Probability Distribution"","" R Programming"","" Regression"","" Statistical Programming""}",4.7,518.0,Intermediate , 1 - 3 Months,"['General Statistics', 'Probability & Statistics', 'Statistical Tests', 'Data Analysis', 'Statistical Analysis', 'Experiment', 'Probability Distribution', 'R Programming', 'Regression', 'Statistical Programming']",general statistics | probability & statistics | statistical tests | data analysis | statistical analysis | experiment | probability distribution | r programming | regression | statistical programming,"['probability & statistics', 'data analysis']",0,0,0,0,0,0,1,0,0,0,0,0,0,0,0,0,1,0,0,0,0,0,0,0,0
Data Modeling in Power BI,"{"" Data Analysis"","" Data Model"","" Power BI""}",4.3,90.0,Beginner , 1 - 4 Weeks,"['Data Analysis', 'Data Model', 'Power BI']",data analysis | data model | power bi,['data analysis'],0,0,0,0,0,0,1,0,0,0,0,0,0,0,0,0,0,0,0,0,0,0,0,0,0
The Nuts and Bolts of Machine Learning,"{"" Machine Learning"","" Python Programming""}",4.8,149.0,Advanced , 1 - 3 Months,"['Machine Learning', 'Python Programming']",machine learning | python programming,"['machine learning', 'python programming']",0,0,0,0,0,0,0,0,0,0,0,0,1,0,0,0,0,0,0,1,0,0,0,0,0
Coding for Beginners: An Easy Introduction,"{"" Computer Programming"","" Python Programming""}",2.9,18.0,Beginner , Less Than 2 Hours,"['Computer Programming', 'Python Programming']",computer programming | python programming,"['computer programming', 'python programming']",0,0,0,0,1,0,0,0,0,0,0,0,0,0,0,0,0,0,0,1,0,0,0,0,0
Цифровий маркетинг і електронна комерція від Google,"{"" Digital Marketing"","" Marketing"","" E-Commerce"","" Problem Solving"","" Social Media"","" Advertising"","" Marketing Management"","" Search Engine Optimization"","" Strategy"","" Data Analysis"","" Sales"","" Market Analysis"","" Process Analysis"","" Advertising Sales"","" Algorithms"","" Business Analysis"","" Data Structures"","" Google App Engine"","" Web Development Tools"","" Account Management""}",4.9,1200.0,Beginner , 3 - 6 Months,"['Digital Marketing', 'Marketing', 'E-Commerce', 'Problem Solving', 'Social Media', 'Advertising', 'Marketing Management', 'Search Engine Optimization', 'Strategy', 'Data Analysis', 'Sales', 'Market Analysis', 'Process Analysis', 'Advertising Sales', 'Algorithms', 'Business Analysis', 'Data Structures', 'Google App Engine', 'Web Development Tools', 'Account Management']",digital marketing | marketing | e-commerce | problem solving | social media | advertising | marketing management | search engine optimization | strategy | data analysis | sales | market analysis | process analysis | advertising sales | algorithms | business analysis | data structures | google app engine | web development tools | account management,"['marketing', 'problem solving', 'strategy', 'data analysis', 'algorithms', 'business analysis']",1,1,0,0,0,0,1,0,0,0,0,0,0,0,1,0,0,1,0,0,0,0,1,0,0
Data Science: Statistics and Machine Learning,"{"" R Programming"","" Data Analysis"","" Statistical Analysis"","" Statistical Programming"","" Probability & Statistics"","" Statistical Machine Learning"","" General Statistics"","" Machine Learning Algorithms"","" Human Learning"","" Machine Learning"","" Problem Solving"","" Statistical Tests"","" Regression"","" Computer Programming"","" Algorithms"","" Applied Machine Learning"","" Correlation And Dependence"","" Data Model"","" Estimation"","" Probability Distribution"","" Machine Learning Software"","" Natural Language Processing"","" Basic Descriptive Statistics"","" Exploratory Data Analysis"","" Computer Graphics"","" Data Visualization"","" Interactive Data Visualization"","" Plot (Graphics)"","" Product Development"","" Web Development""}",4.4,7100.0,Intermediate , 3 - 6 Months,"['R Programming', 'Data Analysis', 'Statistical Analysis', 'Statistical Programming', 'Probability & Statistics', 'Statistical Machine Learning', 'General Statistics', 'Machine Learning Algorithms', 'Human Learning', 'Machine Learning', 'Problem Solving', 'Statistical Tests', 'Regression', 'Computer Programming', 'Algorithms', 'Applied Machine Learning', 'Correlation And Dependence', 'Data Model', 'Estimation', 'Probability Distribution', 'Machine Learning Software', 'Natural Language Processing', 'Basic Descriptive Statistics', 'Exploratory Data Analysis', 'Computer Graphics', 'Data Visualization', 'Interactive Data Visualization', 'Plot (Graphics)', 'Product Development', 'Web Development']",r programming | data analysis | statistical analysis | statistical programming | probability & statistics | statistical machine learning | general statistics | machine learning algorithms | human learning | machine learning | problem solving | statistical tests | regression | computer programming | algorithms | applied machine learning | correlation and dependence | data model | estimation | probability distribution | machine learning software | natural language processing | basic descriptive statistics | exploratory data analysis | computer graphics | data visualization | interactive data visualization | plot (graphics) | product development | web development,"['data analysis', 'probability & statistics', 'machine learning algorithms', 'human learning', 'machine learning', 'problem solving', 'computer programming', 'algorithms']",1,0,0,0,1,0,1,0,0,0,1,0,1,1,0,0,1,1,0,0,0,0,0,0,0
Foundations of Data Science: K-Means Clustering in Python,"{"" Data Analysis"","" Computer Programming"","" Python Programming"","" Statistical Analysis"","" Statistical Programming"","" Applied Machine Learning"","" Basic Descriptive Statistics"","" Data Visualization"","" General Statistics"","" Machine Learning"","" Machine Learning Algorithms""}",4.6,619.0,Beginner , 1 - 3 Months,"['Data Analysis', 'Computer Programming', 'Python Programming', 'Statistical Analysis', 'Statistical Programming', 'Applied Machine Learning', 'Basic Descriptive Statistics', 'Data Visualization', 'General Statistics', 'Machine Learning', 'Machine Learning Algorithms']",data analysis | computer programming | python programming | statistical analysis | statistical programming | applied machine learning | basic descriptive statistics | data visualization | general statistics | machine learning | machine learning algorithms,"['data analysis', 'computer programming', 'python programming', 'machine learning', 'machine learning algorithms']",0,0,0,0,1,0,1,0,0,0,0,0,1,1,0,0,0,0,0,1,0,0,0,0,0
Conflict Management,"{"" Collaboration"","" Communication"","" Conflict Management"","" Leadership and Management""}",4.4,2000.0,Beginner , 3 - 6 Months,"['Collaboration', 'Communication', 'Conflict Management', 'Leadership and Management']",collaboration | communication | conflict management | leadership and management,"['communication', 'leadership and management']",0,0,0,1,0,0,0,0,0,0,0,1,0,0,0,0,0,0,0,0,0,0,0,0,0
"Penetration Testing, Incident Response and Forensics","{"" Security Strategy"","" Computer Security Incident Management"","" Python Programming"","" Computer Programming"","" Leadership and Management""}",4.6,2200.0,Beginner , 1 - 4 Weeks,"['Security Strategy', 'Computer Security Incident Management', 'Python Programming', 'Computer Programming', 'Leadership and Management']",security strategy | computer security incident management | python programming | computer programming | leadership and management,"['python programming', 'computer programming', 'leadership and management']",0,0,0,0,1,0,0,0,0,0,0,1,0,0,0,0,0,0,0,1,0,0,0,0,0
English Composition I,"{"" Writing""}",4.6,1100.0,Beginner , 1 - 3 Months,['Writing'],writing,['writing'],0,0,0,0,0,0,0,0,0,0,0,0,0,0,0,0,0,0,0,0,0,0,0,0,1
Data Warehousing for Business Intelligence,"{"" Data Warehousing"","" Data Management"","" Databases"","" Database Design"","" Business Intelligence"","" Data Model"","" Database Administration"","" Business Analysis"","" SQL"","" Data Analysis"","" Data Architecture"","" Warehouse Management"","" Data Visualization"","" Leadership and Management"","" Systems Design"","" Database Application"","" Extract"","" Transform"","" Load"","" Critical Thinking"","" Performance Management"","" Marketing Design""}",4.5,3900.0,Advanced , 3 - 6 Months,"['Data Warehousing', 'Data Management', 'Databases', 'Database Design', 'Business Intelligence', 'Data Model', 'Database Administration', 'Business Analysis', 'SQL', 'Data Analysis', 'Data Architecture', 'Warehouse Management', 'Data Visualization', 'Leadership and Management', 'Systems Design', 'Database Application', 'Extract', 'Transform', 'Load', 'Critical Thinking', 'Performance Management', 'Marketing Design']",data warehousing | data management | databases | database design | business intelligence | data model | database administration | business analysis | sql | data analysis | data architecture | warehouse management | data visualization | leadership and management | systems design | database application | extract | transform | load | critical thinking | performance management | marketing design,"['data management', 'business analysis', 'sql', 'data analysis', 'leadership and management', 'critical thinking']",0,1,0,0,0,1,1,1,0,0,0,1,0,0,0,0,0,0,0,0,0,1,0,0,0
Algorithmic Toolbox,"{"" Algorithms"","" Computer Programming"","" Problem Solving"","" Theoretical Computer Science"","" Computational Thinking"","" Critical Thinking"","" Computer Programming Tools"","" Computational Logic"","" Data Structures"","" Programming Principles"","" Software Testing""}",4.6,12300.0,Intermediate , 1 - 3 Months,"['Algorithms', 'Computer Programming', 'Problem Solving', 'Theoretical Computer Science', 'Computational Thinking', 'Critical Thinking', 'Computer Programming Tools', 'Computational Logic', 'Data Structures', 'Programming Principles', 'Software Testing']",algorithms | computer programming | problem solving | theoretical computer science | computational thinking | critical thinking | computer programming tools | computational logic | data structures | programming principles | software testing,"['algorithms', 'computer programming', 'problem solving', 'critical thinking']",1,0,0,0,1,1,0,0,0,0,0,0,0,0,0,0,0,1,0,0,0,0,0,0,0
Gender Analytics: Gender Equity through Inclusive Design,"{"" Research and Design"","" Critical Thinking"","" Organizational Development"","" People Analysis"","" Business Analysis"","" Decision Making"","" Data Analysis"","" Emotional Intelligence"","" Leadership and Management"","" People Development"","" Strategy and Operations"","" Business Psychology"","" Communication"","" Data Management"","" Human Resources"","" Leadership Development"","" Problem Solving"","" Strategy"","" User Experience Design"","" Change Management"","" General Statistics"","" Human Computer Interaction"","" Innovation"","" Probability & Statistics"","" Statistical Analysis"","" User Experience"","" Creativity"","" Market Research""}",4.8,478.0,Beginner , 3 - 6 Months,"['Research and Design', 'Critical Thinking', 'Organizational Development', 'People Analysis', 'Business Analysis', 'Decision Making', 'Data Analysis', 'Emotional Intelligence', 'Leadership and Management', 'People Development', 'Strategy and Operations', 'Business Psychology', 'Communication', 'Data Management', 'Human Resources', 'Leadership Development', 'Problem Solving', 'Strategy', 'User Experience Design', 'Change Management', 'General Statistics', 'Human Computer Interaction', 'Innovation', 'Probability & Statistics', 'Statistical Analysis', 'User Experience', 'Creativity', 'Market Research']",research and design | critical thinking | organizational development | people analysis | business analysis | decision making | data analysis | emotional intelligence | leadership and management | people development | strategy and operations | business psychology | communication | data management | human resources | leadership development | problem solving | strategy | user experience design | change management | general statistics | human computer interaction | innovation | probability & statistics | statistical analysis | user experience | creativity | market research,"['critical thinking', 'business analysis', 'decision making', 'data analysis', 'leadership and management', 'strategy and operations', 'communication', 'data management', 'problem solving', 'strategy', 'probability & statistics']",0,1,0,1,0,1,1,1,1,0,0,1,0,0,0,0,1,1,0,0,0,0,1,1,0
ChatGPT for Beginners: Save time with Microsoft Excel,"{"" Data Management"","" Microsoft Excel""}",4.6,27.0,Intermediate , Less Than 2 Hours,"['Data Management', 'Microsoft Excel']",data management | microsoft excel,['data management'],0,0,0,0,0,0,0,1,0,0,0,0,0,0,0,0,0,0,0,0,0,0,0,0,0
Managerial Economics and Business Analysis,"{"" Market Analysis"","" Finance"","" Business Analysis"","" Financial Analysis"","" Data Analysis"","" Behavioral Economics"","" Decision Making"","" Econometrics"","" Probability & Statistics"","" Accounting"","" Banking"","" General Statistics"","" Statistical Analysis"","" Leadership and Management"","" Basic Descriptive Statistics"","" Exploratory Data Analysis"","" Financial Accounting"","" Financial Management"","" Strategy and Operations"","" Investment Management"","" Market Research"","" Probability Distribution"","" Regulations and Compliance"","" Marketing"","" Risk Management"","" Securities Trading"","" Statistical Tests"","" Correlation And Dependence"","" Securities Sales"","" Strategy"","" Taxes"","" Game Theory"","" Microsoft Excel""}",4.8,3800.0,Beginner , 3 - 6 Months,"['Market Analysis', 'Finance', 'Business Analysis', 'Financial Analysis', 'Data Analysis', 'Behavioral Economics', 'Decision Making', 'Econometrics', 'Probability & Statistics', 'Accounting', 'Banking', 'General Statistics', 'Statistical Analysis', 'Leadership and Management', 'Basic Descriptive Statistics', 'Exploratory Data Analysis', 'Financial Accounting', 'Financial Management', 'Strategy and Operations', 'Investment Management', 'Market Research', 'Probability Distribution', 'Regulations and Compliance', 'Marketing', 'Risk Management', 'Securities Trading', 'Statistical Tests', 'Correlation And Dependence', 'Securities Sales', 'Strategy', 'Taxes', 'Game Theory', 'Microsoft Excel']",market analysis | finance | business analysis | financial analysis | data analysis | behavioral economics | decision making | econometrics | probability & statistics | accounting | banking | general statistics | statistical analysis | leadership and management | basic descriptive statistics | exploratory data analysis | financial accounting | financial management | strategy and operations | investment management | market research | probability distribution | regulations and compliance | marketing | risk management | securities trading | statistical tests | correlation and dependence | securities sales | strategy | taxes | game theory | microsoft excel,"['finance', 'business analysis', 'data analysis', 'decision making', 'probability & statistics', 'leadership and management', 'strategy and operations', 'marketing', 'risk management', 'strategy']",0,1,0,0,0,0,1,0,1,1,0,1,0,0,1,0,1,0,0,0,1,0,1,1,0
Python for Cybersecurity,"{"" Python Programming"","" Computer Programming""}",4.5,334.0,Intermediate , 3 - 6 Months,"['Python Programming', 'Computer Programming']",python programming | computer programming,"['python programming', 'computer programming']",0,0,0,0,1,0,0,0,0,0,0,0,0,0,0,0,0,0,0,1,0,0,0,0,0
Introduction to Systems Engineering,"{"" Risk Management""}",5.0,17.0,Beginner , 3 - 6 Months,['Risk Management'],risk management,['risk management'],0,0,0,0,0,0,0,0,0,0,0,0,0,0,0,0,0,0,0,0,1,0,0,0,0
People Analytics,"{"" Data Analysis"","" Human Resources"","" Human Resources Operations"","" Leadership and Management"","" Organizational Development"","" People Analysis"","" People Management"","" Performance Management"","" Talent Management"","" People Development"","" Collaboration""}",4.6,5900.0,Mixed , 1 - 4 Weeks,"['Data Analysis', 'Human Resources', 'Human Resources Operations', 'Leadership and Management', 'Organizational Development', 'People Analysis', 'People Management', 'Performance Management', 'Talent Management', 'People Development', 'Collaboration']",data analysis | human resources | human resources operations | leadership and management | organizational development | people analysis | people management | performance management | talent management | people development | collaboration,"['data analysis', 'leadership and management']",0,0,0,0,0,0,1,0,0,0,0,1,0,0,0,0,0,0,0,0,0,0,0,0,0
Foundations of Business Strategy,"{"" Entrepreneurship"","" Leadership and Management"","" Marketing"","" Sales"","" Strategy"","" Strategy and Operations"","" Market Analysis""}",4.8,2900.0,Beginner , 1 - 4 Weeks,"['Entrepreneurship', 'Leadership and Management', 'Marketing', 'Sales', 'Strategy', 'Strategy and Operations', 'Market Analysis']",entrepreneurship | leadership and management | marketing | sales | strategy | strategy and operations | market analysis,"['leadership and management', 'marketing', 'strategy', 'strategy and operations']",0,0,0,0,0,0,0,0,0,0,0,1,0,0,1,0,0,0,0,0,0,0,1,1,0
Learn English: Advanced Grammar and Punctuation,"{"" Writing""}",4.8,2500.0,Advanced , 3 - 6 Months,['Writing'],writing,['writing'],0,0,0,0,0,0,0,0,0,0,0,0,0,0,0,0,0,0,0,0,0,0,0,0,1
"Introduction to Containers w/ Docker, Kubernetes & OpenShift","{"" Kubernetes"","" Docker (Software)"","" Cloud Computing""}",4.4,630.0,Intermediate , 1 - 3 Months,"['Kubernetes', 'Docker (Software)', 'Cloud Computing']",kubernetes | docker (software) | cloud computing,['cloud computing'],0,0,1,0,0,0,0,0,0,0,0,0,0,0,0,0,0,0,0,0,0,0,0,0,0
Epidemiology for Public Health,"{"" Epidemiology"","" Data Analysis"","" General Statistics"","" Probability & Statistics"","" Critical Thinking"","" Statistical Tests"","" Research and Design"","" Statistical Analysis"","" Basic Descriptive Statistics"","" Biostatistics"","" Problem Solving"","" Regression"","" Experiment""}",4.8,1100.0,Beginner , 1 - 3 Months,"['Epidemiology', 'Data Analysis', 'General Statistics', 'Probability & Statistics', 'Critical Thinking', 'Statistical Tests', 'Research and Design', 'Statistical Analysis', 'Basic Descriptive Statistics', 'Biostatistics', 'Problem Solving', 'Regression', 'Experiment']",epidemiology | data analysis | general statistics | probability & statistics | critical thinking | statistical tests | research and design | statistical analysis | basic descriptive statistics | biostatistics | problem solving | regression | experiment,"['data analysis', 'probability & statistics', 'critical thinking', 'problem solving']",0,0,0,0,0,1,1,0,0,0,0,0,0,0,0,0,1,1,0,0,0,0,0,0,0
Machine Learning for All,"{"" Algorithms"","" Artificial Neural Networks"","" Deep Learning"","" Human Learning"","" Machine Learning"","" Machine Learning Algorithms"","" Statistical Machine Learning"","" Critical Thinking"","" Data Analysis"","" Decision Making"","" Training""}",4.7,3300.0,Beginner , 1 - 4 Weeks,"['Algorithms', 'Artificial Neural Networks', 'Deep Learning', 'Human Learning', 'Machine Learning', 'Machine Learning Algorithms', 'Statistical Machine Learning', 'Critical Thinking', 'Data Analysis', 'Decision Making', 'Training']",algorithms | artificial neural networks | deep learning | human learning | machine learning | machine learning algorithms | statistical machine learning | critical thinking | data analysis | decision making | training,"['algorithms', 'human learning', 'machine learning', 'machine learning algorithms', 'critical thinking', 'data analysis', 'decision making']",1,0,0,0,0,1,1,0,1,0,1,0,1,1,0,0,0,0,0,0,0,0,0,0,0
Probability Theory: Foundation for Data Science,"{"" Probability & Statistics"","" General Statistics"","" Probability Distribution"","" Correlation And Dependence"","" Mathematics""}",4.4,138.0,Intermediate , 1 - 3 Months,"['Probability & Statistics', 'General Statistics', 'Probability Distribution', 'Correlation And Dependence', 'Mathematics']",probability & statistics | general statistics | probability distribution | correlation and dependence | mathematics,['probability & statistics'],0,0,0,0,0,0,0,0,0,0,0,0,0,0,0,0,1,0,0,0,0,0,0,0,0
Build a Modern Computer from First Principles: Nand to Tetris Part II (project-centered course),"{"" Computer Programming"","" Computer Architecture""}",4.9,492.0,Mixed , 1 - 3 Months,"['Computer Programming', 'Computer Architecture']",computer programming | computer architecture,['computer programming'],0,0,0,0,1,0,0,0,0,0,0,0,0,0,0,0,0,0,0,0,0,0,0,0,0
Cyber Security Fundamentals,"{"" Computer Security Incident Management"","" Computer Security Models"","" Cryptography"","" Leadership and Management"","" Mobile Security"","" Risk Management"","" Security Engineering"","" System Security""}",4.7,117.0,Beginner , 1 - 4 Weeks,"['Computer Security Incident Management', 'Computer Security Models', 'Cryptography', 'Leadership and Management', 'Mobile Security', 'Risk Management', 'Security Engineering', 'System Security']",computer security incident management | computer security models | cryptography | leadership and management | mobile security | risk management | security engineering | system security,"['leadership and management', 'risk management']",0,0,0,0,0,0,0,0,0,0,0,1,0,0,0,0,0,0,0,0,1,0,0,0,0
Introduction to Git and GitHub,"{"" Collaboration"","" Computer Programming"","" Python Programming""}",4.8,7000.0,Beginner , 1 - 4 Weeks,"['Collaboration', 'Computer Programming', 'Python Programming']",collaboration | computer programming | python programming,"['computer programming', 'python programming']",0,0,0,0,1,0,0,0,0,0,0,0,0,0,0,0,0,0,0,1,0,0,0,0,0
Diversity and Inclusion for HR Professionals,"{"" Change Management"","" Culture"","" Human Resources"","" Leadership Development"","" Leadership and Management"","" Organizational Development"","" Critical Thinking"","" Human Resources Operations"","" Recruitment"","" Strategy and Operations""}",4.7,168.0,Beginner , 1 - 4 Weeks,"['Change Management', 'Culture', 'Human Resources', 'Leadership Development', 'Leadership and Management', 'Organizational Development', 'Critical Thinking', 'Human Resources Operations', 'Recruitment', 'Strategy and Operations']",change management | culture | human resources | leadership development | leadership and management | organizational development | critical thinking | human resources operations | recruitment | strategy and operations,"['leadership and management', 'critical thinking', 'strategy and operations']",0,0,0,0,0,1,0,0,0,0,0,1,0,0,0,0,0,0,0,0,0,0,0,1,0
Advertising with Meta,"{"" Advertising"","" Digital Marketing"","" Marketing"","" Media Strategy & Planning"","" Social Media"","" Marketing Management""}",4.8,2200.0,Beginner , 1 - 3 Months,"['Advertising', 'Digital Marketing', 'Marketing', 'Media Strategy & Planning', 'Social Media', 'Marketing Management']",advertising | digital marketing | marketing | media strategy & planning | social media | marketing management,['marketing'],0,0,0,0,0,0,0,0,0,0,0,0,0,0,1,0,0,0,0,0,0,0,0,0,0
Rédaction de contrats,"{"" Leadership and Management"","" Writing""}",4.8,759.0,Mixed , 1 - 3 Months,"['Leadership and Management', 'Writing']",leadership and management | writing,"['leadership and management', 'writing']",0,0,0,0,0,0,0,0,0,0,0,1,0,0,0,0,0,0,0,0,0,0,0,0,1
Introduction to Cybersecurity & Risk Management,"{"" Leadership and Management"","" Risk Management""}",4.7,210.0,Beginner , 1 - 3 Months,"['Leadership and Management', 'Risk Management']",leadership and management | risk management,"['leadership and management', 'risk management']",0,0,0,0,0,0,0,0,0,0,0,1,0,0,0,0,0,0,0,0,1,0,0,0,0
FinTech Law and Policy,"{"" FinTech"","" Finance"","" Regulations and Compliance"","" Banking"","" Payments"","" Financial Management"","" BlockChain"","" Entrepreneurial Finance"","" Accounts Payable and Receivable"","" Securities Trading""}",4.8,813.0,Beginner , 1 - 3 Months,"['FinTech', 'Finance', 'Regulations and Compliance', 'Banking', 'Payments', 'Financial Management', 'BlockChain', 'Entrepreneurial Finance', 'Accounts Payable and Receivable', 'Securities Trading']",fintech | finance | regulations and compliance | banking | payments | financial management | blockchain | entrepreneurial finance | accounts payable and receivable | securities trading,['finance'],0,0,0,0,0,0,0,0,0,1,0,0,0,0,0,0,0,0,0,0,0,0,0,0,0
Introduction to Logic,"{"" Computational Logic"","" Mathematics"","" Problem Solving"","" Critical Thinking""}",4.4,624.0,Intermediate , 1 - 3 Months,"['Computational Logic', 'Mathematics', 'Problem Solving', 'Critical Thinking']",computational logic | mathematics | problem solving | critical thinking,"['problem solving', 'critical thinking']",0,0,0,0,0,1,0,0,0,0,0,0,0,0,0,0,0,1,0,0,0,0,0,0,0
Financing and Investing in Infrastructure,"{"" Finance"","" Investment Management"","" Leadership and Management"","" Project Management"","" Financial Analysis"","" Financial Management"","" Risk Management"","" Strategy and Operations"","" Contract Management"","" Business Analysis""}",4.8,1900.0,Mixed , 1 - 3 Months,"['Finance', 'Investment Management', 'Leadership and Management', 'Project Management', 'Financial Analysis', 'Financial Management', 'Risk Management', 'Strategy and Operations', 'Contract Management', 'Business Analysis']",finance | investment management | leadership and management | project management | financial analysis | financial management | risk management | strategy and operations | contract management | business analysis,"['finance', 'leadership and management', 'project management', 'risk management', 'strategy and operations', 'business analysis']",0,1,0,0,0,0,0,0,0,1,0,1,0,0,0,0,0,0,1,0,1,0,0,1,0
SAS Advanced Programmer,"{"" SAS (Software)"","" Statistical Programming"","" SQL"","" Databases"","" Computer Programming"","" Data Analysis"","" Data Management""}",4.8,345.0,Intermediate , 3 - 6 Months,"['SAS (Software)', 'Statistical Programming', 'SQL', 'Databases', 'Computer Programming', 'Data Analysis', 'Data Management']",sas (software) | statistical programming | sql | databases | computer programming | data analysis | data management,"['sql', 'computer programming', 'data analysis', 'data management']",0,0,0,0,1,0,1,1,0,0,0,0,0,0,0,0,0,0,0,0,0,1,0,0,0
"Innovation Through Design: Think, Make, Break, Repeat","{"" Creativity"","" Critical Thinking"","" Design and Product"","" Innovation"","" Interactive Design"","" Problem Solving"","" Product Design"","" Research and Design"","" User Experience"","" User Experience Design""}",4.7,1800.0,Beginner , 1 - 3 Months,"['Creativity', 'Critical Thinking', 'Design and Product', 'Innovation', 'Interactive Design', 'Problem Solving', 'Product Design', 'Research and Design', 'User Experience', 'User Experience Design']",creativity | critical thinking | design and product | innovation | interactive design | problem solving | product design | research and design | user experience | user experience design,"['critical thinking', 'problem solving']",0,0,0,0,0,1,0,0,0,0,0,0,0,0,0,0,0,1,0,0,0,0,0,0,0
Introduction to Public Speaking,"{"" Communication"","" Critical Thinking"","" Decision Making"","" Human Learning"","" Problem Solving"","" Process Analysis"","" Strategy"","" Continuous Delivery"","" Creativity"","" Professional Development"","" Writing""}",4.8,2000.0,Beginner , 1 - 3 Months,"['Communication', 'Critical Thinking', 'Decision Making', 'Human Learning', 'Problem Solving', 'Process Analysis', 'Strategy', 'Continuous Delivery', 'Creativity', 'Professional Development', 'Writing']",communication | critical thinking | decision making | human learning | problem solving | process analysis | strategy | continuous delivery | creativity | professional development | writing,"['communication', 'critical thinking', 'decision making', 'human learning', 'problem solving', 'strategy', 'writing']",0,0,0,1,0,1,0,0,1,0,1,0,0,0,0,0,0,1,0,0,0,0,1,0,1
The Social Context of Mental Health and Illness,"{"" Communication""}",4.7,510.0,Mixed , 1 - 3 Months,['Communication'],communication,['communication'],0,0,0,1,0,0,0,0,0,0,0,0,0,0,0,0,0,0,0,0,0,0,0,0,0
Blockchain Revolution in Financial Services,"{"" BlockChain"","" Finance"","" Cryptography"","" FinTech"","" Business Transformation"","" Innovation"","" Distributed Computing Architecture"","" Payments"","" Leadership and Management"","" System Security"","" Network Security"","" Accounting"","" Banking"","" Business Process Management"","" Financial Accounting"","" Financial Management"","" Organizational Development"","" Problem Solving"","" Security Strategy"","" Planning""}",4.7,923.0,Beginner , 3 - 6 Months,"['BlockChain', 'Finance', 'Cryptography', 'FinTech', 'Business Transformation', 'Innovation', 'Distributed Computing Architecture', 'Payments', 'Leadership and Management', 'System Security', 'Network Security', 'Accounting', 'Banking', 'Business Process Management', 'Financial Accounting', 'Financial Management', 'Organizational Development', 'Problem Solving', 'Security Strategy', 'Planning']",blockchain | finance | cryptography | fintech | business transformation | innovation | distributed computing architecture | payments | leadership and management | system security | network security | accounting | banking | business process management | financial accounting | financial management | organizational development | problem solving | security strategy | planning,"['finance', 'leadership and management', 'problem solving', 'planning']",0,0,0,0,0,0,0,0,0,1,0,1,0,0,0,1,0,1,0,0,0,0,0,0,0
Diversité et inclusion sur le lieu de travail,"{"" Business Communication"","" Business Psychology"","" Collaboration"","" Conflict Management"","" Emotional Intelligence"","" Entrepreneurship"","" HR Tech"","" People Management"","" Strategy"","" Strategy and Operations""}",4.9,8.0,Beginner , 1 - 4 Weeks,"['Business Communication', 'Business Psychology', 'Collaboration', 'Conflict Management', 'Emotional Intelligence', 'Entrepreneurship', 'HR Tech', 'People Management', 'Strategy', 'Strategy and Operations']",business communication | business psychology | collaboration | conflict management | emotional intelligence | entrepreneurship | hr tech | people management | strategy | strategy and operations,"['strategy', 'strategy and operations']",0,0,0,0,0,0,0,0,0,0,0,0,0,0,0,0,0,0,0,0,0,0,1,1,0
Introduction to Industrial Bioprocess Development,"{"" Experiment""}",4.8,115.0,Beginner , 1 - 3 Months,['Experiment'],experiment,[],0,0,0,0,0,0,0,0,0,0,0,0,0,0,0,0,0,0,0,0,0,0,0,0,0
Creative Writing: The Craft of Plot,"{"" Storytelling""}",4.7,4700.0,Mixed , 1 - 4 Weeks,['Storytelling'],storytelling,[],0,0,0,0,0,0,0,0,0,0,0,0,0,0,0,0,0,0,0,0,0,0,0,0,0
Foundations of Software Testing and Validation,"{"" Software Testing""}",4.7,73.0,Beginner , 1 - 4 Weeks,['Software Testing'],software testing,[],0,0,0,0,0,0,0,0,0,0,0,0,0,0,0,0,0,0,0,0,0,0,0,0,0
Responsive Website Development and Design,"{"" Web Development"","" Front-End Web Development"","" Javascript"","" Web Development Tools"","" Web Design"","" HTML and CSS"","" Interactive Design"","" Databases"","" Computer Programming"","" Programming Principles"","" Database Application"","" Back-End Web Development"","" User Experience"","" Decision Making"","" Design and Product"","" Application Development"","" Computational Thinking"","" Problem Solving"","" Process Analysis""}",4.5,7500.0,Beginner , 3 - 6 Months,"['Web Development', 'Front-End Web Development', 'Javascript', 'Web Development Tools', 'Web Design', 'HTML and CSS', 'Interactive Design', 'Databases', 'Computer Programming', 'Programming Principles', 'Database Application', 'Back-End Web Development', 'User Experience', 'Decision Making', 'Design and Product', 'Application Development', 'Computational Thinking', 'Problem Solving', 'Process Analysis']",web development | front-end web development | javascript | web development tools | web design | html and css | interactive design | databases | computer programming | programming principles | database application | back-end web development | user experience | decision making | design and product | application development | computational thinking | problem solving | process analysis,"['computer programming', 'decision making', 'problem solving']",0,0,0,0,1,0,0,0,1,0,0,0,0,0,0,0,0,1,0,0,0,0,0,0,0
High Stakes Leadership: Leading in Times of Crisis,"{"" Leadership and Management"","" Leadership Development"","" Entrepreneurship"","" Business Psychology"","" Finance"","" Human Resources"","" Human Resources Operations"","" Organizational Development"","" Risk Management"","" Communication"","" Change Management""}",4.7,407.0,Intermediate , 1 - 4 Weeks,"['Leadership and Management', 'Leadership Development', 'Entrepreneurship', 'Business Psychology', 'Finance', 'Human Resources', 'Human Resources Operations', 'Organizational Development', 'Risk Management', 'Communication', 'Change Management']",leadership and management | leadership development | entrepreneurship | business psychology | finance | human resources | human resources operations | organizational development | risk management | communication | change management,"['leadership and management', 'finance', 'risk management', 'communication']",0,0,0,1,0,0,0,0,0,1,0,1,0,0,0,0,0,0,0,0,1,0,0,0,0
Web3 and Blockchain in Global Commerce,"{"" BlockChain"","" Finance"","" Leadership and Management"","" Cryptography"","" FinTech"","" Innovation"","" Strategy"","" Strategy and Operations"","" Business Transformation"","" Risk Management"","" System Security"","" Distributed Computing Architecture"","" Network Model"","" Network Security"","" Internet Of Things"","" Software Security""}",4.7,46.0,Beginner , 3 - 6 Months,"['BlockChain', 'Finance', 'Leadership and Management', 'Cryptography', 'FinTech', 'Innovation', 'Strategy', 'Strategy and Operations', 'Business Transformation', 'Risk Management', 'System Security', 'Distributed Computing Architecture', 'Network Model', 'Network Security', 'Internet Of Things', 'Software Security']",blockchain | finance | leadership and management | cryptography | fintech | innovation | strategy | strategy and operations | business transformation | risk management | system security | distributed computing architecture | network model | network security | internet of things | software security,"['finance', 'leadership and management', 'strategy', 'strategy and operations', 'risk management']",0,0,0,0,0,0,0,0,0,1,0,1,0,0,0,0,0,0,0,0,1,0,1,1,0
Building Scalable Java Microservices with Spring Boot and Spring Cloud,"{"" Cloud Applications"","" Cloud Computing"","" Cloud Infrastructure"","" Cloud Platforms"","" Google App Engine"","" Google Cloud Platform"","" Java Programming"","" Kubernetes""}",4.3,1200.0,Intermediate , 1 - 4 Weeks,"['Cloud Applications', 'Cloud Computing', 'Cloud Infrastructure', 'Cloud Platforms', 'Google App Engine', 'Google Cloud Platform', 'Java Programming', 'Kubernetes']",cloud applications | cloud computing | cloud infrastructure | cloud platforms | google app engine | google cloud platform | java programming | kubernetes,['cloud computing'],0,0,1,0,0,0,0,0,0,0,0,0,0,0,0,0,0,0,0,0,0,0,0,0,0
GenAI for Everyone,"{"" Critical Thinking"","" Problem Solving""}",4.2,88.0,Beginner , 1 - 4 Weeks,"['Critical Thinking', 'Problem Solving']",critical thinking | problem solving,"['critical thinking', 'problem solving']",0,0,0,0,0,1,0,0,0,0,0,0,0,0,0,0,0,1,0,0,0,0,0,0,0
Excel Fundamentals for Data Analysis,"{"" Business Analysis"","" Spreadsheet Software"","" Data Analysis"","" Leadership and Management"","" Microsoft Excel""}",4.8,3500.0,Intermediate , 1 - 3 Months,"['Business Analysis', 'Spreadsheet Software', 'Data Analysis', 'Leadership and Management', 'Microsoft Excel']",business analysis | spreadsheet software | data analysis | leadership and management | microsoft excel,"['business analysis', 'data analysis', 'leadership and management']",0,1,0,0,0,0,1,0,0,0,0,1,0,0,0,0,0,0,0,0,0,0,0,0,0
Formal Financial Accounting,"{"" Accounting"","" Accounts Payable and Receivable"","" Finance"","" Financial Accounting"","" General Accounting"","" Generally Accepted Accounting Principles (GAAP)"","" Payments"","" Cost Accounting"","" Financial Analysis""}",4.8,357.0,Beginner , 1 - 3 Months,"['Accounting', 'Accounts Payable and Receivable', 'Finance', 'Financial Accounting', 'General Accounting', 'Generally Accepted Accounting Principles (GAAP)', 'Payments', 'Cost Accounting', 'Financial Analysis']",accounting | accounts payable and receivable | finance | financial accounting | general accounting | generally accepted accounting principles (gaap) | payments | cost accounting | financial analysis,['finance'],0,0,0,0,0,0,0,0,0,1,0,0,0,0,0,0,0,0,0,0,0,0,0,0,0
Cost and Economics in Pricing Strategy,"{"" Entrepreneurship"","" Leadership and Management"","" Marketing"","" Sales"","" Strategy"","" Strategy and Operations"","" Business Analysis"","" Design and Product"","" Product Management"","" Product Strategy""}",4.8,649.0,Beginner , 1 - 4 Weeks,"['Entrepreneurship', 'Leadership and Management', 'Marketing', 'Sales', 'Strategy', 'Strategy and Operations', 'Business Analysis', 'Design and Product', 'Product Management', 'Product Strategy']",entrepreneurship | leadership and management | marketing | sales | strategy | strategy and operations | business analysis | design and product | product management | product strategy,"['leadership and management', 'marketing', 'strategy', 'strategy and operations', 'business analysis']",0,1,0,0,0,0,0,0,0,0,0,1,0,0,1,0,0,0,0,0,0,0,1,1,0
Essentials of Management and Strategic Planning,"{"" Entrepreneurship"","" Leadership and Management"","" Strategy and Operations"","" Marketing"","" People Management"","" Planning"","" Sales"","" Strategy"","" Supply Chain and Logistics""}",4.6,92.0,Beginner , 1 - 4 Weeks,"['Entrepreneurship', 'Leadership and Management', 'Strategy and Operations', 'Marketing', 'People Management', 'Planning', 'Sales', 'Strategy', 'Supply Chain and Logistics']",entrepreneurship | leadership and management | strategy and operations | marketing | people management | planning | sales | strategy | supply chain and logistics,"['leadership and management', 'strategy and operations', 'marketing', 'planning', 'strategy']",0,0,0,0,0,0,0,0,0,0,0,1,0,0,1,1,0,0,0,0,0,0,1,1,0
English for Journalism,"{"" Journalism""}",4.8,2700.0,Mixed , 1 - 3 Months,['Journalism'],journalism,[],0,0,0,0,0,0,0,0,0,0,0,0,0,0,0,0,0,0,0,0,0,0,0,0,0
Marketing Digital,"{"" Digital Marketing"","" Marketing"","" Customer Analysis"","" Market Analysis"","" Social Media"","" E-Commerce"","" Strategy"","" Marketing Design"","" Media Strategy & Planning"","" Product Marketing"","" Search Engine Optimization""}",4.8,2100.0,Beginner , 1 - 3 Months,"['Digital Marketing', 'Marketing', 'Customer Analysis', 'Market Analysis', 'Social Media', 'E-Commerce', 'Strategy', 'Marketing Design', 'Media Strategy & Planning', 'Product Marketing', 'Search Engine Optimization']",digital marketing | marketing | customer analysis | market analysis | social media | e-commerce | strategy | marketing design | media strategy & planning | product marketing | search engine optimization,"['marketing', 'strategy']",0,0,0,0,0,0,0,0,0,0,0,0,0,0,1,0,0,0,0,0,0,0,1,0,0
Fundamentals of Technology Sales,"{"" Communication"","" Problem Solving"","" Sales"","" Business Communication"","" Decision Making"","" Sales Systems"","" Negotiation""}",4.6,69.0,Beginner , 1 - 3 Months,"['Communication', 'Problem Solving', 'Sales', 'Business Communication', 'Decision Making', 'Sales Systems', 'Negotiation']",communication | problem solving | sales | business communication | decision making | sales systems | negotiation,"['communication', 'problem solving', 'decision making']",0,0,0,1,0,0,0,0,1,0,0,0,0,0,0,0,0,1,0,0,0,0,0,0,0
Aboriginal Worldviews and Education,"{"" Critical Thinking""}",4.7,432.0,Beginner , 1 - 3 Months,['Critical Thinking'],critical thinking,['critical thinking'],0,0,0,0,0,1,0,0,0,0,0,0,0,0,0,0,0,0,0,0,0,0,0,0,0
Entrepreneurship Strategy: From Ideation to Exit,"{"" Entrepreneurship"","" Leadership and Management"","" Strategy and Operations"","" Business Development"","" Strategy"","" Decision Making"","" Entrepreneurial Finance"","" Marketing"","" Organizational Development"","" People Development"","" Sales""}",4.8,875.0,Beginner , 1 - 4 Weeks,"['Entrepreneurship', 'Leadership and Management', 'Strategy and Operations', 'Business Development', 'Strategy', 'Decision Making', 'Entrepreneurial Finance', 'Marketing', 'Organizational Development', 'People Development', 'Sales']",entrepreneurship | leadership and management | strategy and operations | business development | strategy | decision making | entrepreneurial finance | marketing | organizational development | people development | sales,"['leadership and management', 'strategy and operations', 'strategy', 'decision making', 'marketing']",0,0,0,0,0,0,0,0,1,0,0,1,0,0,1,0,0,0,0,0,0,0,1,1,0
The hidden value – Lean in manufacturing and services,"{"" Strategy and Operations"","" Operations Management"","" Entrepreneurship"","" Performance Management"","" Business Process Management"","" Business Analysis"","" Business Psychology"","" Leadership and Management"","" Organizational Development""}",4.8,773.0,Beginner , 1 - 4 Weeks,"['Strategy and Operations', 'Operations Management', 'Entrepreneurship', 'Performance Management', 'Business Process Management', 'Business Analysis', 'Business Psychology', 'Leadership and Management', 'Organizational Development']",strategy and operations | operations management | entrepreneurship | performance management | business process management | business analysis | business psychology | leadership and management | organizational development,"['strategy and operations', 'business analysis', 'leadership and management']",0,1,0,0,0,0,0,0,0,0,0,1,0,0,0,0,0,0,0,0,0,0,0,1,0
Spreadsheets for Beginners using Google Sheets,"{"" Data Analysis"","" Microsoft Excel""}",4.7,2100.0,Beginner , Less Than 2 Hours,"['Data Analysis', 'Microsoft Excel']",data analysis | microsoft excel,['data analysis'],0,0,0,0,0,0,1,0,0,0,0,0,0,0,0,0,0,0,0,0,0,0,0,0,0
AI and Climate Change,"{"" Computer Vision""}",4.8,46.0,Beginner , 1 - 4 Weeks,['Computer Vision'],computer vision,[],0,0,0,0,0,0,0,0,0,0,0,0,0,0,0,0,0,0,0,0,0,0,0,0,0
Finanzas personales,"{"" Behavioral Economics"","" Benefits"","" Finance"","" Negotiation"","" Planning"","" Account Management"","" Emotional Intelligence"","" Investment Management"","" Strategy"","" Strategy and Operations""}",4.8,8100.0,Mixed , 1 - 3 Months,"['Behavioral Economics', 'Benefits', 'Finance', 'Negotiation', 'Planning', 'Account Management', 'Emotional Intelligence', 'Investment Management', 'Strategy', 'Strategy and Operations']",behavioral economics | benefits | finance | negotiation | planning | account management | emotional intelligence | investment management | strategy | strategy and operations,"['finance', 'planning', 'strategy', 'strategy and operations']",0,0,0,0,0,0,0,0,0,1,0,0,0,0,0,1,0,0,0,0,0,0,1,1,0
Social and Economic Networks:  Models and Analysis,"{"" Network Analysis"","" Probability Distribution"","" Network Architecture"","" Mathematical Theory & Analysis"","" Statistical Analysis""}",4.8,714.0,Advanced , 1 - 3 Months,"['Network Analysis', 'Probability Distribution', 'Network Architecture', 'Mathematical Theory & Analysis', 'Statistical Analysis']",network analysis | probability distribution | network architecture | mathematical theory & analysis | statistical analysis,[],0,0,0,0,0,0,0,0,0,0,0,0,0,0,0,0,0,0,0,0,0,0,0,0,0
Business and Marketing Strategies,"{"" Leadership and Management"","" Strategy"","" Strategy and Operations"","" Market Analysis"","" Marketing"","" Marketing Management"","" Market Research"","" Operations Management""}",4.4,130.0,Beginner , 3 - 6 Months,"['Leadership and Management', 'Strategy', 'Strategy and Operations', 'Market Analysis', 'Marketing', 'Marketing Management', 'Market Research', 'Operations Management']",leadership and management | strategy | strategy and operations | market analysis | marketing | marketing management | market research | operations management,"['leadership and management', 'strategy', 'strategy and operations', 'marketing']",0,0,0,0,0,0,0,0,0,0,0,1,0,0,1,0,0,0,0,0,0,0,1,1,0
Interviewing and Resume Writing in English,"{"" Communication"","" Human Resources"","" Strategy"","" Writing"","" Business Communication"","" Leadership and Management"","" Marketing"","" Recruitment"","" Critical Thinking"","" Professional Development"","" Decision Making""}",4.6,710.0,Intermediate , 3 - 6 Months,"['Communication', 'Human Resources', 'Strategy', 'Writing', 'Business Communication', 'Leadership and Management', 'Marketing', 'Recruitment', 'Critical Thinking', 'Professional Development', 'Decision Making']",communication | human resources | strategy | writing | business communication | leadership and management | marketing | recruitment | critical thinking | professional development | decision making,"['communication', 'strategy', 'writing', 'leadership and management', 'marketing', 'critical thinking', 'decision making']",0,0,0,1,0,1,0,0,1,0,0,1,0,0,1,0,0,0,0,0,0,0,1,0,1
Strategic Sales Management,"{"" Sales"","" Marketing"","" Strategy"","" Leadership and Management"","" Strategy and Operations"","" Customer Relationship Management"","" B2B Sales"","" Decision Making"","" Customer Analysis"","" Entrepreneurship"","" Market Analysis"","" Business Analysis"","" Business Intelligence""}",4.5,427.0,Intermediate , 3 - 6 Months,"['Sales', 'Marketing', 'Strategy', 'Leadership and Management', 'Strategy and Operations', 'Customer Relationship Management', 'B2B Sales', 'Decision Making', 'Customer Analysis', 'Entrepreneurship', 'Market Analysis', 'Business Analysis', 'Business Intelligence']",sales | marketing | strategy | leadership and management | strategy and operations | customer relationship management | b2b sales | decision making | customer analysis | entrepreneurship | market analysis | business analysis | business intelligence,"['marketing', 'strategy', 'leadership and management', 'strategy and operations', 'decision making', 'business analysis']",0,1,0,0,0,0,0,0,1,0,0,1,0,0,1,0,0,0,0,0,0,0,1,1,0
Essentials of Corporate Finance,"{"" Finance"","" Investment Management"","" Financial Analysis"","" Risk Management"","" Financial Management"","" Leadership and Management"","" Accounting"","" Financial Accounting"","" Management Accounting"","" Business Analysis"","" Decision Making"","" Market Analysis"","" Accounts Payable and Receivable"","" Cash Management"","" General Accounting"","" Securities Trading"","" Account Management"","" Operational Analysis"","" Banking"","" Correlation And Dependence"","" Probability & Statistics""}",4.6,1800.0,Intermediate , 3 - 6 Months,"['Finance', 'Investment Management', 'Financial Analysis', 'Risk Management', 'Financial Management', 'Leadership and Management', 'Accounting', 'Financial Accounting', 'Management Accounting', 'Business Analysis', 'Decision Making', 'Market Analysis', 'Accounts Payable and Receivable', 'Cash Management', 'General Accounting', 'Securities Trading', 'Account Management', 'Operational Analysis', 'Banking', 'Correlation And Dependence', 'Probability & Statistics']",finance | investment management | financial analysis | risk management | financial management | leadership and management | accounting | financial accounting | management accounting | business analysis | decision making | market analysis | accounts payable and receivable | cash management | general accounting | securities trading | account management | operational analysis | banking | correlation and dependence | probability & statistics,"['finance', 'risk management', 'leadership and management', 'business analysis', 'decision making', 'probability & statistics']",0,1,0,0,0,0,0,0,1,1,0,1,0,0,0,0,1,0,0,0,1,0,0,0,0
Innovation: From Creativity to Entrepreneurship,"{"" Entrepreneurship"","" Leadership and Management"","" Innovation"","" Strategy"","" Strategy and Operations"","" Research and Design"","" Creativity"","" Critical Thinking"","" Marketing"","" Business Psychology"","" Decision Making"","" Business Analysis"","" Business Development"","" Communication"","" Human Learning"","" Problem Solving"","" People Analysis"","" Sales"","" Collaboration"","" Emotional Intelligence"","" Influencing"","" Product Strategy"","" Business Design"","" Human Resources"","" People Management"","" Storytelling"","" Entrepreneurial Finance"","" Market Analysis"","" Experiment"","" Finance""}",4.8,3200.0,Beginner , 3 - 6 Months,"['Entrepreneurship', 'Leadership and Management', 'Innovation', 'Strategy', 'Strategy and Operations', 'Research and Design', 'Creativity', 'Critical Thinking', 'Marketing', 'Business Psychology', 'Decision Making', 'Business Analysis', 'Business Development', 'Communication', 'Human Learning', 'Problem Solving', 'People Analysis', 'Sales', 'Collaboration', 'Emotional Intelligence', 'Influencing', 'Product Strategy', 'Business Design', 'Human Resources', 'People Management', 'Storytelling', 'Entrepreneurial Finance', 'Market Analysis', 'Experiment', 'Finance']",entrepreneurship | leadership and management | innovation | strategy | strategy and operations | research and design | creativity | critical thinking | marketing | business psychology | decision making | business analysis | business development | communication | human learning | problem solving | people analysis | sales | collaboration | emotional intelligence | influencing | product strategy | business design | human resources | people management | storytelling | entrepreneurial finance | market analysis | experiment | finance,"['leadership and management', 'strategy', 'strategy and operations', 'critical thinking', 'marketing', 'decision making', 'business analysis', 'communication', 'human learning', 'problem solving', 'finance']",0,1,0,1,0,1,0,0,1,1,1,1,0,0,1,0,0,1,0,0,0,0,1,1,0
Excel for Beginners: Pivot Tables,"{"" Microsoft Excel""}",4.6,52.0,Beginner , Less Than 2 Hours,['Microsoft Excel'],microsoft excel,[],0,0,0,0,0,0,0,0,0,0,0,0,0,0,0,0,0,0,0,0,0,0,0,0,0
